# Blender 4.4.3
# www.blender.org
mtllib mushroom_tower.mtl
o mushroom_tower_stem
v 0.000000 0.000000 0.000000
v 0.980389 0.000000 0.000000
v 0.949444 0.000000 -0.254403
v 0.846163 0.000000 -0.488533
v 0.685106 0.000000 -0.685106
v 0.488486 0.000000 -0.846082
v 0.260809 0.000000 -0.973352
v 0.000000 0.000000 -1.037306
v -0.273067 0.000000 -1.019101
v -0.518720 0.000000 -0.898450
v -0.705803 0.000000 -0.705803
v -0.845936 0.000000 -0.488402
v -0.955344 0.000000 -0.255984
v -1.009863 0.000000 -0.000000
v -0.989667 0.000000 0.265181
v -0.895337 0.000000 0.516923
v -0.734268 0.000000 0.734268
v -0.517472 0.000000 0.896288
v -0.265322 0.000000 0.990195
v -0.000000 0.000000 1.016993
v 0.265618 0.000000 0.991298
v 0.518115 0.000000 0.897401
v 0.722613 0.000000 0.722613
v 0.860067 0.000000 0.496560
v 0.944175 0.000000 0.252991
v 0.895887 0.529409 -0.003483
v 0.873011 0.529409 -0.237622
v 0.784692 0.529409 -0.456990
v 0.640265 0.529409 -0.644553
v 0.456818 0.529409 -0.796109
v 0.240839 0.529409 -0.905311
v -0.000804 0.529409 -0.950077
v -0.248706 0.529409 -0.928665
v -0.475963 0.529409 -0.826483
v -0.653967 0.529409 -0.656646
v -0.776761 0.529409 -0.451482
v -0.854135 0.529409 -0.232133
v -0.890263 0.529409 -0.003483
v -0.871409 0.529409 0.229794
v -0.797592 0.529409 0.456542
v -0.666794 0.529409 0.662506
v -0.478502 0.529409 0.823912
v -0.247605 0.529409 0.917587
v -0.000804 0.529409 0.939911
v 0.243014 0.529409 0.906460
v 0.468449 0.529409 0.809287
v 0.652391 0.529409 0.649712
v 0.782644 0.529409 0.448841
v 0.862881 0.529409 0.227941
v 0.882342 1.058819 -0.010560
v 0.866100 1.058819 -0.243284
v 0.787618 1.058819 -0.466699
v 0.648064 1.058819 -0.661062
v 0.460616 1.058819 -0.812593
v 0.238183 1.058819 -0.908573
v -0.002439 1.058819 -0.936801
v -0.242865 1.058819 -0.907844
v -0.467822 1.058819 -0.816628
v -0.655558 1.058819 -0.663679
v -0.785943 1.058819 -0.462916
v -0.853942 1.058819 -0.238719
v -0.875110 1.058819 -0.010560
v -0.841832 1.058819 0.214355
v -0.765061 1.058819 0.429741
v -0.643888 1.058819 0.630890
v -0.468723 1.058819 0.797069
v -0.245332 1.058819 0.895933
v -0.002439 1.058819 0.916292
v 0.234739 1.058819 0.874599
v 0.449365 1.058819 0.771987
v 0.628874 1.058819 0.620753
v 0.764611 1.058819 0.432297
v 0.848965 1.058819 0.217573
v 0.891786 1.588228 -0.020202
v 0.876937 1.588228 -0.256427
v 0.799984 1.588228 -0.484766
v 0.657805 1.588228 -0.682672
v 0.463565 1.588228 -0.831201
v 0.236047 1.588228 -0.918553
v -0.004665 1.588228 -0.940747
v -0.242737 1.588228 -0.908698
v -0.467807 1.588228 -0.822387
v -0.663812 1.588228 -0.679349
v -0.807296 1.588228 -0.483601
v -0.882619 1.588228 -0.255449
v -0.899629 1.588228 -0.020202
v -0.854089 1.588228 0.207400
v -0.766162 1.588228 0.419448
v -0.639504 1.588228 0.614636
v -0.463671 1.588228 0.774819
v -0.242459 1.588228 0.867257
v -0.004665 1.588228 0.881317
v 0.225332 1.588228 0.838160
v 0.436453 1.588228 0.743837
v 0.621154 1.588228 0.605617
v 0.766691 1.588228 0.425141
v 0.857077 1.588228 0.210701
v 0.854547 2.117637 -0.032011
v 0.834375 2.117637 -0.257562
v 0.755113 2.117637 -0.472243
v 0.616810 2.117637 -0.656213
v 0.432374 2.117637 -0.793709
v 0.219139 2.117637 -0.877436
v -0.007392 2.117637 -0.904796
v -0.234190 2.117637 -0.878431
v -0.449711 2.117637 -0.798130
v -0.638082 2.117637 -0.662700
v -0.777591 2.117637 -0.476685
v -0.854501 2.117637 -0.258993
v -0.873724 2.117637 -0.032011
v -0.825794 2.117637 0.187279
v -0.731827 2.117637 0.386242
v -0.600220 2.117637 0.560817
v -0.428986 2.117637 0.698210
v -0.224816 2.117637 0.779423
v -0.007392 2.117637 0.798809
v 0.207498 2.117637 0.769971
v 0.413672 2.117637 0.697295
v 0.598247 2.117637 0.573628
v 0.740631 2.117637 0.399861
v 0.825781 2.117637 0.191237
v 0.745345 2.647046 -0.045746
v 0.719659 2.647046 -0.241409
v 0.643728 2.647046 -0.423502
v 0.523951 2.647046 -0.580261
v 0.369675 2.647046 -0.704340
v 0.188641 2.647046 -0.789192
v -0.010564 2.647046 -0.823772
v -0.213739 2.647046 -0.804005
v -0.405987 2.647046 -0.730639
v -0.570442 2.647046 -0.605623
v -0.688912 2.647046 -0.437390
v -0.755630 2.647046 -0.245386
v -0.777470 2.647046 -0.045746
v -0.739643 2.647046 0.149610
v -0.655040 2.647046 0.326342
v -0.531307 2.647046 0.474996
v -0.375714 2.647046 0.586712
v -0.199206 2.647046 0.658275
v -0.010564 2.647046 0.688994
v 0.183438 2.647046 0.678281
v 0.375627 2.647046 0.623157
v 0.543520 2.647046 0.508338
v 0.663470 2.647046 0.343408
v 0.729314 2.647046 0.152504
v 0.619621 3.176455 -0.061241
v 0.593126 3.176455 -0.223958
v 0.526030 3.176455 -0.373110
v 0.428441 3.176455 -0.503825
v 0.305818 3.176455 -0.615429
v 0.156858 3.176455 -0.699423
v -0.014143 3.176455 -0.735663
v -0.190256 3.176455 -0.718505
v -0.354960 3.176455 -0.651554
v -0.492840 3.176455 -0.539938
v -0.589742 3.176455 -0.393564
v -0.644690 3.176455 -0.230196
v -0.667076 3.176455 -0.061241
v -0.643209 3.176455 0.107317
v -0.576097 3.176455 0.263203
v -0.468125 3.176455 0.392741
v -0.330250 3.176455 0.486272
v -0.177280 3.176455 0.547596
v -0.014143 3.176455 0.580354
v 0.157223 3.176455 0.578306
v 0.328278 3.176455 0.531849
v 0.472176 3.176455 0.425078
v 0.567032 3.176455 0.274300
v 0.613807 3.176455 0.107017
v 0.540520 3.705865 -0.078372
v 0.516459 3.705865 -0.221606
v 0.458885 3.705865 -0.353758
v 0.374767 3.705865 -0.471238
v 0.267107 3.705865 -0.572362
v 0.134329 3.705865 -0.647238
v -0.018099 3.705865 -0.676366
v -0.173238 3.705865 -0.657361
v -0.318197 3.705865 -0.598157
v -0.443082 3.705865 -0.503356
v -0.535580 3.705865 -0.377139
v -0.589804 3.705865 -0.231560
v -0.609262 3.705865 -0.078372
v -0.587225 3.705865 0.074125
v -0.527914 3.705865 0.215971
v -0.432406 3.705865 0.335935
v -0.307983 3.705865 0.423723
v -0.167495 3.705865 0.479185
v -0.018099 3.705865 0.505414
v 0.136864 3.705865 0.499956
v 0.289532 3.705865 0.454460
v 0.416241 3.705865 0.355967
v 0.498256 3.705865 0.219746
v 0.537240 3.705865 0.070431
v 0.512733 4.235274 -0.097039
v 0.489382 4.235274 -0.234173
v 0.437788 4.235274 -0.362734
v 0.358668 4.235274 -0.478116
v 0.252438 4.235274 -0.573089
v 0.122116 4.235274 -0.636416
v -0.022409 4.235274 -0.654966
v -0.165900 4.235274 -0.632553
v -0.301895 4.235274 -0.581123
v -0.425580 4.235274 -0.500210
v -0.522795 4.235274 -0.385937
v -0.580572 4.235274 -0.246598
v -0.594864 4.235274 -0.097039
v -0.565323 4.235274 0.048434
v -0.505539 4.235274 0.181896
v -0.419210 4.235274 0.299762
v -0.305491 4.235274 0.393273
v -0.169771 4.235274 0.452922
v -0.022409 4.235274 0.475645
v 0.127404 4.235274 0.462073
v 0.270927 4.235274 0.411034
v 0.388927 4.235274 0.314297
v 0.466915 4.235274 0.185473
v 0.506698 4.235274 0.044735
v 0.513815 4.764683 -0.117163
v 0.490129 4.764683 -0.255742
v 0.439930 4.764683 -0.386778
v 0.359892 4.764683 -0.504112
v 0.249168 4.764683 -0.595598
v 0.115624 4.764683 -0.649656
v -0.027057 4.764683 -0.660221
v -0.166028 4.764683 -0.635810
v -0.299460 4.764683 -0.588979
v -0.423399 4.764683 -0.513506
v -0.520339 4.764683 -0.401960
v -0.575649 4.764683 -0.264158
v -0.585115 4.764683 -0.117163
v -0.550582 4.764683 0.023115
v -0.492120 4.764683 0.151341
v -0.413884 4.764683 0.269665
v -0.307588 4.764683 0.368731
v -0.173854 4.764683 0.430692
v -0.027057 4.764683 0.448814
v 0.119015 4.764683 0.427984
v 0.256859 4.764683 0.374594
v 0.371947 4.764683 0.281840
v 0.453066 4.764683 0.160036
v 0.500738 4.764683 0.024259
v 0.497422 5.294093 -0.138676
v 0.474470 5.294093 -0.274391
v 0.424960 5.294093 -0.402516
v 0.346169 5.294093 -0.516870
v 0.237506 5.294093 -0.605518
v 0.106924 5.294093 -0.657241
v -0.032025 5.294093 -0.667111
v -0.167309 5.294093 -0.643562
v -0.296643 5.294093 -0.597008
v -0.413618 5.294093 -0.520269
v -0.499897 5.294093 -0.408802
v -0.545377 5.294093 -0.276228
v -0.553363 5.294093 -0.138676
v -0.524869 5.294093 -0.006619
v -0.475113 5.294093 0.117141
v -0.403504 5.294093 0.232803
v -0.300878 5.294093 0.326991
v -0.171291 5.294093 0.381071
v -0.032025 5.294093 0.392228
v 0.104274 5.294093 0.369997
v 0.233861 5.294093 0.321852
v 0.345173 5.294093 0.238521
v 0.427744 5.294093 0.126772
v 0.480060 5.294093 -0.001463
v 0.440340 5.823502 -0.161521
v 0.423377 5.823502 -0.284960
v 0.382093 5.823502 -0.403658
v 0.311288 5.823502 -0.510110
v 0.211861 5.823502 -0.593081
v 0.091686 5.823502 -0.642907
v -0.037301 5.823502 -0.655368
v -0.164533 5.823502 -0.636358
v -0.285355 5.823502 -0.591164
v -0.390279 5.823502 -0.514499
v -0.461831 5.823502 -0.406624
v -0.494290 5.823502 -0.283971
v -0.500902 5.823502 -0.161521
v -0.483427 5.823502 -0.041982
v -0.444098 5.823502 0.073343
v -0.377578 5.823502 0.178756
v -0.280380 5.823502 0.259504
v -0.161660 5.823502 0.302596
v -0.037301 5.823502 0.308983
v 0.082922 5.823502 0.287155
v 0.196462 5.823502 0.243367
v 0.296219 5.823502 0.171998
v 0.373285 5.823502 0.075530
v 0.422832 5.823502 -0.038229
v 0.374533 6.352911 -0.185649
v 0.364399 6.352911 -0.294777
v 0.332080 6.352911 -0.402128
v 0.269200 6.352911 -0.497721
v 0.179308 6.352911 -0.570476
v 0.071900 6.352911 -0.613984
v -0.042872 6.352911 -0.627057
v -0.157316 6.352911 -0.612757
v -0.266193 6.352911 -0.572451
v -0.360063 6.352911 -0.502840
v -0.423557 6.352911 -0.405437
v -0.450464 6.352911 -0.294863
v -0.455601 6.352911 -0.185649
v -0.443766 6.352911 -0.078230
v -0.408829 6.352911 0.025637
v -0.345875 6.352911 0.117354
v -0.257395 6.352911 0.185915
v -0.152772 6.352911 0.224504
v -0.042872 6.352911 0.232482
v 0.063673 6.352911 0.211983
v 0.161854 6.352911 0.168949
v 0.248434 6.352911 0.105658
v 0.316671 6.352911 0.021933
v 0.359425 6.352911 -0.077853
v 0.333751 6.882320 -0.211014
v 0.326768 6.882320 -0.311628
v 0.297764 6.882320 -0.411063
v 0.238031 6.882320 -0.497775
v 0.153450 6.882320 -0.561199
v 0.054944 6.882320 -0.597932
v -0.048730 6.882320 -0.609585
v -0.152256 6.882320 -0.597378
v -0.251258 6.882320 -0.561803
v -0.338278 6.882320 -0.500562
v -0.400014 6.882320 -0.413828
v -0.427825 6.882320 -0.312592
v -0.432311 6.882320 -0.211014
v -0.420987 6.882320 -0.111268
v -0.386435 6.882320 -0.016040
v -0.326167 6.882320 0.066423
v -0.245022 6.882320 0.128974
v -0.150196 6.882320 0.167662
v -0.048730 6.882320 0.178885
v 0.050680 6.882320 0.159987
v 0.140779 6.882320 0.117225
v 0.219844 6.882320 0.057560
v 0.282316 6.882320 -0.019884
v 0.320481 6.882320 -0.112084
v 0.326041 7.411730 -0.237578
v 0.316309 7.411730 -0.337034
v 0.284810 7.411730 -0.433690
v 0.224419 7.411730 -0.516862
v 0.141326 7.411730 -0.577391
v 0.045763 7.411730 -0.613126
v -0.054865 7.411730 -0.625163
v -0.155367 7.411730 -0.612660
v -0.250393 7.411730 -0.576244
v -0.333018 7.411730 -0.515732
v -0.393081 7.411730 -0.432848
v -0.423410 7.411730 -0.336330
v -0.430096 7.411730 -0.237578
v -0.419379 7.411730 -0.139907
v -0.385283 7.411730 -0.046811
v -0.325936 7.411730 0.033494
v -0.246048 7.411730 0.093561
v -0.153512 7.411730 0.130579
v -0.054865 7.411730 0.142422
v 0.042630 7.411730 0.126277
v 0.132886 7.411730 0.087616
v 0.213724 7.411730 0.031010
v 0.277630 7.411730 -0.045613
v 0.315253 7.411730 -0.138405
v 0.336293 7.941139 -0.265306
v 0.320348 7.941139 -0.367560
v 0.284097 7.941139 -0.464703
v 0.221722 7.941139 -0.548296
v 0.138267 7.941139 -0.610911
v 0.042046 7.941139 -0.650878
v -0.061268 7.941139 -0.666332
v -0.165009 7.941139 -0.652475
v -0.260412 7.941139 -0.610234
v -0.340402 7.941139 -0.544440
v -0.400417 7.941139 -0.461114
v -0.436779 7.941139 -0.365924
v -0.448514 7.941139 -0.265306
v -0.437200 7.941139 -0.164576
v -0.400317 7.941139 -0.069557
v -0.337839 7.941139 0.011264
v -0.254858 7.941139 0.070001
v -0.160783 7.941139 0.106088
v -0.061268 7.941139 0.120416
v 0.038944 7.941139 0.108689
v 0.134308 7.941139 0.073440
v 0.221068 7.941139 0.017030
v 0.289738 7.941139 -0.062653
v 0.328843 7.941139 -0.160777
v 0.346074 8.470549 -0.294167
v 0.324976 8.470549 -0.399446
v 0.284094 8.470549 -0.497410
v 0.219491 8.470549 -0.581591
v 0.135264 8.470549 -0.646114
v 0.038107 8.470549 -0.689913
v -0.067933 8.470549 -0.708529
v -0.174776 8.470549 -0.692913
v -0.270711 8.470549 -0.645390
v -0.349700 8.470549 -0.575934
v -0.412538 8.470549 -0.493125
v -0.456827 8.470549 -0.398371
v -0.472965 8.470549 -0.294167
v -0.458171 8.470549 -0.189603
v -0.415461 8.470549 -0.093521
v -0.348895 8.470549 -0.013204
v -0.264059 8.470549 0.045534
v -0.169274 8.470549 0.084045
v -0.067933 8.470549 0.103596
v 0.036530 8.470549 0.095695
v 0.136026 8.470549 0.059099
v 0.225020 8.470549 -0.001215
v 0.296109 8.470549 -0.083987
v 0.338472 8.470549 -0.185271
v -0.067933 8.590549 -0.294167
vn -0.0000 -1.0000 -0.0000
vn 0.9806 0.1557 -0.1193
vn 0.9055 0.1434 -0.3994
vn 0.7673 0.1266 -0.6287
vn 0.6295 0.1122 -0.7689
vn 0.4485 0.1105 -0.8869
vn 0.1806 0.1321 -0.9747
vn -0.0849 0.1619 -0.9832
vn -0.4343 0.1711 -0.8844
vn -0.7092 0.1509 -0.6887
vn -0.8332 0.1315 -0.5371
vn -0.9331 0.1449 -0.3291
vn -0.9693 0.1922 -0.1532
vn -0.9723 0.2202 0.0786
vn -0.9261 0.2270 0.3015
vn -0.8250 0.2121 0.5239
vn -0.6399 0.1827 0.7464
vn -0.3449 0.1520 0.9262
vn -0.0995 0.1385 0.9854
vn 0.1345 0.1430 0.9805
vn 0.3906 0.1619 0.9062
vn 0.6386 0.1843 0.7472
vn 0.8402 0.1818 0.5109
vn 0.9322 0.1653 0.3219
vn 0.9777 0.1567 0.1399
vn 0.9950 0.0242 -0.0972
vn 0.9276 0.0081 -0.3735
vn 0.7922 -0.0156 -0.6100
vn 0.6366 -0.0334 -0.7705
vn 0.4510 -0.0310 -0.8920
vn 0.1822 -0.0051 -0.9833
vn -0.1195 0.0245 -0.9925
vn -0.3755 0.0406 -0.9260
vn -0.6314 0.0241 -0.7751
vn -0.8386 -0.0098 -0.5446
vn -0.9567 -0.0229 -0.2902
vn -0.9957 -0.0008 -0.0924
vn -0.9888 0.0303 0.1463
vn -0.9401 0.0623 0.3351
vn -0.8539 0.0785 0.5144
vn -0.6864 0.0729 0.7235
vn -0.4041 0.0538 0.9131
vn -0.0835 0.0411 0.9957
vn 0.1730 0.0444 0.9839
vn 0.3951 0.0613 0.9166
vn 0.6534 0.0766 0.7531
vn 0.8372 0.0669 0.5428
vn 0.9391 0.0426 0.3411
vn 0.9896 0.0288 0.1411
vn 0.9974 -0.0191 -0.0696
vn 0.9431 -0.0275 -0.3313
vn 0.8117 -0.0388 -0.5828
vn 0.6281 -0.0433 -0.7769
vn 0.3960 -0.0345 -0.9176
vn 0.1165 -0.0183 -0.9930
vn -0.1196 -0.0079 -0.9928
vn -0.3581 -0.0014 -0.9337
vn -0.5895 -0.0088 -0.8077
vn -0.8062 -0.0301 -0.5909
vn -0.9484 -0.0505 -0.3131
vn -0.9958 -0.0562 -0.0720
vn -0.9797 -0.0418 0.1960
vn -0.9236 -0.0164 0.3830
vn -0.8388 0.0088 0.5443
vn -0.6732 0.0283 0.7389
vn -0.3852 0.0424 0.9219
vn -0.0589 0.0543 0.9968
vn 0.1728 0.0657 0.9828
vn 0.4303 0.0696 0.9000
vn 0.6433 0.0563 0.7636
vn 0.8111 0.0285 0.5842
vn 0.9308 0.0013 0.3656
vn 0.9894 -0.0133 0.1448
vn 0.9957 0.0686 -0.0626
vn 0.9449 0.0753 -0.3185
vn 0.8094 0.0824 -0.5815
vn 0.6052 0.0864 -0.7914
vn 0.3571 0.0869 -0.9300
vn 0.0915 0.0800 -0.9926
vn -0.1331 0.0665 -0.9889
vn -0.3485 0.0591 -0.9354
vn -0.5828 0.0571 -0.8106
vn -0.7987 0.0577 -0.5990
vn -0.9413 0.0572 -0.3326
vn -0.9951 0.0523 -0.0843
vn -0.9756 0.0525 0.2132
vn -0.9023 0.0644 0.4262
vn -0.7953 0.0892 0.5996
vn -0.6209 0.1247 0.7739
vn -0.3650 0.1567 0.9177
vn -0.0582 0.1653 0.9845
vn 0.1823 0.1523 0.9714
vn 0.4044 0.1302 0.9052
vn 0.5964 0.0957 0.7970
vn 0.7764 0.0714 0.6261
vn 0.9196 0.0638 0.3876
vn 0.9869 0.0638 0.1483
vn 0.9761 0.1991 -0.0873
vn 0.9174 0.2091 -0.3387
vn 0.7801 0.2181 -0.5864
vn 0.5837 0.2147 -0.7830
vn 0.3584 0.1965 -0.9127
vn 0.1182 0.1699 -0.9784
vn -0.0957 0.1500 -0.9840
vn -0.3528 0.1436 -0.9246
vn -0.5984 0.1498 -0.7871
vn -0.8065 0.1643 -0.5679
vn -0.9292 0.1796 -0.3229
vn -0.9769 0.1852 -0.1069
vn -0.9657 0.1804 0.1870
vn -0.8881 0.1748 0.4251
vn -0.7559 0.1808 0.6292
vn -0.5711 0.2033 0.7953
vn -0.3659 0.2269 0.9026
vn -0.1565 0.2275 0.9611
vn 0.0540 0.2031 0.9777
vn 0.2714 0.1762 0.9462
vn 0.5499 0.1545 0.8208
vn 0.7640 0.1562 0.6260
vn 0.9120 0.1726 0.3722
vn 0.9744 0.1867 0.1255
vn 0.9659 0.2257 -0.1268
vn 0.8988 0.2272 -0.3748
vn 0.7736 0.2283 -0.5911
vn 0.6114 0.2200 -0.7601
vn 0.4159 0.1992 -0.8873
vn 0.1684 0.1746 -0.9701
vn -0.0957 0.1628 -0.9820
vn -0.3715 0.1641 -0.9138
vn -0.6196 0.1741 -0.7654
vn -0.8191 0.1873 -0.5422
vn -0.9287 0.1998 -0.3124
vn -0.9699 0.2069 -0.1285
vn -0.9689 0.2060 0.1372
vn -0.9009 0.1951 0.3878
vn -0.7545 0.1875 0.6289
vn -0.5510 0.1919 0.8122
vn -0.3643 0.2037 0.9087
vn -0.1925 0.2084 0.9589
vn 0.0117 0.2011 0.9795
vn 0.2572 0.1916 0.9472
vn 0.5543 0.1894 0.8105
vn 0.7928 0.1975 0.5766
vn 0.9243 0.2100 0.3188
vn 0.9726 0.2190 0.0786
vn 0.9772 0.1409 -0.1591
vn 0.9039 0.1327 -0.4066
vn 0.7953 0.1226 -0.5937
vn 0.6688 0.1130 -0.7348
vn 0.4884 0.1062 -0.8661
vn 0.2062 0.1047 -0.9729
vn -0.0964 0.1101 -0.9892
vn -0.3754 0.1182 -0.9193
vn -0.6002 0.1214 -0.7906
vn -0.8012 0.1159 -0.5871
vn -0.9318 0.1061 -0.3471
vn -0.9869 0.1020 -0.1254
vn -0.9835 0.1120 0.1421
vn -0.9158 0.1209 0.3829
vn -0.7761 0.1258 0.6179
vn -0.5719 0.1256 0.8106
vn -0.3643 0.1244 0.9229
vn -0.1715 0.1294 0.9767
vn 0.0349 0.1403 0.9895
vn 0.2823 0.1511 0.9474
vn 0.5883 0.1590 0.7929
vn 0.8359 0.1570 0.5259
vn 0.9520 0.1511 0.2662
vn 0.9888 0.1454 0.0342
vn 0.9851 0.0459 -0.1655
vn 0.9161 0.0374 -0.3991
vn 0.8129 0.0225 -0.5820
vn 0.6846 0.0113 -0.7288
vn 0.4912 0.0124 -0.8710
vn 0.1876 0.0244 -0.9819
vn -0.1215 0.0391 -0.9918
vn -0.3533 0.0487 -0.9342
vn -0.5469 0.0437 -0.8360
vn -0.7613 0.0290 -0.6477
vn -0.9236 0.0159 -0.3830
vn -0.9954 0.0147 -0.0951
vn -0.9794 0.0337 0.1989
vn -0.9111 0.0575 0.4081
vn -0.8047 0.0719 0.5894
vn -0.6337 0.0684 0.7706
vn -0.4018 0.0545 0.9141
vn -0.1522 0.0483 0.9872
vn 0.0901 0.0566 0.9943
vn 0.3342 0.0732 0.9397
vn 0.6114 0.0860 0.7866
vn 0.8536 0.0845 0.5140
vn 0.9650 0.0734 0.2519
vn 0.9980 0.0586 0.0220
vn 0.9858 -0.0084 -0.1679
vn 0.9279 -0.0165 -0.3724
vn 0.8244 -0.0290 -0.5653
vn 0.6660 -0.0381 -0.7450
vn 0.4368 -0.0355 -0.8989
vn 0.1273 -0.0232 -0.9916
vn -0.1543 -0.0112 -0.9880
vn -0.3312 -0.0059 -0.9436
vn -0.5201 -0.0103 -0.8541
vn -0.7547 -0.0134 -0.6559
vn -0.9280 -0.0070 -0.3725
vn -0.9979 0.0071 -0.0643
vn -0.9707 0.0270 0.2389
vn -0.9090 0.0451 0.4144
vn -0.8330 0.0529 0.5508
vn -0.6810 0.0484 0.7307
vn -0.4200 0.0404 0.9066
vn -0.1224 0.0407 0.9916
vn 0.1410 0.0513 0.9887
vn 0.3343 0.0658 0.9402
vn 0.6324 0.0699 0.7715
vn 0.8540 0.0591 0.5170
vn 0.9616 0.0382 0.2718
vn 0.9990 0.0129 0.0425
vn 0.9854 0.0237 -0.1684
vn 0.9337 0.0150 -0.3577
vn 0.8261 0.0066 -0.5635
vn 0.6370 -0.0021 -0.7709
vn 0.3752 -0.0091 -0.9269
vn 0.0738 -0.0131 -0.9972
vn -0.1730 -0.0144 -0.9848
vn -0.3386 -0.0146 -0.9408
vn -0.5485 -0.0098 -0.8361
vn -0.7908 0.0068 -0.6121
vn -0.9454 0.0323 -0.3243
vn -0.9968 0.0557 -0.0579
vn -0.9753 0.0670 0.2104
vn -0.9258 0.0659 0.3722
vn -0.8486 0.0612 0.5254
vn -0.6748 0.0644 0.7352
vn -0.3840 0.0774 0.9201
vn -0.0795 0.0934 0.9924
vn 0.1601 0.1064 0.9814
vn 0.3589 0.1115 0.9267
vn 0.6241 0.1043 0.7744
vn 0.8292 0.0871 0.5522
vn 0.9415 0.0658 0.3306
vn 0.9948 0.0433 0.0920
vn 0.9812 0.0986 -0.1659
vn 0.9296 0.0825 -0.3592
vn 0.8217 0.0653 -0.5662
vn 0.6313 0.0515 -0.7738
vn 0.3680 0.0396 -0.9290
vn 0.0708 0.0290 -0.9971
vn -0.1715 0.0201 -0.9850
vn -0.3503 0.0146 -0.9365
vn -0.5898 0.0215 -0.8072
vn -0.8326 0.0427 -0.5522
vn -0.9643 0.0704 -0.2552
vn -0.9940 0.0951 -0.0537
vn -0.9841 0.1037 0.1439
vn -0.9422 0.0952 0.3213
vn -0.8420 0.0933 0.5313
vn -0.6352 0.1092 0.7646
vn -0.3382 0.1319 0.9318
vn -0.0507 0.1473 0.9878
vn 0.1590 0.1549 0.9750
vn 0.3439 0.1587 0.9255
vn 0.5917 0.1590 0.7903
vn 0.7955 0.1474 0.5878
vn 0.9180 0.1307 0.3745
vn 0.9855 0.1152 0.1247
vn 0.9840 0.1161 -0.1352
vn 0.9399 0.0986 -0.3269
vn 0.8300 0.0800 -0.5520
vn 0.6392 0.0687 -0.7660
vn 0.3822 0.0629 -0.9219
vn 0.0960 0.0579 -0.9937
vn -0.1476 0.0513 -0.9877
vn -0.3468 0.0465 -0.9368
vn -0.5949 0.0499 -0.8022
vn -0.8362 0.0597 -0.5451
vn -0.9692 0.0706 -0.2359
vn -0.9956 0.0815 -0.0468
vn -0.9900 0.0897 0.1091
vn -0.9438 0.0924 0.3174
vn -0.8199 0.1053 0.5628
vn -0.6075 0.1273 0.7840
vn -0.3424 0.1439 0.9284
vn -0.0716 0.1467 0.9866
vn 0.1768 0.1426 0.9739
vn 0.3561 0.1440 0.9233
vn 0.5752 0.1506 0.8040
vn 0.7728 0.1471 0.6174
vn 0.9082 0.1372 0.3955
vn 0.9819 0.1280 0.1394
vn 0.9931 0.0721 -0.0922
vn 0.9559 0.0588 -0.2878
vn 0.8346 0.0448 -0.5490
vn 0.6287 0.0369 -0.7768
vn 0.3752 0.0346 -0.9263
vn 0.1131 0.0337 -0.9930
vn -0.1239 0.0314 -0.9918
vn -0.3380 0.0306 -0.9406
vn -0.5752 0.0327 -0.8174
vn -0.8142 0.0360 -0.5795
vn -0.9636 0.0387 -0.2647
vn -0.9982 0.0412 -0.0441
vn -0.9924 0.0491 0.1127
vn -0.9383 0.0616 0.3404
vn -0.8047 0.0803 0.5882
vn -0.6076 0.0984 0.7882
vn -0.3756 0.1078 0.9205
vn -0.1093 0.1066 0.9883
vn 0.1880 0.1010 0.9770
vn 0.3995 0.0993 0.9114
vn 0.5871 0.1018 0.8031
vn 0.7714 0.0988 0.6287
vn 0.9154 0.0904 0.3922
vn 0.9870 0.0816 0.1383
vn 0.9975 0.0111 -0.0692
vn 0.9600 0.0055 -0.2800
vn 0.8235 -0.0041 -0.5673
vn 0.5999 -0.0134 -0.8000
vn 0.3493 -0.0207 -0.9368
vn 0.1117 -0.0266 -0.9934
vn -0.1170 -0.0306 -0.9927
vn -0.3577 -0.0290 -0.9334
vn -0.5907 -0.0210 -0.8066
vn -0.8097 -0.0088 -0.5868
vn -0.9540 0.0017 -0.2998
vn -0.9977 0.0053 -0.0675
vn -0.9940 0.0096 0.1091
vn -0.9388 0.0215 0.3438
vn -0.8037 0.0363 0.5939
vn -0.6002 0.0499 0.7983
vn -0.3707 0.0613 0.9267
vn -0.1189 0.0686 0.9905
vn 0.1630 0.0697 0.9842
vn 0.4279 0.0639 0.9016
vn 0.6015 0.0535 0.7971
vn 0.7777 0.0405 0.6273
vn 0.9236 0.0268 0.3823
vn 0.9910 0.0164 0.1329
vn 0.9950 -0.0244 -0.0974
vn 0.9505 -0.0251 -0.3097
vn 0.8087 -0.0333 -0.5872
vn 0.5882 -0.0449 -0.8075
vn 0.3497 -0.0572 -0.9351
vn 0.1185 -0.0698 -0.9905
vn -0.1231 -0.0784 -0.9893
vn -0.4037 -0.0759 -0.9117
vn -0.6340 -0.0615 -0.7708
vn -0.8107 -0.0430 -0.5839
vn -0.9337 -0.0320 -0.3567
vn -0.9928 -0.0315 -0.1158
vn -0.9933 -0.0287 0.1116
vn -0.9321 -0.0145 0.3618
vn -0.7912 0.0038 0.6116
vn -0.5776 0.0213 0.8160
vn -0.3579 0.0356 0.9331
vn -0.1424 0.0438 0.9888
vn 0.1161 0.0427 0.9923
vn 0.3935 0.0333 0.9187
vn 0.5735 0.0204 0.8190
vn 0.7679 0.0063 0.6405
vn 0.9267 -0.0091 0.3757
vn 0.9939 -0.0209 0.1081
vn 0.9877 -0.0266 -0.1540
vn 0.9365 -0.0292 -0.3495
vn 0.8009 -0.0369 -0.5976
vn 0.5995 -0.0477 -0.7990
vn 0.3829 -0.0591 -0.9219
vn 0.1476 -0.0716 -0.9865
vn -0.1320 -0.0804 -0.9880
vn -0.4426 -0.0764 -0.8935
vn -0.6590 -0.0626 -0.7495
vn -0.7956 -0.0499 -0.6037
vn -0.9050 -0.0463 -0.4230
vn -0.9871 -0.0468 -0.1529
vn -0.9894 -0.0381 0.1400
vn -0.9137 -0.0170 0.4061
vn -0.7699 0.0069 0.6381
vn -0.5691 0.0261 0.8219
vn -0.3762 0.0363 0.9258
vn -0.1893 0.0378 0.9812
vn 0.0754 0.0326 0.9966
vn 0.3466 0.0246 0.9377
vn 0.5450 0.0209 0.8382
vn 0.7574 0.0168 0.6527
vn 0.9289 0.0037 0.3702
vn 0.9974 -0.0149 0.0711
vn 0.2780 0.9590 -0.0557
vn 0.2633 0.9584 -0.1099
vn 0.2264 0.9584 -0.1737
vn 0.1736 0.9584 -0.2266
vn 0.1169 0.9587 -0.2594
vn 0.0488 0.9594 -0.2778
vn -0.0406 0.9597 -0.2779
vn -0.1262 0.9587 -0.2547
vn -0.1908 0.9574 -0.2170
vn -0.2317 0.9568 -0.1758
vn -0.2625 0.9571 -0.1227
vn -0.2838 0.9579 -0.0440
vn -0.2838 0.9580 0.0402
vn -0.2631 0.9576 0.1170
vn -0.2235 0.9569 0.1852
vn -0.1670 0.9560 0.2413
vn -0.1111 0.9555 0.2734
vn -0.0556 0.9559 0.2884
vn 0.0218 0.9572 0.2888
vn 0.0988 0.9582 0.2685
vn 0.1587 0.9592 0.2342
vn 0.2116 0.9603 0.1817
vn 0.2552 0.9610 0.1067
vn 0.2783 0.9603 0.0194
vn 0.9847 0.1452 -0.0962
vn 0.9199 0.1289 -0.3704
vn 0.7872 0.1131 -0.6062
vn 0.6330 0.1102 -0.7662
vn 0.4838 0.1295 -0.8655
vn 0.2352 0.1584 -0.9590
vn -0.0655 0.1710 -0.9831
vn -0.4051 0.1552 -0.9010
vn -0.6841 0.1336 -0.7170
vn -0.8488 0.1463 -0.5080
vn -0.8885 0.1887 -0.4183
vn -0.9553 0.2145 -0.2035
vn -0.9722 0.2221 0.0740
vn -0.9159 0.2082 0.3432
vn -0.7903 0.1801 0.5857
vn -0.5917 0.1518 0.7917
vn -0.3723 0.1383 0.9177
vn -0.0892 0.1434 0.9856
vn 0.0950 0.1615 0.9823
vn 0.3425 0.1854 0.9210
vn 0.6437 0.1875 0.7420
vn 0.8269 0.1693 0.5362
vn 0.9280 0.1585 0.3371
vn 0.9777 0.1570 0.1394
vn 0.9975 0.0123 -0.0696
vn 0.9434 -0.0113 -0.3314
vn 0.8119 -0.0301 -0.5830
vn 0.6284 -0.0287 -0.7774
vn 0.3962 -0.0037 -0.9182
vn 0.1165 0.0253 -0.9929
vn -0.0860 0.0401 -0.9955
vn -0.4100 0.0233 -0.9118
vn -0.6903 -0.0117 -0.7235
vn -0.8578 -0.0260 -0.5134
vn -0.9430 -0.0038 -0.3327
vn -0.9874 0.0262 -0.1560
vn -0.9951 0.0579 0.0804
vn -0.9483 0.0739 0.3087
vn -0.8422 0.0684 0.5348
vn -0.6500 0.0505 0.7583
vn -0.3756 0.0395 0.9259
vn -0.0900 0.0441 0.9950
vn 0.1357 0.0616 0.9888
vn 0.4300 0.0789 0.8994
vn 0.6427 0.0703 0.7629
vn 0.8106 0.0459 0.5838
vn 0.9303 0.0316 0.3655
vn 0.9891 0.0272 0.1447
vn 0.9978 -0.0220 -0.0627
vn 0.9471 -0.0330 -0.3192
vn 0.8115 -0.0387 -0.5830
vn 0.6071 -0.0313 -0.7940
vn 0.3584 -0.0162 -0.9334
vn 0.0918 -0.0070 -0.9958
vn -0.1334 -0.0016 -0.9911
vn -0.3757 -0.0101 -0.9267
vn -0.6313 -0.0328 -0.7749
vn -0.8374 -0.0550 -0.5438
vn -0.9552 -0.0609 -0.2897
vn -0.9946 -0.0477 -0.0923
vn -0.9890 -0.0210 0.1463
vn -0.9419 0.0046 0.3357
vn -0.8564 0.0229 0.5159
vn -0.6878 0.0370 0.7250
vn -0.4042 0.0517 0.9132
vn -0.0833 0.0653 0.9944
vn 0.1840 0.0707 0.9804
vn 0.4072 0.0584 0.9115
vn 0.5989 0.0316 0.8002
vn 0.7784 0.0054 0.6277
vn 0.9215 -0.0091 0.3884
vn 0.9888 -0.0149 0.1486
vn 0.9929 0.0796 -0.0888
vn 0.9345 0.0874 -0.3450
vn 0.7960 0.0915 -0.5984
vn 0.5952 0.0916 -0.7984
vn 0.3642 0.0837 -0.9276
vn 0.1196 0.0679 -0.9905
vn -0.1153 0.0586 -0.9916
vn -0.3575 0.0549 -0.9323
vn -0.5886 0.0540 -0.8066
vn -0.8054 0.0529 -0.5904
vn -0.9485 0.0483 -0.3131
vn -0.9963 0.0471 -0.0720
vn -0.9788 0.0598 0.1958
vn -0.9205 0.0836 0.3817
vn -0.8331 0.1168 0.5406
vn -0.6659 0.1494 0.7309
vn -0.3804 0.1637 0.9102
vn -0.0878 0.1530 0.9843
vn 0.1319 0.1310 0.9826
vn 0.3309 0.0968 0.9387
vn 0.5551 0.0741 0.8285
vn 0.7717 0.0682 0.6323
vn 0.9237 0.0685 0.3770
vn 0.9892 0.0724 0.1275
vn 0.9686 0.2138 -0.1272
vn 0.8996 0.2238 -0.3751
vn 0.7750 0.2209 -0.5921
vn 0.6139 0.2015 -0.7633
vn 0.4180 0.1727 -0.8919
vn 0.1691 0.1501 -0.9741
vn -0.1143 0.1426 -0.9832
vn -0.3454 0.1467 -0.9269
vn -0.5762 0.1600 -0.8015
vn -0.7876 0.1758 -0.5907
vn -0.9272 0.1816 -0.3276
vn -0.9808 0.1762 -0.0831
vn -0.9624 0.1716 0.2104
vn -0.8900 0.1766 0.4203
vn -0.7828 0.1976 0.5901
vn -0.6103 0.2216 0.7606
vn -0.3602 0.2246 0.9054
vn -0.0870 0.2018 0.9755
vn 0.1310 0.1750 0.9758
vn 0.3285 0.1541 0.9319
vn 0.5574 0.1581 0.8150
vn 0.7959 0.1777 0.5788
vn 0.9277 0.1924 0.3200
vn 0.9759 0.2034 0.0789
vn 0.9595 0.2345 -0.1562
vn 0.8864 0.2350 -0.3988
vn 0.7808 0.2250 -0.5829
vn 0.6593 0.2012 -0.7244
vn 0.4836 0.1745 -0.8577
vn 0.2046 0.1620 -0.9653
vn -0.0955 0.1628 -0.9820
vn -0.3513 0.1714 -0.9205
vn -0.5948 0.1843 -0.7825
vn -0.8016 0.1969 -0.5645
vn -0.9249 0.2030 -0.3214
vn -0.9740 0.2000 -0.1065
vn -0.9638 0.1905 0.1866
vn -0.8868 0.1829 0.4245
vn -0.7549 0.1877 0.6284
vn -0.5714 0.2001 0.7959
vn -0.3678 0.2049 0.9071
vn -0.1576 0.1975 0.9676
vn 0.0542 0.1879 0.9807
vn 0.2708 0.1871 0.9443
vn 0.5836 0.2023 0.7865
vn 0.8260 0.2183 0.5197
vn 0.9379 0.2272 0.2622
vn 0.9722 0.2319 0.0336
vn 0.9762 0.1421 -0.1640
vn 0.9090 0.1298 -0.3960
vn 0.8074 0.1174 -0.5781
vn 0.6806 0.1087 -0.7246
vn 0.1865 0.1107 -0.9762
vn -0.1208 0.1177 -0.9857
vn -0.3739 0.1187 -0.9198
vn -0.6252 0.1121 -0.7723
vn -0.8295 0.1019 -0.5491
vn -0.9434 0.0970 -0.3173
vn -0.9860 0.1034 -0.1306
vn -0.9838 0.1128 0.1393
vn -0.9121 0.1180 0.3927
vn -0.7626 0.1197 0.6357
vn -0.5573 0.1205 0.8215
vn -0.3691 0.1258 0.9208
vn -0.1950 0.1360 0.9713
vn 0.0118 0.1468 0.9891
vn 0.2588 0.1582 0.9529
vn 0.6052 0.1656 0.7786
vn 0.8454 0.1623 0.5090
vn 0.9558 0.1555 0.2495
vn 0.9887 0.1484 0.0218
vn 0.9848 0.0464 -0.1677
vn 0.9276 0.0307 -0.3723
vn 0.8246 0.0177 -0.5654
vn 0.6664 0.0174 -0.7454
vn 0.4369 0.0285 -0.8991
vn 0.1272 0.0411 -0.9910
vn -0.1542 0.0484 -0.9869
vn -0.3778 0.0414 -0.9250
vn -0.6044 0.0247 -0.7963
vn -0.8066 0.0097 -0.5911
vn -0.9371 0.0064 -0.3490
vn -0.9918 0.0225 -0.1260
vn -0.9886 0.0478 0.1429
vn -0.9207 0.0637 0.3850
vn -0.7808 0.0619 0.6217
vn -0.5758 0.0496 0.8161
vn -0.3668 0.0445 0.9292
vn -0.1727 0.0539 0.9835
vn 0.0351 0.0720 0.9968
vn 0.2845 0.0883 0.9546
vn 0.6312 0.0932 0.7700
vn 0.8524 0.0839 0.5161
vn 0.9600 0.0686 0.2714
vn 0.9976 0.0539 0.0425
vn 0.9857 -0.0083 -0.1685
vn 0.9336 -0.0200 -0.3577
vn 0.8257 -0.0296 -0.5633
vn 0.6367 -0.0288 -0.7706
vn 0.3752 -0.0186 -0.9268
vn 0.0738 -0.0092 -0.9972
vn -0.1730 -0.0061 -0.9849
vn -0.3537 -0.0123 -0.9353
vn -0.5474 -0.0188 -0.8367
vn -0.7616 -0.0161 -0.6479
vn -0.9237 -0.0041 -0.3830
vn -0.9793 0.0368 0.1989
vn -0.9116 0.0467 0.4084
vn -0.8061 0.0417 0.5904
vn -0.6348 0.0333 0.7720
vn -0.4021 0.0353 0.9149
vn -0.1522 0.0487 0.9871
vn 0.0900 0.0654 0.9938
vn 0.3602 0.0736 0.9300
vn 0.6261 0.0677 0.7768
vn 0.8313 0.0484 0.5537
vn 0.9433 0.0234 0.3312
vn 0.9958 0.0015 0.0921
vn 0.9857 0.0233 -0.1667
vn 0.9327 0.0157 -0.3604
vn 0.8234 0.0077 -0.5674
vn 0.6321 -0.0006 -0.7749
vn 0.3683 -0.0073 -0.9297
vn 0.0708 -0.0123 -0.9974
vn -0.1715 -0.0148 -0.9851
vn -0.3311 -0.0125 -0.9435
vn -0.5201 -0.0013 -0.8541
vn -0.7546 0.0207 -0.6558
vn -0.9271 0.0445 -0.3721
vn -0.9963 0.0571 -0.0642
vn -0.9692 0.0605 0.2386
vn -0.9085 0.0559 0.4142
vn -0.8329 0.0547 0.5507
vn -0.6803 0.0662 0.7299
vn -0.4188 0.0868 0.9039
vn -0.1218 0.1044 0.9870
vn 0.1403 0.1117 0.9838
vn 0.3462 0.1079 0.9319
vn 0.5966 0.0954 0.7969
vn 0.8020 0.0756 0.5926
vn 0.9245 0.0544 0.3772
vn 0.9915 0.0358 0.1255
vn 0.9864 0.0925 -0.1356
vn 0.9418 0.0756 -0.3276
vn 0.8310 0.0618 -0.5528
vn 0.6399 0.0490 -0.7669
vn 0.3827 0.0360 -0.9232
vn 0.0961 0.0230 -0.9951
vn -0.1478 0.0142 -0.9889
vn -0.3386 0.0176 -0.9408
vn -0.5482 0.0333 -0.8357
vn -0.7894 0.0593 -0.6110
vn -0.9424 0.0862 -0.3233
vn -0.9937 0.0960 -0.0577
vn -0.9735 0.0902 0.2101
vn -0.9245 0.0849 0.3717
vn -0.8464 0.0949 0.5240
vn -0.6713 0.1192 0.7315
vn -0.3812 0.1423 0.9135
vn -0.0789 0.1541 0.9849
vn 0.1764 0.1591 0.9714
vn 0.3551 0.1616 0.9208
vn 0.5749 0.1541 0.8036
vn 0.7737 0.1394 0.6181
vn 0.9095 0.1258 0.3961
vn 0.9838 0.1121 0.1397
vn 0.9898 0.1086 -0.0919
vn 0.9536 0.0909 -0.2871
vn 0.8328 0.0790 -0.5478
vn 0.6275 0.0717 -0.7753
vn 0.3747 0.0645 -0.9249
vn 0.1130 0.0542 -0.9921
vn -0.1239 0.0459 -0.9912
vn -0.3500 0.0457 -0.9356
vn -0.5892 0.0514 -0.8064
vn -0.8318 0.0614 -0.5517
vn -0.9640 0.0746 -0.2551
vn -0.9951 0.0827 -0.0537
vn -0.9860 0.0837 0.1441
vn -0.9425 0.0918 0.3214
vn -0.8404 0.1118 0.5303
vn -0.6333 0.1335 0.7623
vn -0.3377 0.1429 0.9303
vn -0.0508 0.1423 0.9885
vn 0.1869 0.1448 0.9716
vn 0.3967 0.1532 0.9051
vn 0.5832 0.1526 0.7978
vn 0.7669 0.1453 0.6251
vn 0.9104 0.1382 0.3900
vn 0.9821 0.1284 0.1377
vn 0.9953 0.0685 -0.0691
vn 0.9584 0.0574 -0.2796
vn 0.8226 0.0484 -0.5666
vn 0.5994 0.0433 -0.7993
vn 0.3491 0.0396 -0.9362
vn 0.1116 0.0340 -0.9932
vn -0.1170 0.0300 -0.9927
vn -0.3470 0.0286 -0.9374
vn -0.5954 0.0280 -0.8029
vn -0.8374 0.0286 -0.5459
vn -0.9711 0.0336 -0.2363
vn -0.9980 0.0417 -0.0469
vn -0.9928 0.0495 0.1094
vn -0.9458 0.0651 0.3181
vn -0.8215 0.0848 0.5639
vn -0.6095 0.0988 0.7866
vn -0.3442 0.1019 0.9333
vn -0.0720 0.0997 0.9924
vn 0.1858 0.1006 0.9774
vn 0.4264 0.1048 0.8984
vn 0.5991 0.1045 0.7939
vn 0.7745 0.0996 0.6247
vn 0.9200 0.0923 0.3808
vn 0.9878 0.0824 0.1325
vn 0.9951 0.0150 -0.0974
vn 0.9507 0.0100 -0.3098
vn 0.8092 -0.0004 -0.5876
vn 0.5888 -0.0112 -0.8082
vn 0.3502 -0.0208 -0.9365
vn 0.1187 -0.0278 -0.9925
vn -0.1234 -0.0294 -0.9919
vn -0.3381 -0.0251 -0.9408
vn -0.5754 -0.0177 -0.8177
vn -0.8147 -0.0102 -0.5799
vn -0.9643 -0.0038 -0.2649
vn -0.9990 0.0020 -0.0441
vn -0.9936 0.0091 0.1128
vn -0.9398 0.0219 0.3410
vn -0.8068 0.0370 0.5897
vn -0.6097 0.0517 0.7909
vn -0.3770 0.0624 0.9241
vn -0.1097 0.0670 0.9917
vn 0.1864 0.0653 0.9803
vn 0.3931 0.0572 0.9177
vn 0.5729 0.0477 0.8182
vn 0.7674 0.0379 0.6400
vn 0.9264 0.0278 0.3756
vn 0.9939 0.0199 0.1081
vn 0.9879 -0.0164 -0.1541
vn 0.9367 -0.0192 -0.3496
vn 0.8011 -0.0314 -0.5977
vn 0.5995 -0.0471 -0.7990
vn 0.3828 -0.0630 -0.9217
vn 0.1475 -0.0749 -0.9862
vn -0.1320 -0.0767 -0.9883
vn -0.3571 -0.0666 -0.9317
vn -0.5901 -0.0519 -0.8057
vn -0.8090 -0.0425 -0.5863
vn -0.9532 -0.0408 -0.2995
vn -0.9970 -0.0382 -0.0675
vn -0.9936 -0.0284 0.1090
vn -0.9389 -0.0119 0.3439
vn -0.8042 0.0069 0.5943
vn -0.6008 0.0256 0.7990
vn -0.3712 0.0378 0.9278
vn -0.1191 0.0398 0.9921
vn 0.1633 0.0339 0.9860
vn 0.3466 0.0242 0.9377
vn 0.5450 0.0146 0.8383
vn 0.7575 0.0037 0.6528
vn 0.9289 -0.0082 0.3702
vn 0.9973 -0.0156 0.0711
vn 0.9803 -0.0204 -0.1965
vn 0.9226 -0.0238 -0.3850
vn 0.7928 -0.0349 -0.6084
vn 0.6074 -0.0493 -0.7929
vn 0.4101 -0.0640 -0.9098
vn 0.1724 -0.0761 -0.9821
vn -0.1442 -0.0780 -0.9865
vn -0.4039 -0.0684 -0.9122
vn -0.6342 -0.0570 -0.7711
vn -0.8103 -0.0538 -0.5836
vn -0.9326 -0.0572 -0.3563
vn -0.9919 -0.0521 -0.1157
vn -0.9932 -0.0341 0.1116
vn -0.9322 -0.0103 0.3618
vn -0.7911 0.0117 0.6116
vn -0.5775 0.0277 0.8159
vn -0.3579 0.0331 0.9332
vn -0.1425 0.0296 0.9894
vn 0.1162 0.0249 0.9929
vn 0.3451 0.0243 0.9383
vn 0.5609 0.0243 0.8276
vn 0.7585 0.0171 0.6514
vn 0.9226 0.0011 0.3859
vn 0.9975 -0.0146 0.0696
s 0
usemtl plaster_stem
f 1//1 3//1 2//1
f 1//1 4//1 3//1
f 1//1 5//1 4//1
f 1//1 6//1 5//1
f 1//1 7//1 6//1
f 1//1 8//1 7//1
f 1//1 9//1 8//1
f 1//1 10//1 9//1
f 1//1 11//1 10//1
f 1//1 12//1 11//1
f 1//1 13//1 12//1
f 1//1 14//1 13//1
f 1//1 15//1 14//1
f 1//1 16//1 15//1
f 1//1 17//1 16//1
f 1//1 18//1 17//1
f 1//1 19//1 18//1
f 1//1 20//1 19//1
f 1//1 21//1 20//1
f 1//1 22//1 21//1
f 1//1 23//1 22//1
f 1//1 24//1 23//1
f 1//1 25//1 24//1
f 1//1 2//1 25//1
f 3//2 26//2 2//2
f 4//3 27//3 3//3
f 5//4 28//4 4//4
f 6//5 29//5 5//5
f 6//6 31//6 30//6
f 7//7 32//7 31//7
f 8//8 33//8 32//8
f 10//9 33//9 9//9
f 11//10 34//10 10//10
f 12//11 35//11 11//11
f 12//12 37//12 36//12
f 13//13 38//13 37//13
f 14//14 39//14 38//14
f 15//15 40//15 39//15
f 16//16 41//16 40//16
f 17//17 42//17 41//17
f 19//18 42//18 18//18
f 20//19 43//19 19//19
f 20//20 45//20 44//20
f 21//21 46//21 45//21
f 23//22 46//22 22//22
f 24//23 47//23 23//23
f 25//24 48//24 24//24
f 2//25 49//25 25//25
f 27//26 50//26 26//26
f 28//27 51//27 27//27
f 29//28 52//28 28//28
f 30//29 53//29 29//29
f 31//30 54//30 30//30
f 32//31 55//31 31//31
f 32//32 57//32 56//32
f 33//33 58//33 57//33
f 34//34 59//34 58//34
f 35//35 60//35 59//35
f 36//36 61//36 60//36
f 37//37 62//37 61//37
f 38//38 63//38 62//38
f 39//39 64//39 63//39
f 40//40 65//40 64//40
f 41//41 66//41 65//41
f 42//42 67//42 66//42
f 43//43 68//43 67//43
f 44//44 69//44 68//44
f 46//45 69//45 45//45
f 47//46 70//46 46//46
f 48//47 71//47 47//47
f 49//48 72//48 48//48
f 26//49 73//49 49//49
f 51//50 74//50 50//50
f 52//51 75//51 51//51
f 53//52 76//52 52//52
f 54//53 77//53 53//53
f 55//54 78//54 54//54
f 56//55 79//55 55//55
f 57//56 80//56 56//56
f 57//57 82//57 81//57
f 58//58 83//58 82//58
f 59//59 84//59 83//59
f 60//60 85//60 84//60
f 61//61 86//61 85//61
f 62//62 87//62 86//62
f 63//63 88//63 87//63
f 64//64 89//64 88//64
f 65//65 90//65 89//65
f 66//66 91//66 90//66
f 67//67 92//67 91//67
f 69//68 92//68 68//68
f 70//69 93//69 69//69
f 71//70 94//70 70//70
f 72//71 95//71 71//71
f 73//72 96//72 72//72
f 50//73 97//73 73//73
f 75//74 98//74 74//74
f 76//75 99//75 75//75
f 77//76 100//76 76//76
f 78//77 101//77 77//77
f 79//78 102//78 78//78
f 80//79 103//79 79//79
f 81//80 104//80 80//80
f 81//81 106//81 105//81
f 82//82 107//82 106//82
f 83//83 108//83 107//83
f 84//84 109//84 108//84
f 85//85 110//85 109//85
f 86//86 111//86 110//86
f 87//87 112//87 111//87
f 88//88 113//88 112//88
f 89//89 114//89 113//89
f 90//90 115//90 114//90
f 92//91 115//91 91//91
f 93//92 116//92 92//92
f 94//93 117//93 93//93
f 95//94 118//94 94//94
f 96//95 119//95 95//95
f 97//96 120//96 96//96
f 74//97 121//97 97//97
f 99//98 122//98 98//98
f 100//99 123//99 99//99
f 101//100 124//100 100//100
f 102//101 125//101 101//101
f 103//102 126//102 102//102
f 104//103 127//103 103//103
f 104//104 129//104 128//104
f 105//105 130//105 129//105
f 106//106 131//106 130//106
f 107//107 132//107 131//107
f 108//108 133//108 132//108
f 109//109 134//109 133//109
f 110//110 135//110 134//110
f 111//111 136//111 135//111
f 112//112 137//112 136//112
f 113//113 138//113 137//113
f 114//114 139//114 138//114
f 115//115 140//115 139//115
f 116//116 141//116 140//116
f 117//117 142//117 141//117
f 119//118 142//118 118//118
f 120//119 143//119 119//119
f 121//120 144//120 120//120
f 98//121 145//121 121//121
f 123//122 146//122 122//122
f 124//123 147//123 123//123
f 125//124 148//124 124//124
f 126//125 149//125 125//125
f 127//126 150//126 126//126
f 128//127 151//127 127//127
f 128//128 153//128 152//128
f 129//129 154//129 153//129
f 130//130 155//130 154//130
f 131//131 156//131 155//131
f 132//132 157//132 156//132
f 133//133 158//133 157//133
f 134//134 159//134 158//134
f 135//135 160//135 159//135
f 136//136 161//136 160//136
f 137//137 162//137 161//137
f 138//138 163//138 162//138
f 139//139 164//139 163//139
f 140//140 165//140 164//140
f 141//141 166//141 165//141
f 143//142 166//142 142//142
f 144//143 167//143 143//143
f 145//144 168//144 144//144
f 122//145 169//145 145//145
f 147//146 170//146 146//146
f 148//147 171//147 147//147
f 149//148 172//148 148//148
f 150//149 173//149 149//149
f 151//150 174//150 150//150
f 152//151 175//151 151//151
f 153//152 176//152 152//152
f 153//153 178//153 177//153
f 154//154 179//154 178//154
f 155//155 180//155 179//155
f 156//156 181//156 180//156
f 157//157 182//157 181//157
f 158//158 183//158 182//158
f 159//159 184//159 183//159
f 160//160 185//160 184//160
f 161//161 186//161 185//161
f 162//162 187//162 186//162
f 163//163 188//163 187//163
f 164//164 189//164 188//164
f 165//165 190//165 189//165
f 167//166 190//166 166//166
f 168//167 191//167 167//167
f 169//168 192//168 168//168
f 146//169 193//169 169//169
f 171//170 194//170 170//170
f 172//171 195//171 171//171
f 173//172 196//172 172//172
f 174//173 197//173 173//173
f 175//174 198//174 174//174
f 176//175 199//175 175//175
f 177//176 200//176 176//176
f 177//177 202//177 201//177
f 178//178 203//178 202//178
f 179//179 204//179 203//179
f 180//180 205//180 204//180
f 181//181 206//181 205//181
f 182//182 207//182 206//182
f 183//183 208//183 207//183
f 184//184 209//184 208//184
f 185//185 210//185 209//185
f 186//186 211//186 210//186
f 187//187 212//187 211//187
f 188//188 213//188 212//188
f 189//189 214//189 213//189
f 191//190 214//190 190//190
f 192//191 215//191 191//191
f 193//192 216//192 192//192
f 170//193 217//193 193//193
f 195//194 218//194 194//194
f 196//195 219//195 195//195
f 197//196 220//196 196//196
f 198//197 221//197 197//197
f 199//198 222//198 198//198
f 200//199 223//199 199//199
f 201//200 224//200 200//200
f 201//201 226//201 225//201
f 202//202 227//202 226//202
f 203//203 228//203 227//203
f 204//204 229//204 228//204
f 205//205 230//205 229//205
f 206//206 231//206 230//206
f 207//207 232//207 231//207
f 208//208 233//208 232//208
f 209//209 234//209 233//209
f 210//210 235//210 234//210
f 211//211 236//211 235//211
f 212//212 237//212 236//212
f 214//213 237//213 213//213
f 215//214 238//214 214//214
f 216//215 239//215 215//215
f 217//216 240//216 216//216
f 194//217 241//217 217//217
f 219//218 242//218 218//218
f 220//219 243//219 219//219
f 221//220 244//220 220//220
f 222//221 245//221 221//221
f 223//222 246//222 222//222
f 224//223 247//223 223//223
f 225//224 248//224 224//224
f 225//225 250//225 249//225
f 226//226 251//226 250//226
f 227//227 252//227 251//227
f 228//228 253//228 252//228
f 229//229 254//229 253//229
f 230//230 255//230 254//230
f 231//231 256//231 255//231
f 232//232 257//232 256//232
f 233//233 258//233 257//233
f 234//234 259//234 258//234
f 235//235 260//235 259//235
f 236//236 261//236 260//236
f 238//237 261//237 237//237
f 239//238 262//238 238//238
f 240//239 263//239 239//239
f 241//240 264//240 240//240
f 218//241 265//241 241//241
f 243//242 266//242 242//242
f 244//243 267//243 243//243
f 245//244 268//244 244//244
f 246//245 269//245 245//245
f 247//246 270//246 246//246
f 248//247 271//247 247//247
f 249//248 272//248 248//248
f 249//249 274//249 273//249
f 250//250 275//250 274//250
f 251//251 276//251 275//251
f 252//252 277//252 276//252
f 253//253 278//253 277//253
f 254//254 279//254 278//254
f 255//255 280//255 279//255
f 256//256 281//256 280//256
f 257//257 282//257 281//257
f 258//258 283//258 282//258
f 259//259 284//259 283//259
f 261//260 284//260 260//260
f 262//261 285//261 261//261
f 263//262 286//262 262//262
f 264//263 287//263 263//263
f 265//264 288//264 264//264
f 242//265 289//265 265//265
f 267//266 290//266 266//266
f 268//267 291//267 267//267
f 269//268 292//268 268//268
f 270//269 293//269 269//269
f 271//270 294//270 270//270
f 272//271 295//271 271//271
f 273//272 296//272 272//272
f 273//273 298//273 297//273
f 274//274 299//274 298//274
f 275//275 300//275 299//275
f 276//276 301//276 300//276
f 277//277 302//277 301//277
f 278//278 303//278 302//278
f 279//279 304//279 303//279
f 280//280 305//280 304//280
f 281//281 306//281 305//281
f 282//282 307//282 306//282
f 283//283 308//283 307//283
f 285//284 308//284 284//284
f 286//285 309//285 285//285
f 287//286 310//286 286//286
f 288//287 311//287 287//287
f 289//288 312//288 288//288
f 266//289 313//289 289//289
f 291//290 314//290 290//290
f 292//291 315//291 291//291
f 293//292 316//292 292//292
f 294//293 317//293 293//293
f 295//294 318//294 294//294
f 296//295 319//295 295//295
f 297//296 320//296 296//296
f 297//297 322//297 321//297
f 298//298 323//298 322//298
f 299//299 324//299 323//299
f 300//300 325//300 324//300
f 301//301 326//301 325//301
f 302//302 327//302 326//302
f 303//303 328//303 327//303
f 304//304 329//304 328//304
f 305//305 330//305 329//305
f 306//306 331//306 330//306
f 307//307 332//307 331//307
f 309//308 332//308 308//308
f 310//309 333//309 309//309
f 311//310 334//310 310//310
f 312//311 335//311 311//311
f 313//312 336//312 312//312
f 290//313 337//313 313//313
f 315//314 338//314 314//314
f 316//315 339//315 315//315
f 317//316 340//316 316//316
f 318//317 341//317 317//317
f 319//318 342//318 318//318
f 320//319 343//319 319//319
f 321//320 344//320 320//320
f 321//321 346//321 345//321
f 322//322 347//322 346//322
f 323//323 348//323 347//323
f 324//324 349//324 348//324
f 325//325 350//325 349//325
f 326//326 351//326 350//326
f 327//327 352//327 351//327
f 328//328 353//328 352//328
f 329//329 354//329 353//329
f 330//330 355//330 354//330
f 331//331 356//331 355//331
f 332//332 357//332 356//332
f 334//333 357//333 333//333
f 335//334 358//334 334//334
f 336//335 359//335 335//335
f 337//336 360//336 336//336
f 314//337 361//337 337//337
f 339//338 362//338 338//338
f 340//339 363//339 339//339
f 341//340 364//340 340//340
f 342//341 365//341 341//341
f 343//342 366//342 342//342
f 344//343 367//343 343//343
f 345//344 368//344 344//344
f 345//345 370//345 369//345
f 346//346 371//346 370//346
f 347//347 372//347 371//347
f 348//348 373//348 372//348
f 349//349 374//349 373//349
f 350//350 375//350 374//350
f 351//351 376//351 375//351
f 352//352 377//352 376//352
f 353//353 378//353 377//353
f 354//354 379//354 378//354
f 355//355 380//355 379//355
f 356//356 381//356 380//356
f 358//357 381//357 357//357
f 359//358 382//358 358//358
f 360//359 383//359 359//359
f 361//360 384//360 360//360
f 338//361 385//361 361//361
f 363//362 386//362 362//362
f 364//363 387//363 363//363
f 365//364 388//364 364//364
f 366//365 389//365 365//365
f 367//366 390//366 366//366
f 368//367 391//367 367//367
f 369//368 392//368 368//368
f 369//369 394//369 393//369
f 370//370 395//370 394//370
f 371//371 396//371 395//371
f 372//372 397//372 396//372
f 373//373 398//373 397//373
f 374//374 399//374 398//374
f 375//375 400//375 399//375
f 376//376 401//376 400//376
f 377//377 402//377 401//377
f 378//378 403//378 402//378
f 379//379 404//379 403//379
f 380//380 405//380 404//380
f 382//381 405//381 381//381
f 383//382 406//382 382//382
f 384//383 407//383 383//383
f 385//384 408//384 384//384
f 362//385 409//385 385//385
f 386//386 387//386 410//386
f 387//387 388//387 410//387
f 388//388 389//388 410//388
f 389//389 390//389 410//389
f 390//390 391//390 410//390
f 391//391 392//391 410//391
f 392//392 393//392 410//392
f 393//393 394//393 410//393
f 394//394 395//394 410//394
f 395//395 396//395 410//395
f 396//396 397//396 410//396
f 397//397 398//397 410//397
f 398//398 399//398 410//398
f 399//399 400//399 410//399
f 400//400 401//400 410//400
f 401//401 402//401 410//401
f 402//402 403//402 410//402
f 403//403 404//403 410//403
f 404//404 405//404 410//404
f 405//405 406//405 410//405
f 406//406 407//406 410//406
f 407//407 408//407 410//407
f 408//408 409//408 410//408
f 409//409 386//409 410//409
f 3//410 27//410 26//410
f 4//411 28//411 27//411
f 5//412 29//412 28//412
f 6//413 30//413 29//413
f 6//414 7//414 31//414
f 7//415 8//415 32//415
f 8//416 9//416 33//416
f 10//417 34//417 33//417
f 11//418 35//418 34//418
f 12//419 36//419 35//419
f 12//420 13//420 37//420
f 13//421 14//421 38//421
f 14//422 15//422 39//422
f 15//423 16//423 40//423
f 16//424 17//424 41//424
f 17//425 18//425 42//425
f 19//426 43//426 42//426
f 20//427 44//427 43//427
f 20//428 21//428 45//428
f 21//429 22//429 46//429
f 23//430 47//430 46//430
f 24//431 48//431 47//431
f 25//432 49//432 48//432
f 2//433 26//433 49//433
f 27//434 51//434 50//434
f 28//435 52//435 51//435
f 29//436 53//436 52//436
f 30//437 54//437 53//437
f 31//438 55//438 54//438
f 32//439 56//439 55//439
f 32//440 33//440 57//440
f 33//441 34//441 58//441
f 34//442 35//442 59//442
f 35//443 36//443 60//443
f 36//444 37//444 61//444
f 37//445 38//445 62//445
f 38//446 39//446 63//446
f 39//447 40//447 64//447
f 40//448 41//448 65//448
f 41//449 42//449 66//449
f 42//450 43//450 67//450
f 43//451 44//451 68//451
f 44//452 45//452 69//452
f 46//453 70//453 69//453
f 47//454 71//454 70//454
f 48//455 72//455 71//455
f 49//456 73//456 72//456
f 26//457 50//457 73//457
f 51//458 75//458 74//458
f 52//459 76//459 75//459
f 53//460 77//460 76//460
f 54//461 78//461 77//461
f 55//462 79//462 78//462
f 56//463 80//463 79//463
f 57//464 81//464 80//464
f 57//465 58//465 82//465
f 58//466 59//466 83//466
f 59//467 60//467 84//467
f 60//468 61//468 85//468
f 61//469 62//469 86//469
f 62//470 63//470 87//470
f 63//471 64//471 88//471
f 64//472 65//472 89//472
f 65//473 66//473 90//473
f 66//474 67//474 91//474
f 67//475 68//475 92//475
f 69//476 93//476 92//476
f 70//477 94//477 93//477
f 71//478 95//478 94//478
f 72//479 96//479 95//479
f 73//480 97//480 96//480
f 50//481 74//481 97//481
f 75//482 99//482 98//482
f 76//483 100//483 99//483
f 77//484 101//484 100//484
f 78//485 102//485 101//485
f 79//486 103//486 102//486
f 80//487 104//487 103//487
f 81//488 105//488 104//488
f 81//489 82//489 106//489
f 82//490 83//490 107//490
f 83//491 84//491 108//491
f 84//492 85//492 109//492
f 85//493 86//493 110//493
f 86//494 87//494 111//494
f 87//495 88//495 112//495
f 88//496 89//496 113//496
f 89//497 90//497 114//497
f 90//498 91//498 115//498
f 92//499 116//499 115//499
f 93//500 117//500 116//500
f 94//501 118//501 117//501
f 95//502 119//502 118//502
f 96//503 120//503 119//503
f 97//504 121//504 120//504
f 74//505 98//505 121//505
f 99//506 123//506 122//506
f 100//507 124//507 123//507
f 101//508 125//508 124//508
f 102//509 126//509 125//509
f 103//510 127//510 126//510
f 104//511 128//511 127//511
f 104//512 105//512 129//512
f 105//513 106//513 130//513
f 106//514 107//514 131//514
f 107//515 108//515 132//515
f 108//516 109//516 133//516
f 109//517 110//517 134//517
f 110//518 111//518 135//518
f 111//519 112//519 136//519
f 112//520 113//520 137//520
f 113//521 114//521 138//521
f 114//522 115//522 139//522
f 115//523 116//523 140//523
f 116//524 117//524 141//524
f 117//525 118//525 142//525
f 119//526 143//526 142//526
f 120//527 144//527 143//527
f 121//528 145//528 144//528
f 98//529 122//529 145//529
f 123//530 147//530 146//530
f 124//531 148//531 147//531
f 125//532 149//532 148//532
f 126//533 150//533 149//533
f 127//534 151//534 150//534
f 128//535 152//535 151//535
f 128//536 129//536 153//536
f 129//537 130//537 154//537
f 130//538 131//538 155//538
f 131//539 132//539 156//539
f 132//540 133//540 157//540
f 133//541 134//541 158//541
f 134//542 135//542 159//542
f 135//543 136//543 160//543
f 136//544 137//544 161//544
f 137//545 138//545 162//545
f 138//546 139//546 163//546
f 139//547 140//547 164//547
f 140//548 141//548 165//548
f 141//549 142//549 166//549
f 143//550 167//550 166//550
f 144//551 168//551 167//551
f 145//552 169//552 168//552
f 122//553 146//553 169//553
f 147//554 171//554 170//554
f 148//555 172//555 171//555
f 149//556 173//556 172//556
f 150//557 174//557 173//557
f 151//150 175//150 174//150
f 152//558 176//558 175//558
f 153//559 177//559 176//559
f 153//560 154//560 178//560
f 154//561 155//561 179//561
f 155//562 156//562 180//562
f 156//563 157//563 181//563
f 157//564 158//564 182//564
f 158//565 159//565 183//565
f 159//566 160//566 184//566
f 160//567 161//567 185//567
f 161//568 162//568 186//568
f 162//569 163//569 187//569
f 163//570 164//570 188//570
f 164//571 165//571 189//571
f 165//572 166//572 190//572
f 167//573 191//573 190//573
f 168//574 192//574 191//574
f 169//575 193//575 192//575
f 146//576 170//576 193//576
f 171//577 195//577 194//577
f 172//578 196//578 195//578
f 173//579 197//579 196//579
f 174//580 198//580 197//580
f 175//581 199//581 198//581
f 176//582 200//582 199//582
f 177//583 201//583 200//583
f 177//584 178//584 202//584
f 178//585 179//585 203//585
f 179//586 180//586 204//586
f 180//587 181//587 205//587
f 181//588 182//588 206//588
f 182//589 183//589 207//589
f 183//590 184//590 208//590
f 184//591 185//591 209//591
f 185//592 186//592 210//592
f 186//593 187//593 211//593
f 187//594 188//594 212//594
f 188//595 189//595 213//595
f 189//596 190//596 214//596
f 191//597 215//597 214//597
f 192//598 216//598 215//598
f 193//599 217//599 216//599
f 170//600 194//600 217//600
f 195//601 219//601 218//601
f 196//602 220//602 219//602
f 197//603 221//603 220//603
f 198//604 222//604 221//604
f 199//605 223//605 222//605
f 200//606 224//606 223//606
f 201//607 225//607 224//607
f 201//608 202//608 226//608
f 202//609 203//609 227//609
f 203//610 204//610 228//610
f 204//611 205//611 229//611
f 205//181 206//181 230//181
f 206//612 207//612 231//612
f 207//613 208//613 232//613
f 208//614 209//614 233//614
f 209//615 210//615 234//615
f 210//616 211//616 235//616
f 211//617 212//617 236//617
f 212//618 213//618 237//618
f 214//619 238//619 237//619
f 215//620 239//620 238//620
f 216//621 240//621 239//621
f 217//622 241//622 240//622
f 194//623 218//623 241//623
f 219//624 243//624 242//624
f 220//625 244//625 243//625
f 221//626 245//626 244//626
f 222//627 246//627 245//627
f 223//628 247//628 246//628
f 224//629 248//629 247//629
f 225//630 249//630 248//630
f 225//631 226//631 250//631
f 226//632 227//632 251//632
f 227//633 228//633 252//633
f 228//634 229//634 253//634
f 229//635 230//635 254//635
f 230//636 231//636 255//636
f 231//637 232//637 256//637
f 232//638 233//638 257//638
f 233//639 234//639 258//639
f 234//640 235//640 259//640
f 235//641 236//641 260//641
f 236//642 237//642 261//642
f 238//643 262//643 261//643
f 239//644 263//644 262//644
f 240//645 264//645 263//645
f 241//646 265//646 264//646
f 218//647 242//647 265//647
f 243//648 267//648 266//648
f 244//649 268//649 267//649
f 245//650 269//650 268//650
f 246//651 270//651 269//651
f 247//652 271//652 270//652
f 248//653 272//653 271//653
f 249//654 273//654 272//654
f 249//655 250//655 274//655
f 250//656 251//656 275//656
f 251//657 252//657 276//657
f 252//658 253//658 277//658
f 253//659 254//659 278//659
f 254//660 255//660 279//660
f 255//661 256//661 280//661
f 256//662 257//662 281//662
f 257//663 258//663 282//663
f 258//664 259//664 283//664
f 259//665 260//665 284//665
f 261//666 285//666 284//666
f 262//667 286//667 285//667
f 263//668 287//668 286//668
f 264//669 288//669 287//669
f 265//670 289//670 288//670
f 242//671 266//671 289//671
f 267//672 291//672 290//672
f 268//673 292//673 291//673
f 269//674 293//674 292//674
f 270//675 294//675 293//675
f 271//676 295//676 294//676
f 272//677 296//677 295//677
f 273//678 297//678 296//678
f 273//679 274//679 298//679
f 274//680 275//680 299//680
f 275//681 276//681 300//681
f 276//682 277//682 301//682
f 277//683 278//683 302//683
f 278//684 279//684 303//684
f 279//685 280//685 304//685
f 280//686 281//686 305//686
f 281//687 282//687 306//687
f 282//688 283//688 307//688
f 283//689 284//689 308//689
f 285//690 309//690 308//690
f 286//691 310//691 309//691
f 287//692 311//692 310//692
f 288//693 312//693 311//693
f 289//694 313//694 312//694
f 266//695 290//695 313//695
f 291//696 315//696 314//696
f 292//697 316//697 315//697
f 293//698 317//698 316//698
f 294//699 318//699 317//699
f 295//700 319//700 318//700
f 296//701 320//701 319//701
f 297//702 321//702 320//702
f 297//703 298//703 322//703
f 298//704 299//704 323//704
f 299//705 300//705 324//705
f 300//706 301//706 325//706
f 301//707 302//707 326//707
f 302//708 303//708 327//708
f 303//709 304//709 328//709
f 304//710 305//710 329//710
f 305//711 306//711 330//711
f 306//712 307//712 331//712
f 307//713 308//713 332//713
f 309//714 333//714 332//714
f 310//715 334//715 333//715
f 311//716 335//716 334//716
f 312//717 336//717 335//717
f 313//718 337//718 336//718
f 290//719 314//719 337//719
f 315//720 339//720 338//720
f 316//721 340//721 339//721
f 317//722 341//722 340//722
f 318//723 342//723 341//723
f 319//724 343//724 342//724
f 320//725 344//725 343//725
f 321//726 345//726 344//726
f 321//727 322//727 346//727
f 322//728 323//728 347//728
f 323//729 324//729 348//729
f 324//730 325//730 349//730
f 325//731 326//731 350//731
f 326//732 327//732 351//732
f 327//733 328//733 352//733
f 328//734 329//734 353//734
f 329//735 330//735 354//735
f 330//736 331//736 355//736
f 331//737 332//737 356//737
f 332//738 333//738 357//738
f 334//739 358//739 357//739
f 335//740 359//740 358//740
f 336//741 360//741 359//741
f 337//742 361//742 360//742
f 314//743 338//743 361//743
f 339//744 363//744 362//744
f 340//745 364//745 363//745
f 341//746 365//746 364//746
f 342//747 366//747 365//747
f 343//748 367//748 366//748
f 344//749 368//749 367//749
f 345//750 369//750 368//750
f 345//751 346//751 370//751
f 346//752 347//752 371//752
f 347//753 348//753 372//753
f 348//754 349//754 373//754
f 349//755 350//755 374//755
f 350//756 351//756 375//756
f 351//757 352//757 376//757
f 352//758 353//758 377//758
f 353//759 354//759 378//759
f 354//760 355//760 379//760
f 355//761 356//761 380//761
f 356//762 357//762 381//762
f 358//763 382//763 381//763
f 359//764 383//764 382//764
f 360//765 384//765 383//765
f 361//766 385//766 384//766
f 338//767 362//767 385//767
f 363//768 387//768 386//768
f 364//769 388//769 387//769
f 365//770 389//770 388//770
f 366//771 390//771 389//771
f 367//772 391//772 390//772
f 368//773 392//773 391//773
f 369//774 393//774 392//774
f 369//775 370//775 394//775
f 370//776 371//776 395//776
f 371//777 372//777 396//777
f 372//778 373//778 397//778
f 373//779 374//779 398//779
f 374//780 375//780 399//780
f 375//781 376//781 400//781
f 376//782 377//782 401//782
f 377//783 378//783 402//783
f 378//784 379//784 403//784
f 379//785 380//785 404//785
f 380//786 381//786 405//786
f 382//787 406//787 405//787
f 383//788 407//788 406//788
f 384//789 408//789 407//789
f 385//790 409//790 408//790
f 362//791 386//791 409//791
o mushroom_tower_cap0
v -0.045743 4.413260 -0.205005
v 0.584303 4.295599 -0.205005
v 0.562061 4.295599 -0.367865
v 0.497774 4.295599 -0.518804
v 0.396473 4.295599 -0.647220
v 0.265920 4.295599 -0.744821
v 0.115567 4.295599 -0.807021
v -0.045743 4.295599 -0.831842
v -0.209096 4.295599 -0.814646
v -0.360875 4.295599 -0.750829
v -0.487266 4.295599 -0.646527
v -0.582235 4.295599 -0.514749
v -0.644769 4.295599 -0.365513
v -0.670532 4.295599 -0.205005
v -0.654375 4.295599 -0.041922
v -0.593783 4.295599 0.111406
v -0.493258 4.295599 0.242510
v -0.362029 4.295599 0.342819
v -0.209613 4.295599 0.406566
v -0.045743 4.295599 0.428573
v 0.118143 4.295599 0.406627
v 0.271224 4.295599 0.343999
v 0.402655 4.295599 0.243393
v 0.502743 4.295599 0.111664
v 0.564450 4.295599 -0.041504
v 1.214862 4.119105 -0.205005
v 1.168489 4.119105 -0.530357
v 1.039477 4.119105 -0.831557
v 0.837428 4.119105 -1.088176
v 0.576952 4.119105 -1.283544
v 0.276674 4.119105 -1.408280
v -0.045743 4.119105 -1.458753
v -0.372550 4.119105 -1.424666
v -0.675922 4.119105 -1.296506
v -0.928004 4.119105 -1.087265
v -1.117201 4.119105 -0.823611
v -1.242129 4.119105 -0.525575
v -1.294277 4.119105 -0.205005
v -1.262320 4.119105 0.120976
v -1.141758 4.119105 0.427780
v -0.941500 4.119105 0.690753
v -0.679048 4.119105 0.891912
v -0.373505 4.119105 1.018218
v -0.045743 4.119105 1.059551
v 0.280911 4.119105 1.014085
v 0.586416 4.119105 0.889927
v 0.850498 4.119105 0.691236
v 1.052862 4.119105 0.429275
v 1.176899 4.119105 0.122601
v 1.843310 3.841674 -0.205005
v 1.770367 3.841674 -0.691630
v 1.576309 3.841674 -1.141497
v 1.274887 3.841674 -1.525634
v 0.886165 3.841674 -1.819117
v 0.437174 3.841674 -2.007277
v -0.045743 3.841674 -2.084735
v -0.535884 3.841674 -2.034236
v -0.990401 3.841674 -1.841201
v -1.367335 3.841674 -1.526597
v -1.650300 3.841674 -1.131396
v -1.838095 3.841674 -0.685264
v -1.917571 3.841674 -0.205005
v -1.868935 3.841674 0.283518
v -1.687295 3.841674 0.742746
v -1.387119 3.841674 1.136371
v -0.993551 3.841674 1.436647
v -0.535292 3.841674 1.622016
v -0.045743 3.841674 1.678243
v 0.439966 3.841674 1.607687
v 0.895517 3.841674 1.425306
v 1.293400 3.841674 1.134138
v 1.601263 3.841674 0.745895
v 1.789092 3.841674 0.286638
v 2.201335 3.634003 -0.205005
v 2.112793 3.634003 -0.783383
v 1.881289 3.634003 -1.317577
v 1.523415 3.634003 -1.774162
v 1.062158 3.634003 -2.123946
v 0.528751 3.634003 -2.349045
v -0.045743 3.634003 -2.442436
v -0.629340 3.634003 -2.383018
v -1.170623 3.634003 -2.153353
v -1.619770 3.634003 -1.779031
v -1.957747 3.634003 -1.308900
v -2.182943 3.634003 -0.777666
v -2.278497 3.634003 -0.205005
v -2.218295 3.634003 0.377129
v -1.998728 3.634003 0.922551
v -1.639428 3.634003 1.388680
v -1.170591 3.634003 1.743289
v -0.626022 3.634003 1.960624
v -0.045743 3.634003 2.024331
v 0.528914 3.634003 1.939644
v 1.069019 3.634003 1.725819
v 1.543427 3.634003 1.384166
v 1.912492 3.634003 0.925583
v 2.137646 3.634003 0.380033
v 2.365444 3.513773 -0.205005
v 2.270067 3.513773 -0.825524
v 2.021185 3.513773 -1.398346
v 1.637209 3.513773 -1.887956
v 1.142754 3.513773 -2.263542
v 0.570749 3.513773 -2.505785
v -0.045743 3.513773 -2.606498
v -0.672295 3.513773 -2.543330
v -1.253854 3.513773 -2.297514
v -1.737124 3.513773 -1.896385
v -2.101638 3.513773 -1.391976
v -2.345034 3.513773 -0.821098
v -2.448083 3.513773 -0.205005
v -2.381295 3.513773 0.420805
v -2.142402 3.513773 1.005502
v -1.754602 3.513773 1.503854
v -1.250987 3.513773 1.882539
v -0.667276 3.513773 2.114588
v -0.045743 3.513773 2.182381
v 0.569645 3.513773 2.091656
v 1.148517 3.513773 1.863514
v 1.657790 3.513773 1.498529
v 2.054600 3.513773 1.007629
v 2.296923 3.513773 0.422711
v 2.484553 3.814349 -0.205005
v 2.386513 3.814349 -0.856726
v 2.126492 3.814349 -1.459145
v 1.722888 3.814349 -1.973636
v 1.202399 3.814349 -2.366851
v 0.601104 3.814349 -2.619070
v -0.045743 3.814349 -2.723030
v -0.702343 3.814349 -2.655468
v -1.311197 3.814349 -2.396835
v -1.816100 3.814349 -1.975361
v -2.195203 3.814349 -1.445996
v -2.446930 3.814349 -0.848401
v -2.553543 3.814349 -0.205005
v -2.488151 3.814349 0.449436
v -2.244491 3.814349 1.064443
v -1.842213 3.814349 1.591465
v -1.314969 3.814349 1.993359
v -0.701186 3.814349 2.241140
v -0.045743 3.814349 2.315854
v 0.604345 3.814349 2.221158
v 1.214245 3.814349 1.977359
v 1.747403 3.814349 1.588142
v 2.160279 3.814349 1.068643
v 2.412136 3.814349 0.453582
v 2.511835 4.107339 -0.205005
v 2.417540 4.107339 -0.865039
v 2.155752 4.107339 -1.476039
v 1.745902 4.107339 -1.996650
v 1.217524 4.107339 -2.393048
v 0.608365 4.107339 -2.646168
v -0.045743 4.107339 -2.748670
v -0.708794 4.107339 -2.679544
v -1.324264 4.107339 -2.419467
v -1.835621 4.107339 -1.994882
v -2.219398 4.107339 -1.459965
v -2.472854 4.107339 -0.855347
v -2.578727 4.107339 -0.205005
v -2.513903 4.107339 0.456337
v -2.269331 4.107339 1.078785
v -1.863102 4.107339 1.612354
v -1.330627 4.107339 2.020480
v -0.710675 4.107339 2.276554
v -0.045743 4.107339 2.360086
v 0.616810 4.107339 2.267677
v 1.236524 4.107339 2.015948
v 1.772435 4.107339 1.613174
v 2.183259 4.107339 1.081910
v 2.434999 4.107339 0.459708
v 2.407692 4.320520 -0.205005
v 2.321619 4.320520 -0.839337
v 2.071402 4.320520 -1.427339
v 1.676762 4.320520 -1.927510
v 1.168183 4.320520 -2.307585
v 0.582532 4.320520 -2.549759
v -0.045743 4.320520 -2.646197
v -0.681889 4.320520 -2.579134
v -1.273036 4.320520 -2.330739
v -1.765461 4.320520 -1.924723
v -2.135549 4.320520 -1.411555
v -2.379149 4.320520 -0.830239
v -2.479307 4.320520 -0.205005
v -2.416221 4.320520 0.430163
v -2.179975 4.320520 1.027195
v -1.788190 4.320520 1.537442
v -1.277117 4.320520 1.927797
v -0.683807 4.320520 2.176281
v -0.045743 4.320520 2.262698
v 0.592705 4.320520 2.177716
v 1.188984 4.320520 1.933605
v 1.700468 4.320520 1.541206
v 2.089658 4.320520 1.027870
v 2.329844 4.320520 0.431532
v 2.278992 4.536074 -0.205005
v 2.201993 4.536074 -0.807284
v 1.966033 4.536074 -1.366504
v 1.590882 4.536074 -1.841629
v 1.107400 4.536074 -2.202307
v 0.550945 4.536074 -2.431874
v -0.045743 4.536074 -2.521611
v -0.649169 4.536074 -2.457020
v -1.210407 4.536074 -2.222263
v -1.679233 4.536074 -1.838494
v -2.032358 4.536074 -1.351977
v -2.264170 4.536074 -0.799430
v -2.357750 4.536074 -0.205005
v -2.296016 4.536074 0.397954
v -2.068850 4.536074 0.963036
v -1.694113 4.536074 1.443366
v -1.209117 4.536074 1.810018
v -0.649028 4.536074 2.046486
v -0.045743 4.536074 2.133832
v 0.560503 4.536074 2.057537
v 1.126431 4.536074 1.825260
v 1.608522 4.536074 1.449260
v 1.973092 4.536074 0.960571
v 2.200345 4.536074 0.396833
v 2.069889 4.742775 -0.205005
v 2.003775 4.742775 -0.754171
v 1.790286 4.742775 -1.265037
v 1.448166 4.742775 -1.698914
v 1.006929 4.742775 -2.028287
v 0.498972 4.742775 -2.237908
v -0.045743 4.742775 -2.318402
v -0.595936 4.742775 -2.258352
v -1.107819 4.742775 -2.044574
v -1.536378 4.742775 -1.695639
v -1.859887 4.742775 -1.252401
v -2.071844 4.742775 -0.747897
v -2.155914 4.742775 -0.205005
v -2.097488 4.742775 0.344759
v -1.886989 4.742775 0.858039
v -1.542121 4.742775 1.291373
v -1.099796 4.742775 1.620668
v -0.592377 4.742775 1.835061
v -0.045743 4.742775 1.918246
v 0.505642 4.742775 1.852791
v 1.020661 4.742775 1.642062
v 1.457315 4.742775 1.298053
v 1.786244 4.742775 0.852694
v 1.993631 4.742775 0.341444
v 1.786705 4.928351 -0.205005
v 1.732178 4.928351 -0.681397
v 1.548385 4.928351 -1.125375
v 1.251843 4.928351 -1.502591
v 0.868868 4.928351 -1.789158
v 0.427619 4.928351 -1.971615
v -0.045743 4.928351 -2.040682
v -0.523348 4.928351 -1.987449
v -0.967531 4.928351 -1.801589
v -1.339836 4.928351 -1.499098
v -1.621298 4.928351 -1.114652
v -1.805459 4.928351 -0.676519
v -1.877515 4.928351 -0.205005
v -1.825209 4.928351 0.271802
v -1.640005 4.928351 0.715443
v -1.338324 4.928351 1.087576
v -0.954369 4.928351 1.368782
v -0.516725 4.928351 1.552725
v -0.045743 4.928351 1.626518
v 0.430604 4.928351 1.572749
v 0.876121 4.928351 1.391711
v 1.253012 4.928351 1.093750
v 1.536520 4.928351 0.708515
v 1.717139 4.928351 0.267358
v 1.435600 5.083091 -0.205005
v 1.393039 5.083091 -0.590525
v 1.245282 5.083091 -0.950378
v 1.005629 5.083091 -1.256377
v 0.695605 5.083091 -1.489056
v 0.338031 5.083091 -1.637269
v -0.045743 5.083091 -1.692821
v -0.432620 5.083091 -1.648847
v -0.792117 5.083091 -1.497762
v -1.093460 5.083091 -1.252722
v -1.321387 5.083091 -0.941498
v -1.470373 5.083091 -0.586733
v -1.528171 5.083091 -0.205005
v -1.485013 5.083091 0.180646
v -1.333770 5.083091 0.538638
v -1.088216 5.083091 0.837468
v -0.777291 5.083091 1.062074
v -0.424649 5.083091 1.209090
v -0.045743 5.083091 1.269180
v 0.338071 5.083091 1.227411
v 0.697584 5.083091 1.082475
v 1.001611 5.083091 0.842350
v 1.230376 5.083091 0.531763
v 1.377278 5.083091 0.176293
v 1.021449 5.199298 -0.205005
v 0.991413 5.199298 -0.482910
v 0.885424 5.199298 -0.742614
v 0.712907 5.199298 -0.963655
v 0.489377 5.199298 -1.131859
v 0.231322 5.199298 -1.239026
v -0.045743 5.199298 -1.278962
v -0.324874 5.199298 -1.246737
v -0.583994 5.199298 -1.137282
v -0.801062 5.199298 -0.960323
v -0.965198 5.199298 -0.735852
v -1.072403 5.199298 -0.480097
v -1.113826 5.199298 -0.205005
v -1.082489 5.199298 0.072790
v -0.973060 5.199298 0.330382
v -0.795537 5.199298 0.544789
v -0.571299 5.199298 0.705286
v -0.317757 5.199298 0.810163
v -0.045743 5.199298 0.853351
v 0.229973 5.199298 0.823982
v 0.488554 5.199298 0.720425
v 0.707358 5.199298 0.548097
v 0.872165 5.199298 0.324950
v 0.978521 5.199298 0.069446
v 0.544326 5.271328 -0.205005
v 0.527870 5.271328 -0.358704
v 0.469419 5.271328 -0.502434
v 0.374098 5.271328 -0.624845
v 0.250456 5.271328 -0.718036
v 0.107633 5.271328 -0.777410
v -0.045743 5.271328 -0.799479
v -0.200208 5.271328 -0.781475
v -0.343491 5.271328 -0.720719
v -0.463438 5.271328 -0.622700
v -0.554088 5.271328 -0.498498
v -0.613265 5.271328 -0.357072
v -0.636104 5.271328 -0.205005
v -0.618770 5.271328 -0.051463
v -0.558226 5.271328 0.090877
v -0.459961 5.271328 0.209213
v -0.335916 5.271328 0.297590
v -0.195857 5.271328 0.355226
v -0.045743 5.271328 0.378994
v 0.106435 5.271328 0.362933
v 0.249263 5.271328 0.305961
v 0.370203 5.271328 0.210941
v 0.461378 5.271328 0.087782
v 0.520356 5.271328 -0.053319
v -0.045743 5.295726 -0.205005
vn -0.1835 -0.9827 0.0251
vn -0.1707 -0.9826 0.0727
vn -0.1461 -0.9825 0.1153
vn -0.1118 -0.9824 0.1496
vn -0.0715 -0.9824 0.1728
vn -0.0284 -0.9824 0.1844
vn 0.0194 -0.9826 0.1845
vn 0.0717 -0.9828 0.1705
vn 0.1184 -0.9826 0.1435
vn 0.1521 -0.9823 0.1096
vn 0.1734 -0.9822 0.0727
vn 0.1850 -0.9823 0.0297
vn 0.1850 -0.9826 -0.0183
vn 0.1718 -0.9828 -0.0679
vn 0.1463 -0.9829 -0.1122
vn 0.1120 -0.9829 -0.1465
vn 0.0711 -0.9829 -0.1700
vn 0.0245 -0.9829 -0.1825
vn -0.0244 -0.9829 -0.1825
vn -0.0697 -0.9829 -0.1704
vn -0.1118 -0.9829 -0.1461
vn -0.1466 -0.9829 -0.1114
vn -0.1711 -0.9828 -0.0689
vn -0.1835 -0.9828 -0.0223
vn -0.2693 -0.9623 0.0384
vn -0.2511 -0.9620 0.1076
vn -0.2154 -0.9617 0.1696
vn -0.1649 -0.9615 0.2199
vn -0.1052 -0.9614 0.2542
vn -0.0417 -0.9616 0.2711
vn 0.0285 -0.9622 0.2709
vn 0.1057 -0.9624 0.2501
vn 0.1746 -0.9619 0.2103
vn 0.2241 -0.9612 0.1608
vn 0.2553 -0.9609 0.1070
vn 0.2723 -0.9612 0.0437
vn 0.2722 -0.9619 -0.0270
vn 0.2526 -0.9624 -0.0998
vn 0.2149 -0.9626 -0.1648
vn 0.1645 -0.9628 -0.2146
vn 0.1043 -0.9628 -0.2493
vn 0.0339 -0.9626 -0.2687
vn -0.0375 -0.9624 -0.2692
vn -0.1031 -0.9622 -0.2520
vn -0.1652 -0.9624 -0.2158
vn -0.2141 -0.9627 -0.1654
vn -0.2504 -0.9628 -0.1013
vn -0.2691 -0.9626 -0.0312
vn -0.4031 -0.9132 0.0604
vn -0.3768 -0.9119 0.1625
vn -0.3241 -0.9112 0.2543
vn -0.2485 -0.9110 0.3292
vn -0.1581 -0.9111 0.3807
vn -0.0635 -0.9119 0.4054
vn 0.0422 -0.9134 0.4048
vn 0.1586 -0.9140 0.3735
vn 0.2618 -0.9127 0.3137
vn 0.3353 -0.9110 0.2400
vn 0.3815 -0.9104 0.1599
vn 0.4065 -0.9113 0.0661
vn 0.4063 -0.9129 -0.0398
vn 0.3781 -0.9138 -0.1486
vn 0.3228 -0.9140 -0.2459
vn 0.2462 -0.9139 -0.3227
vn 0.1526 -0.9135 -0.3772
vn 0.0467 -0.9124 -0.4067
vn -0.0593 -0.9109 -0.4084
vn -0.1559 -0.9102 -0.3836
vn -0.2477 -0.9112 -0.3292
vn -0.3227 -0.9131 -0.2493
vn -0.3743 -0.9146 -0.1531
vn -0.4025 -0.9144 -0.0444
vn -0.5003 -0.8625 0.0766
vn -0.4675 -0.8604 0.2026
vn -0.4028 -0.8591 0.3157
vn -0.3095 -0.8588 0.4081
vn -0.1976 -0.8595 0.4715
vn -0.0805 -0.8613 0.5018
vn 0.0517 -0.8637 0.5014
vn 0.1962 -0.8647 0.4623
vn 0.3232 -0.8633 0.3877
vn 0.4123 -0.8615 0.2964
vn 0.4681 -0.8614 0.1970
vn 0.4978 -0.8633 0.0824
vn 0.4981 -0.8657 -0.0496
vn 0.4653 -0.8658 -0.1841
vn 0.4001 -0.8642 -0.3051
vn 0.3056 -0.8622 -0.4040
vn 0.1890 -0.8603 -0.4735
vn 0.0561 -0.8577 -0.5110
vn -0.0756 -0.8550 -0.5131
vn -0.1932 -0.8542 -0.4826
vn -0.3046 -0.8567 -0.4162
vn -0.3988 -0.8608 -0.3162
vn -0.4655 -0.8639 -0.1921
vn -0.5003 -0.8642 -0.0545
vn -0.5886 -0.8034 0.0905
vn -0.5487 -0.8013 0.2384
vn -0.4728 -0.7993 0.3708
vn -0.3642 -0.7984 0.4794
vn -0.2336 -0.7994 0.5536
vn -0.0958 -0.8020 0.5895
vn 0.0601 -0.8051 0.5900
vn 0.2298 -0.8072 0.5438
vn 0.3775 -0.8066 0.4548
vn 0.4795 -0.8062 0.3465
vn 0.5424 -0.8080 0.2299
vn 0.5762 -0.8116 0.0962
vn 0.5773 -0.8143 -0.0597
vn 0.5409 -0.8124 -0.2177
vn 0.4660 -0.8071 -0.3626
vn 0.3592 -0.8017 -0.4777
vn 0.2227 -0.7978 -0.5603
vn 0.0658 -0.7949 -0.6031
vn -0.0889 -0.7927 -0.6030
vn -0.2244 -0.7927 -0.5668
vn -0.3536 -0.7962 -0.4910
vn -0.4665 -0.8009 -0.3754
vn -0.5491 -0.8042 -0.2275
vn -0.5902 -0.8047 -0.0644
vn 0.9207 -0.3648 -0.1385
vn 0.8534 -0.3688 -0.3683
vn 0.7304 -0.3718 -0.5730
vn 0.5598 -0.3708 -0.7410
vn 0.3628 -0.3665 -0.8568
vn 0.1503 -0.3619 -0.9200
vn -0.0936 -0.3599 -0.9283
vn -0.3652 -0.3572 -0.8597
vn -0.5998 -0.3519 -0.7186
vn -0.7633 -0.3442 -0.5467
vn -0.8664 -0.3361 -0.3694
vn -0.9311 -0.3298 -0.1557
vn -0.9389 -0.3294 0.1002
vn -0.8696 -0.3430 0.3553
vn -0.7356 -0.3621 0.5725
vn -0.5612 -0.3782 0.7362
vn -0.3449 -0.3885 0.8545
vn -0.1040 -0.3959 0.9124
vn 0.1320 -0.4023 0.9060
vn 0.3352 -0.4052 0.8506
vn 0.5341 -0.3991 0.7453
vn 0.7172 -0.3867 0.5797
vn 0.8586 -0.3732 0.3516
vn 0.9254 -0.3652 0.1018
vn 0.9858 -0.0918 -0.1408
vn 0.9138 -0.1079 -0.3915
vn 0.7807 -0.1134 -0.6146
vn 0.5965 -0.1093 -0.7951
vn 0.3817 -0.1018 -0.9186
vn 0.1580 -0.0948 -0.9829
vn -0.1020 -0.0867 -0.9910
vn -0.3879 -0.0840 -0.9179
vn -0.6364 -0.0876 -0.7664
vn -0.8090 -0.0926 -0.5804
vn -0.9175 -0.0942 -0.3865
vn -0.9825 -0.0908 -0.1628
vn -0.9914 -0.0852 0.0991
vn -0.9259 -0.0900 0.3668
vn -0.7912 -0.0966 0.6039
vn -0.6032 -0.0994 0.7914
vn -0.3723 -0.1053 0.9221
vn -0.1124 -0.1228 0.9860
vn 0.1366 -0.1479 0.9795
vn 0.3663 -0.1611 0.9164
vn 0.5830 -0.1495 0.7986
vn 0.7854 -0.1190 0.6074
vn 0.9233 -0.0893 0.3736
vn 0.9902 -0.0797 0.1145
vn 0.8912 0.4354 -0.1273
vn 0.8347 0.4187 -0.3576
vn 0.7159 0.4120 -0.5636
vn 0.5464 0.4134 -0.7283
vn 0.3473 0.4171 -0.8399
vn 0.1376 0.4219 -0.8961
vn -0.0946 0.4313 -0.8972
vn -0.3505 0.4349 -0.8295
vn -0.5773 0.4281 -0.6953
vn -0.7384 0.4173 -0.5297
vn -0.8409 0.4108 -0.3524
vn -0.8995 0.4124 -0.1441
vn -0.9026 0.4210 0.0897
vn -0.8411 0.4263 0.3328
vn -0.7151 0.4326 0.5491
vn -0.5457 0.4419 0.7120
vn -0.3418 0.4455 0.8275
vn -0.1123 0.4345 0.8937
vn 0.1259 0.4122 0.9023
vn 0.3476 0.3976 0.8491
vn 0.5567 0.4044 0.7256
vn 0.7204 0.4276 0.5461
vn 0.8284 0.4487 0.3352
vn 0.8867 0.4509 0.1025
vn 0.8528 0.5092 -0.1157
vn 0.7998 0.4945 -0.3403
vn 0.6854 0.4877 -0.5408
vn 0.5228 0.4870 -0.6996
vn 0.3335 0.4880 -0.8066
vn 0.1296 0.4903 -0.8618
vn -0.0923 0.4983 -0.8621
vn -0.3349 0.5024 -0.7971
vn -0.5519 0.4972 -0.6694
vn -0.7081 0.4876 -0.5107
vn -0.8085 0.4808 -0.3392
vn -0.8659 0.4813 -0.1363
vn -0.8676 0.4893 0.0888
vn -0.8050 0.4973 0.3236
vn -0.6831 0.5083 0.5245
vn -0.5178 0.5219 0.6779
vn -0.3297 0.5307 0.7808
vn -0.1218 0.5264 0.8415
vn 0.1074 0.5102 0.8533
vn 0.3295 0.4968 0.8028
vn 0.5276 0.4988 0.6877
vn 0.6840 0.5130 0.5186
vn 0.7890 0.5259 0.3178
vn 0.8452 0.5244 0.1034
vn 0.7005 0.7086 -0.0843
vn 0.6569 0.7012 -0.2772
vn 0.5629 0.6968 -0.4445
vn 0.4300 0.6949 -0.5764
vn 0.2746 0.6939 -0.6657
vn 0.1052 0.6944 -0.7118
vn -0.0776 0.6989 -0.7110
vn -0.2748 0.7021 -0.6569
vn -0.4525 0.6998 -0.5528
vn -0.5823 0.6945 -0.4226
vn -0.6665 0.6910 -0.2800
vn -0.7137 0.6916 -0.1105
vn -0.7134 0.6966 0.0758
vn -0.6587 0.7022 0.2701
vn -0.5558 0.7093 0.4336
vn -0.4201 0.7175 0.5557
vn -0.2685 0.7240 0.6354
vn -0.1036 0.7249 0.6810
vn 0.0819 0.7194 0.6898
vn 0.2655 0.7131 0.6488
vn 0.4319 0.7119 0.5538
vn 0.5601 0.7154 0.4178
vn 0.6449 0.7187 0.2600
vn 0.6908 0.7166 0.0964
vn 0.5470 0.8348 -0.0626
vn 0.5114 0.8323 -0.2137
vn 0.4377 0.8303 -0.3451
vn 0.3348 0.8287 -0.4485
vn 0.2141 0.8277 -0.5187
vn 0.0810 0.8278 -0.5552
vn -0.0618 0.8299 -0.5545
vn -0.2140 0.8317 -0.5124
vn -0.3514 0.8308 -0.4316
vn -0.4522 0.8286 -0.3301
vn -0.5178 0.8273 -0.2177
vn -0.5542 0.8281 -0.0847
vn -0.5536 0.8305 0.0607
vn -0.5106 0.8330 0.2132
vn -0.4301 0.8354 0.3423
vn -0.3257 0.8382 0.4375
vn -0.2096 0.8411 0.4987
vn -0.0833 0.8428 0.5317
vn 0.0605 0.8422 0.5357
vn 0.2041 0.8403 0.5022
vn 0.3368 0.8390 0.4275
vn 0.4382 0.8386 0.3236
vn 0.5049 0.8385 0.2048
vn 0.5407 0.8374 0.0796
vn 0.4029 0.9142 -0.0445
vn 0.3756 0.9138 -0.1542
vn 0.3206 0.9131 -0.2520
vn 0.2454 0.9123 -0.3279
vn 0.1569 0.9118 -0.3795
vn 0.0588 0.9119 -0.4063
vn -0.0461 0.9127 -0.4060
vn -0.1571 0.9135 -0.3754
vn -0.2572 0.9131 -0.3165
vn -0.3307 0.9121 -0.2421
vn -0.3786 0.9118 -0.1590
vn -0.4049 0.9123 -0.0613
vn -0.4046 0.9134 0.0453
vn -0.3740 0.9142 0.1561
vn -0.3147 0.9143 0.2551
vn -0.2392 0.9144 0.3266
vn -0.1551 0.9151 0.3721
vn -0.0628 0.9162 0.3958
vn 0.0432 0.9168 0.3970
vn 0.1494 0.9167 0.3707
vn 0.2488 0.9160 0.3147
vn 0.3245 0.9152 0.2388
vn 0.3740 0.9147 0.1531
vn 0.4000 0.9145 0.0612
vn 0.2700 0.9624 -0.0292
vn 0.2510 0.9625 -0.1025
vn 0.2140 0.9623 -0.1676
vn 0.1637 0.9621 -0.2182
vn 0.1048 0.9619 -0.2524
vn 0.0390 0.9620 -0.2703
vn -0.0312 0.9623 -0.2702
vn -0.1051 0.9625 -0.2500
vn -0.1717 0.9623 -0.2111
vn -0.2207 0.9619 -0.1616
vn -0.2526 0.9617 -0.1059
vn -0.2700 0.9620 -0.0407
vn -0.2699 0.9624 0.0304
vn -0.2496 0.9626 0.1055
vn -0.2103 0.9623 0.1728
vn -0.1602 0.9619 0.2217
vn -0.1046 0.9618 0.2529
vn -0.0427 0.9622 0.2689
vn 0.0287 0.9627 0.2690
vn 0.1003 0.9629 0.2505
vn 0.1676 0.9627 0.2122
vn 0.2189 0.9624 0.1612
vn 0.2516 0.9621 0.1048
vn 0.2691 0.9622 0.0421
vn 0.1493 0.9887 -0.0160
vn 0.1385 0.9888 -0.0563
vn 0.1180 0.9887 -0.0921
vn 0.0903 0.9887 -0.1199
vn 0.0577 0.9886 -0.1388
vn 0.0214 0.9887 -0.1485
vn -0.0173 0.9888 -0.1485
vn -0.0581 0.9888 -0.1375
vn -0.0948 0.9887 -0.1162
vn -0.1218 0.9885 -0.0891
vn -0.1395 0.9885 -0.0584
vn -0.1491 0.9886 -0.0224
vn -0.1491 0.9887 0.0168
vn -0.1379 0.9887 0.0586
vn -0.1161 0.9886 0.0962
vn -0.0885 0.9884 0.1236
vn -0.0583 0.9883 0.1409
vn -0.0238 0.9884 0.1501
vn 0.0158 0.9885 0.1501
vn 0.0557 0.9887 0.1395
vn 0.0930 0.9886 0.1181
vn 0.1215 0.9885 0.0897
vn 0.1396 0.9885 0.0584
vn 0.1491 0.9885 0.0236
vn 0.0413 0.9991 -0.0044
vn 0.0383 0.9991 -0.0156
vn 0.0326 0.9991 -0.0254
vn 0.0250 0.9991 -0.0331
vn 0.0159 0.9991 -0.0383
vn 0.0059 0.9991 -0.0410
vn -0.0048 0.9991 -0.0410
vn -0.0161 0.9991 -0.0380
vn -0.0262 0.9991 -0.0321
vn -0.0337 0.9991 -0.0246
vn -0.0386 0.9991 -0.0162
vn -0.0413 0.9991 -0.0062
vn -0.0413 0.9991 0.0047
vn -0.0382 0.9991 0.0162
vn -0.0321 0.9991 0.0267
vn -0.0245 0.9991 0.0344
vn -0.0161 0.9991 0.0392
vn -0.0066 0.9991 0.0417
vn 0.0044 0.9991 0.0417
vn 0.0155 0.9991 0.0388
vn 0.0258 0.9991 0.0328
vn 0.0337 0.9991 0.0249
vn 0.0387 0.9991 0.0162
vn 0.0413 0.9991 0.0065
vn -0.2701 -0.9621 0.0369
vn -0.2515 -0.9619 0.1071
vn -0.2152 -0.9617 0.1697
vn -0.1645 -0.9615 0.2200
vn -0.1055 -0.9614 0.2540
vn -0.0424 -0.9617 0.2708
vn 0.0282 -0.9622 0.2708
vn 0.1053 -0.9624 0.2505
vn 0.1741 -0.9618 0.2110
vn 0.2239 -0.9612 0.1614
vn 0.2552 -0.9609 0.1070
vn 0.2720 -0.9613 0.0442
vn 0.2721 -0.9619 -0.0267
vn 0.2527 -0.9624 -0.0993
vn 0.2152 -0.9627 -0.1639
vn 0.1641 -0.9628 -0.2147
vn 0.1034 -0.9627 -0.2501
vn 0.0361 -0.9624 -0.2692
vn -0.0361 -0.9622 -0.2699
vn -0.1024 -0.9623 -0.2520
vn -0.1629 -0.9626 -0.2165
vn -0.2147 -0.9629 -0.1632
vn -0.2504 -0.9629 -0.1009
vn -0.2694 -0.9625 -0.0327
vn -0.4051 -0.9124 0.0577
vn -0.3777 -0.9117 0.1618
vn -0.3234 -0.9114 0.2546
vn -0.2471 -0.9113 0.3294
vn -0.1590 -0.9114 0.3795
vn -0.0649 -0.9123 0.4043
vn 0.0417 -0.9135 0.4046
vn 0.1581 -0.9138 0.3742
vn 0.2613 -0.9125 0.3149
vn 0.3352 -0.9109 0.2405
vn 0.3809 -0.9106 0.1603
vn 0.4057 -0.9115 0.0671
vn 0.4066 -0.9127 -0.0405
vn 0.3782 -0.9136 -0.1496
vn 0.3228 -0.9139 -0.2462
vn 0.2472 -0.9137 -0.3226
vn 0.1561 -0.9127 -0.3776
vn 0.0515 -0.9112 -0.4086
vn -0.0571 -0.9102 -0.4101
vn -0.1535 -0.9108 -0.3833
vn -0.2415 -0.9125 -0.3301
vn -0.3173 -0.9143 -0.2516
vn -0.3741 -0.9150 -0.1513
vn -0.4034 -0.9138 -0.0467
vn -0.5023 -0.8614 0.0753
vn -0.4688 -0.8599 0.2022
vn -0.4023 -0.8593 0.3157
vn -0.3079 -0.8596 0.4078
vn -0.1982 -0.8603 0.4697
vn -0.0814 -0.8620 0.5004
vn 0.0510 -0.8641 0.5008
vn 0.1962 -0.8649 0.4621
vn 0.3232 -0.8635 0.3872
vn 0.4120 -0.8621 0.2950
vn 0.4663 -0.8623 0.1977
vn 0.4970 -0.8638 0.0829
vn 0.5000 -0.8645 -0.0517
vn 0.4674 -0.8638 -0.1881
vn 0.4009 -0.8625 -0.3090
vn 0.3088 -0.8608 -0.4047
vn 0.1922 -0.8587 -0.4751
vn 0.0590 -0.8560 -0.5136
vn -0.0747 -0.8543 -0.5144
vn -0.1905 -0.8556 -0.4813
vn -0.2988 -0.8594 -0.4149
vn -0.3933 -0.8632 -0.3165
vn -0.4645 -0.8650 -0.1900
vn -0.5010 -0.8637 -0.0552
vn -0.5895 -0.8027 0.0902
vn -0.5502 -0.8003 0.2384
vn -0.4733 -0.7990 0.3709
vn -0.3631 -0.7993 0.4788
vn -0.2336 -0.8007 0.5516
vn -0.0961 -0.8029 0.5884
vn 0.0594 -0.8062 0.5887
vn 0.2298 -0.8086 0.5417
vn 0.3766 -0.8087 0.4519
vn 0.4776 -0.8088 0.3433
vn 0.5393 -0.8101 0.2299
vn 0.5757 -0.8120 0.0963
vn 0.5816 -0.8111 -0.0621
vn 0.5465 -0.8071 -0.2233
vn 0.4729 -0.8022 -0.3645
vn 0.3630 -0.7986 -0.4800
vn 0.2242 -0.7963 -0.5618
vn 0.0663 -0.7941 -0.6041
vn -0.0889 -0.7927 -0.6031
vn -0.2227 -0.7944 -0.5651
vn -0.3505 -0.7987 -0.4891
vn -0.4633 -0.8032 -0.3745
vn -0.5476 -0.8056 -0.2260
vn -0.5898 -0.8050 -0.0642
vn 0.9181 -0.3703 -0.1411
vn 0.8510 -0.3729 -0.3697
vn 0.7305 -0.3716 -0.5729
vn 0.5628 -0.3664 -0.7410
vn 0.3608 -0.3606 -0.8601
vn 0.1482 -0.3575 -0.9221
vn -0.0956 -0.3563 -0.9295
vn -0.3641 -0.3541 -0.8614
vn -0.5990 -0.3470 -0.7217
vn -0.7632 -0.3367 -0.5515
vn -0.8705 -0.3284 -0.3667
vn -0.9323 -0.3271 -0.1545
vn -0.9353 -0.3414 0.0935
vn -0.8667 -0.3617 0.3434
vn -0.7359 -0.3782 0.5617
vn -0.5536 -0.3893 0.7362
vn -0.3390 -0.3973 0.8528
vn -0.0992 -0.4038 0.9094
vn 0.1333 -0.4051 0.9045
vn 0.3406 -0.3972 0.8522
vn 0.5443 -0.3846 0.7456
vn 0.7265 -0.3726 0.5774
vn 0.8597 -0.3661 0.3562
vn 0.9249 -0.3665 0.1010
vn 0.9831 -0.1083 -0.1479
vn 0.9122 -0.1138 -0.3937
vn 0.7821 -0.1096 -0.6135
vn 0.5997 -0.1019 -0.7937
vn 0.3851 -0.0945 -0.9180
vn 0.1542 -0.0861 -0.9843
vn -0.1033 -0.0837 -0.9911
vn -0.3895 -0.0882 -0.9168
vn -0.6380 -0.0934 -0.7643
vn -0.8094 -0.0945 -0.5796
vn -0.9185 -0.0904 -0.3850
vn -0.9835 -0.0845 -0.1601
vn -0.9912 -0.0894 0.0972
vn -0.9264 -0.0964 0.3640
vn -0.7917 -0.0994 0.6028
vn -0.6049 -0.1054 0.7893
vn -0.3789 -0.1231 0.9172
vn -0.1233 -0.1481 0.9813
vn 0.1423 -0.1611 0.9766
vn 0.3721 -0.1490 0.9161
vn 0.5965 -0.1188 0.7937
vn 0.7797 -0.0892 0.6197
vn 0.9225 -0.0799 0.3777
vn 0.9898 -0.0922 0.1088
vn 0.8995 0.4195 -0.1221
vn 0.8380 0.4130 -0.3566
vn 0.7144 0.4145 -0.5637
vn 0.5439 0.4177 -0.7278
vn 0.3481 0.4210 -0.8376
vn 0.1398 0.4290 -0.8924
vn -0.0934 0.4339 -0.8961
vn -0.3497 0.4304 -0.8322
vn -0.5772 0.4204 -0.7001
vn -0.7391 0.4118 -0.5330
vn -0.8407 0.4111 -0.3524
vn -0.8966 0.4181 -0.1460
vn -0.9014 0.4239 0.0884
vn -0.8395 0.4317 0.3299
vn -0.7138 0.4418 0.5434
vn -0.5434 0.4457 0.7114
vn -0.3479 0.4346 0.8307
vn -0.1223 0.4124 0.9028
vn 0.1211 0.3975 0.9096
vn 0.3442 0.4041 0.8475
vn 0.5432 0.4274 0.7227
vn 0.7069 0.4489 0.5466
vn 0.8274 0.4522 0.3332
vn 0.8931 0.4363 0.1092
vn 0.8620 0.4948 -0.1102
vn 0.8038 0.4887 -0.3392
vn 0.6849 0.4883 -0.5408
vn 0.5217 0.4887 -0.6993
vn 0.3325 0.4896 -0.8061
vn 0.1317 0.4960 -0.8582
vn -0.0907 0.5013 -0.8605
vn -0.3343 0.4994 -0.7993
vn -0.5520 0.4906 -0.6743
vn -0.7092 0.4818 -0.5147
vn -0.8091 0.4800 -0.3390
vn -0.8627 0.4865 -0.1382
vn -0.8646 0.4950 0.0859
vn -0.8012 0.5074 0.3171
vn -0.6723 0.5224 0.5245
vn -0.5111 0.5307 0.6761
vn -0.3286 0.5255 0.7847
vn -0.1155 0.5097 0.8526
vn 0.1145 0.4968 0.8603
vn 0.3284 0.4985 0.8022
vn 0.5277 0.5137 0.6765
vn 0.6812 0.5270 0.5082
vn 0.7892 0.5253 0.3181
vn 0.8532 0.5094 0.1115
vn 0.7071 0.7013 -0.0904
vn 0.6610 0.6976 -0.2762
vn 0.5637 0.6961 -0.4445
vn 0.4304 0.6946 -0.5765
vn 0.2747 0.6938 -0.6657
vn 0.1066 0.6971 -0.7090
vn -0.0759 0.7011 -0.7091
vn -0.2746 0.7016 -0.6576
vn -0.4527 0.6971 -0.5560
vn -0.5833 0.6918 -0.4257
vn -0.6671 0.6904 -0.2799
vn -0.7110 0.6942 -0.1119
vn -0.7099 0.7005 0.0727
vn -0.6542 0.7091 0.2630
vn -0.5442 0.7186 0.4331
vn -0.4117 0.7243 0.5530
vn -0.2684 0.7238 0.6357
vn -0.0997 0.7182 0.6886
vn 0.0876 0.7127 0.6960
vn 0.2666 0.7121 0.6495
vn 0.4317 0.7166 0.5479
vn 0.5583 0.7199 0.4124
vn 0.6463 0.7166 0.2622
vn 0.7001 0.7082 0.0915
vn 0.5507 0.8320 -0.0663
vn 0.5144 0.8307 -0.2129
vn 0.4390 0.8295 -0.3451
vn 0.3358 0.8281 -0.4488
vn 0.2146 0.8274 -0.5191
vn 0.0818 0.8287 -0.5537
vn -0.0604 0.8310 -0.5531
vn -0.2141 0.8320 -0.5118
vn -0.3514 0.8303 -0.4325
vn -0.4526 0.8279 -0.3314
vn -0.5180 0.8272 -0.2176
vn -0.5526 0.8290 -0.0856
vn -0.5515 0.8321 0.0586
vn -0.5078 0.8359 0.2083
vn -0.4222 0.8394 0.3422
vn -0.3192 0.8416 0.4358
vn -0.2100 0.8419 0.4971
vn -0.0814 0.8410 0.5350
vn 0.0640 0.8397 0.5393
vn 0.2059 0.8393 0.5032
vn 0.3368 0.8397 0.4260
vn 0.4378 0.8394 0.3222
vn 0.5063 0.8371 0.2073
vn 0.5465 0.8340 0.0763
vn 0.4044 0.9134 -0.0463
vn 0.3763 0.9133 -0.1558
vn 0.3217 0.9127 -0.2519
vn 0.2462 0.9120 -0.3281
vn 0.1574 0.9116 -0.3797
vn 0.0592 0.9121 -0.4057
vn -0.0452 0.9131 -0.4052
vn -0.1574 0.9138 -0.3745
vn -0.2572 0.9131 -0.3163
vn -0.3308 0.9121 -0.2422
vn -0.3785 0.9118 -0.1591
vn -0.4042 0.9126 -0.0618
vn -0.4038 0.9138 0.0443
vn -0.3717 0.9150 0.1570
vn -0.3109 0.9155 0.2555
vn -0.2355 0.9156 0.3260
vn -0.1558 0.9156 0.3706
vn -0.0621 0.9159 0.3966
vn 0.0450 0.9161 0.3984
vn 0.1509 0.9162 0.3713
vn 0.2488 0.9159 0.3150
vn 0.3246 0.9152 0.2391
vn 0.3747 0.9141 0.1549
vn 0.4026 0.9135 0.0593
vn 0.2704 0.9623 -0.0299
vn 0.2512 0.9624 -0.1032
vn 0.2146 0.9623 -0.1675
vn 0.1642 0.9620 -0.2182
vn 0.1047 0.9619 -0.2526
vn 0.0391 0.9620 -0.2701
vn -0.0307 0.9624 -0.2699
vn -0.1054 0.9626 -0.2495
vn -0.1718 0.9623 -0.2107
vn -0.2207 0.9619 -0.1614
vn -0.2524 0.9618 -0.1060
vn -0.2698 0.9620 -0.0409
vn -0.2698 0.9625 0.0302
vn -0.2491 0.9627 0.1058
vn -0.2091 0.9625 0.1731
vn -0.1587 0.9621 0.2217
vn -0.1051 0.9620 0.2521
vn -0.0426 0.9622 0.2689
vn 0.0293 0.9626 0.2694
vn 0.1011 0.9628 0.2507
vn 0.1675 0.9627 0.2127
vn 0.2189 0.9623 0.1616
vn 0.2524 0.9620 0.1043
vn 0.2699 0.9620 0.0413
vn 0.1493 0.9887 -0.0161
vn 0.1385 0.9887 -0.0565
vn 0.1182 0.9887 -0.0920
vn 0.0904 0.9887 -0.1199
vn 0.0576 0.9886 -0.1388
vn -0.0171 0.9888 -0.1485
vn -0.0582 0.9888 -0.1374
vn -0.0949 0.9887 -0.1161
vn -0.1219 0.9886 -0.0889
vn -0.1394 0.9885 -0.0584
vn -0.1378 0.9887 0.0586
vn -0.1159 0.9886 0.0963
vn -0.0882 0.9884 0.1237
vn -0.0580 0.9883 0.1409
vn 0.0160 0.9885 0.1502
vn 0.0559 0.9886 0.1395
vn 0.0929 0.9886 0.1183
vn 0.1214 0.9885 0.0899
vn 0.1398 0.9885 0.0582
vn 0.1492 0.9885 0.0233
s 0
usemtl flesh_cap
f 411//792 413//792 412//792
f 411//793 414//793 413//793
f 411//794 415//794 414//794
f 411//795 416//795 415//795
f 411//796 417//796 416//796
f 411//797 418//797 417//797
f 411//798 419//798 418//798
f 411//799 420//799 419//799
f 411//800 421//800 420//800
f 411//801 422//801 421//801
f 411//802 423//802 422//802
f 411//803 424//803 423//803
f 411//804 425//804 424//804
f 411//805 426//805 425//805
f 411//806 427//806 426//806
f 411//807 428//807 427//807
f 411//808 429//808 428//808
f 411//809 430//809 429//809
f 411//810 431//810 430//810
f 411//811 432//811 431//811
f 411//812 433//812 432//812
f 411//813 434//813 433//813
f 411//814 435//814 434//814
f 411//815 412//815 435//815
f 412//816 437//816 436//816
f 413//817 438//817 437//817
f 414//818 439//818 438//818
f 415//819 440//819 439//819
f 417//820 440//820 416//820
f 418//821 441//821 417//821
f 419//822 442//822 418//822
f 419//823 444//823 443//823
f 420//824 445//824 444//824
f 421//825 446//825 445//825
f 423//826 446//826 422//826
f 424//827 447//827 423//827
f 425//828 448//828 424//828
f 426//829 449//829 425//829
f 427//830 450//830 426//830
f 427//831 452//831 451//831
f 429//832 452//832 428//832
f 429//833 454//833 453//833
f 430//834 455//834 454//834
f 432//835 455//835 431//835
f 433//836 456//836 432//836
f 433//837 458//837 457//837
f 434//838 459//838 458//838
f 435//839 436//839 459//839
f 436//840 461//840 460//840
f 437//841 462//841 461//841
f 438//842 463//842 462//842
f 439//843 464//843 463//843
f 441//844 464//844 440//844
f 442//845 465//845 441//845
f 443//846 466//846 442//846
f 443//847 468//847 467//847
f 444//848 469//848 468//848
f 445//849 470//849 469//849
f 447//850 470//850 446//850
f 448//851 471//851 447//851
f 449//852 472//852 448//852
f 450//853 473//853 449//853
f 451//854 474//854 450//854
f 451//855 476//855 475//855
f 452//856 477//856 476//856
f 453//857 478//857 477//857
f 454//858 479//858 478//858
f 456//859 479//859 455//859
f 457//860 480//860 456//860
f 458//861 481//861 457//861
f 458//862 483//862 482//862
f 459//863 460//863 483//863
f 460//864 485//864 484//864
f 461//865 486//865 485//865
f 462//866 487//866 486//866
f 463//867 488//867 487//867
f 465//868 488//868 464//868
f 466//869 489//869 465//869
f 467//870 490//870 466//870
f 467//871 492//871 491//871
f 468//872 493//872 492//872
f 469//873 494//873 493//873
f 471//874 494//874 470//874
f 472//875 495//875 471//875
f 473//876 496//876 472//876
f 474//877 497//877 473//877
f 475//878 498//878 474//878
f 475//879 500//879 499//879
f 476//880 501//880 500//880
f 477//881 502//881 501//881
f 478//882 503//882 502//882
f 480//883 503//883 479//883
f 481//884 504//884 480//884
f 482//885 505//885 481//885
f 482//886 507//886 506//886
f 483//887 484//887 507//887
f 484//888 509//888 508//888
f 485//889 510//889 509//889
f 486//890 511//890 510//890
f 487//891 512//891 511//891
f 489//892 512//892 488//892
f 490//893 513//893 489//893
f 491//894 514//894 490//894
f 491//895 516//895 515//895
f 492//896 517//896 516//896
f 493//897 518//897 517//897
f 495//898 518//898 494//898
f 496//899 519//899 495//899
f 497//900 520//900 496//900
f 498//901 521//901 497//901
f 498//902 523//902 522//902
f 499//903 524//903 523//903
f 500//904 525//904 524//904
f 501//905 526//905 525//905
f 502//906 527//906 526//906
f 504//907 527//907 503//907
f 505//908 528//908 504//908
f 506//909 529//909 505//909
f 506//910 531//910 530//910
f 507//911 508//911 531//911
f 508//912 533//912 532//912
f 509//913 534//913 533//913
f 510//914 535//914 534//914
f 511//915 536//915 535//915
f 513//916 536//916 512//916
f 514//917 537//917 513//917
f 515//918 538//918 514//918
f 515//919 540//919 539//919
f 516//920 541//920 540//920
f 517//921 542//921 541//921
f 519//922 542//922 518//922
f 520//923 543//923 519//923
f 521//924 544//924 520//924
f 522//925 545//925 521//925
f 523//926 546//926 522//926
f 523//927 548//927 547//927
f 524//928 549//928 548//928
f 525//929 550//929 549//929
f 526//930 551//930 550//930
f 528//931 551//931 527//931
f 529//932 552//932 528//932
f 530//933 553//933 529//933
f 530//934 555//934 554//934
f 531//935 532//935 555//935
f 532//936 557//936 556//936
f 533//937 558//937 557//937
f 534//938 559//938 558//938
f 535//939 560//939 559//939
f 536//940 561//940 560//940
f 538//941 561//941 537//941
f 539//942 562//942 538//942
f 539//943 564//943 563//943
f 540//944 565//944 564//944
f 541//945 566//945 565//945
f 543//946 566//946 542//946
f 544//947 567//947 543//947
f 545//948 568//948 544//948
f 546//949 569//949 545//949
f 547//950 570//950 546//950
f 548//951 571//951 547//951
f 549//952 572//952 548//952
f 550//953 573//953 549//953
f 550//954 575//954 574//954
f 552//955 575//955 551//955
f 553//956 576//956 552//956
f 553//957 578//957 577//957
f 554//958 579//958 578//958
f 555//959 556//959 579//959
f 557//960 580//960 556//960
f 558//961 581//961 557//961
f 559//962 582//962 558//962
f 560//963 583//963 559//963
f 560//964 585//964 584//964
f 561//965 586//965 585//965
f 562//966 587//966 586//966
f 564//967 587//967 563//967
f 565//968 588//968 564//968
f 566//969 589//969 565//969
f 566//970 591//970 590//970
f 567//971 592//971 591//971
f 568//972 593//972 592//972
f 569//973 594//973 593//973
f 570//974 595//974 594//974
f 572//975 595//975 571//975
f 573//976 596//976 572//976
f 574//977 597//977 573//977
f 575//978 598//978 574//978
f 575//979 600//979 599//979
f 576//980 601//980 600//980
f 577//981 602//981 601//981
f 579//982 602//982 578//982
f 556//983 603//983 579//983
f 581//984 604//984 580//984
f 582//985 605//985 581//985
f 583//986 606//986 582//986
f 584//987 607//987 583//987
f 585//988 608//988 584//988
f 585//989 610//989 609//989
f 586//990 611//990 610//990
f 588//991 611//991 587//991
f 589//992 612//992 588//992
f 590//993 613//993 589//993
f 590//994 615//994 614//994
f 591//995 616//995 615//995
f 592//996 617//996 616//996
f 593//997 618//997 617//997
f 595//998 618//998 594//998
f 596//999 619//999 595//999
f 596//1000 621//1000 620//1000
f 597//1001 622//1001 621//1001
f 598//1002 623//1002 622//1002
f 599//1003 624//1003 623//1003
f 601//1004 624//1004 600//1004
f 602//1005 625//1005 601//1005
f 603//1006 626//1006 602//1006
f 580//1007 627//1007 603//1007
f 604//1008 629//1008 628//1008
f 606//1009 629//1009 605//1009
f 607//1010 630//1010 606//1010
f 608//1011 631//1011 607//1011
f 609//1012 632//1012 608//1012
f 609//1013 634//1013 633//1013
f 610//1014 635//1014 634//1014
f 612//1015 635//1015 611//1015
f 613//1016 636//1016 612//1016
f 614//1017 637//1017 613//1017
f 614//1018 639//1018 638//1018
f 615//1019 640//1019 639//1019
f 616//1020 641//1020 640//1020
f 617//1021 642//1021 641//1021
f 619//1022 642//1022 618//1022
f 620//1023 643//1023 619//1023
f 620//1024 645//1024 644//1024
f 621//1025 646//1025 645//1025
f 622//1026 647//1026 646//1026
f 623//1027 648//1027 647//1027
f 625//1028 648//1028 624//1028
f 626//1029 649//1029 625//1029
f 627//1030 650//1030 626//1030
f 627//1031 628//1031 651//1031
f 628//1032 653//1032 652//1032
f 630//1033 653//1033 629//1033
f 631//1034 654//1034 630//1034
f 632//1035 655//1035 631//1035
f 633//1036 656//1036 632//1036
f 633//1037 658//1037 657//1037
f 634//1038 659//1038 658//1038
f 636//1039 659//1039 635//1039
f 637//1040 660//1040 636//1040
f 638//1041 661//1041 637//1041
f 638//1042 663//1042 662//1042
f 639//1043 664//1043 663//1043
f 640//1044 665//1044 664//1044
f 641//1045 666//1045 665//1045
f 643//1046 666//1046 642//1046
f 644//1047 667//1047 643//1047
f 644//1048 669//1048 668//1048
f 645//1049 670//1049 669//1049
f 646//1050 671//1050 670//1050
f 647//1051 672//1051 671//1051
f 649//1052 672//1052 648//1052
f 650//1053 673//1053 649//1053
f 651//1054 674//1054 650//1054
f 651//1055 652//1055 675//1055
f 652//1056 677//1056 676//1056
f 653//1057 678//1057 677//1057
f 655//1058 678//1058 654//1058
f 656//1059 679//1059 655//1059
f 657//1060 680//1060 656//1060
f 657//1061 682//1061 681//1061
f 658//1062 683//1062 682//1062
f 660//1063 683//1063 659//1063
f 661//1064 684//1064 660//1064
f 662//1065 685//1065 661//1065
f 662//1066 687//1066 686//1066
f 663//1067 688//1067 687//1067
f 664//1068 689//1068 688//1068
f 666//1069 689//1069 665//1069
f 667//1070 690//1070 666//1070
f 668//1071 691//1071 667//1071
f 668//1072 693//1072 692//1072
f 669//1073 694//1073 693//1073
f 670//1074 695//1074 694//1074
f 671//1075 696//1075 695//1075
f 673//1076 696//1076 672//1076
f 674//1077 697//1077 673//1077
f 675//1078 698//1078 674//1078
f 675//1079 676//1079 699//1079
f 676//1080 701//1080 700//1080
f 677//1081 702//1081 701//1081
f 679//1082 702//1082 678//1082
f 680//1083 703//1083 679//1083
f 680//1084 705//1084 704//1084
f 681//1085 706//1085 705//1085
f 682//1086 707//1086 706//1086
f 684//1087 707//1087 683//1087
f 685//1088 708//1088 684//1088
f 686//1089 709//1089 685//1089
f 686//1090 711//1090 710//1090
f 687//1091 712//1091 711//1091
f 688//1092 713//1092 712//1092
f 690//1093 713//1093 689//1093
f 691//1094 714//1094 690//1094
f 692//1095 715//1095 691//1095
f 692//1096 717//1096 716//1096
f 693//1097 718//1097 717//1097
f 694//1098 719//1098 718//1098
f 695//1099 720//1099 719//1099
f 697//1100 720//1100 696//1100
f 698//1101 721//1101 697//1101
f 698//1102 723//1102 722//1102
f 699//1103 700//1103 723//1103
f 700//1104 725//1104 724//1104
f 701//1105 726//1105 725//1105
f 703//1106 726//1106 702//1106
f 704//1107 727//1107 703//1107
f 704//1108 729//1108 728//1108
f 705//1109 730//1109 729//1109
f 706//1110 731//1110 730//1110
f 708//1111 731//1111 707//1111
f 709//1112 732//1112 708//1112
f 710//1113 733//1113 709//1113
f 710//1114 735//1114 734//1114
f 711//1115 736//1115 735//1115
f 712//1116 737//1116 736//1116
f 714//1117 737//1117 713//1117
f 715//1118 738//1118 714//1118
f 716//1119 739//1119 715//1119
f 717//1120 740//1120 716//1120
f 717//1121 742//1121 741//1121
f 718//1122 743//1122 742//1122
f 719//1123 744//1123 743//1123
f 721//1124 744//1124 720//1124
f 722//1125 745//1125 721//1125
f 722//1126 747//1126 746//1126
f 723//1127 724//1127 747//1127
f 724//1128 725//1128 748//1128
f 725//1129 726//1129 748//1129
f 726//1130 727//1130 748//1130
f 727//1131 728//1131 748//1131
f 728//1132 729//1132 748//1132
f 729//1133 730//1133 748//1133
f 730//1134 731//1134 748//1134
f 731//1135 732//1135 748//1135
f 732//1136 733//1136 748//1136
f 733//1137 734//1137 748//1137
f 734//1138 735//1138 748//1138
f 735//1139 736//1139 748//1139
f 736//1140 737//1140 748//1140
f 737//1141 738//1141 748//1141
f 738//1142 739//1142 748//1142
f 739//1143 740//1143 748//1143
f 740//1144 741//1144 748//1144
f 741//1145 742//1145 748//1145
f 742//1146 743//1146 748//1146
f 743//1147 744//1147 748//1147
f 744//1148 745//1148 748//1148
f 745//1149 746//1149 748//1149
f 746//1150 747//1150 748//1150
f 747//1151 724//1151 748//1151
f 412//1152 413//1152 437//1152
f 413//1153 414//1153 438//1153
f 414//1154 415//1154 439//1154
f 415//1155 416//1155 440//1155
f 417//1156 441//1156 440//1156
f 418//1157 442//1157 441//1157
f 419//1158 443//1158 442//1158
f 419//1159 420//1159 444//1159
f 420//1160 421//1160 445//1160
f 421//1161 422//1161 446//1161
f 423//1162 447//1162 446//1162
f 424//1163 448//1163 447//1163
f 425//1164 449//1164 448//1164
f 426//1165 450//1165 449//1165
f 427//1166 451//1166 450//1166
f 427//1167 428//1167 452//1167
f 429//1168 453//1168 452//1168
f 429//1169 430//1169 454//1169
f 430//1170 431//1170 455//1170
f 432//1171 456//1171 455//1171
f 433//1172 457//1172 456//1172
f 433//1173 434//1173 458//1173
f 434//1174 435//1174 459//1174
f 435//1175 412//1175 436//1175
f 436//1176 437//1176 461//1176
f 437//1177 438//1177 462//1177
f 438//1178 439//1178 463//1178
f 439//1179 440//1179 464//1179
f 441//1180 465//1180 464//1180
f 442//1181 466//1181 465//1181
f 443//1182 467//1182 466//1182
f 443//1183 444//1183 468//1183
f 444//1184 445//1184 469//1184
f 445//1185 446//1185 470//1185
f 447//1186 471//1186 470//1186
f 448//1187 472//1187 471//1187
f 449//1188 473//1188 472//1188
f 450//1189 474//1189 473//1189
f 451//1190 475//1190 474//1190
f 451//1191 452//1191 476//1191
f 452//1192 453//1192 477//1192
f 453//1193 454//1193 478//1193
f 454//1194 455//1194 479//1194
f 456//1195 480//1195 479//1195
f 457//1196 481//1196 480//1196
f 458//1197 482//1197 481//1197
f 458//1198 459//1198 483//1198
f 459//1199 436//1199 460//1199
f 460//1200 461//1200 485//1200
f 461//1201 462//1201 486//1201
f 462//1202 463//1202 487//1202
f 463//1203 464//1203 488//1203
f 465//1204 489//1204 488//1204
f 466//1205 490//1205 489//1205
f 467//1206 491//1206 490//1206
f 467//1207 468//1207 492//1207
f 468//1208 469//1208 493//1208
f 469//1209 470//1209 494//1209
f 471//1210 495//1210 494//1210
f 472//1211 496//1211 495//1211
f 473//1212 497//1212 496//1212
f 474//1213 498//1213 497//1213
f 475//1214 499//1214 498//1214
f 475//1215 476//1215 500//1215
f 476//1216 477//1216 501//1216
f 477//1217 478//1217 502//1217
f 478//1218 479//1218 503//1218
f 480//1219 504//1219 503//1219
f 481//1220 505//1220 504//1220
f 482//1221 506//1221 505//1221
f 482//1222 483//1222 507//1222
f 483//1223 460//1223 484//1223
f 484//1224 485//1224 509//1224
f 485//1225 486//1225 510//1225
f 486//1226 487//1226 511//1226
f 487//1227 488//1227 512//1227
f 489//1228 513//1228 512//1228
f 490//1229 514//1229 513//1229
f 491//1230 515//1230 514//1230
f 491//1231 492//1231 516//1231
f 492//1232 493//1232 517//1232
f 493//1233 494//1233 518//1233
f 495//1234 519//1234 518//1234
f 496//1235 520//1235 519//1235
f 497//1236 521//1236 520//1236
f 498//1237 522//1237 521//1237
f 498//1238 499//1238 523//1238
f 499//1239 500//1239 524//1239
f 500//1240 501//1240 525//1240
f 501//1241 502//1241 526//1241
f 502//1242 503//1242 527//1242
f 504//1243 528//1243 527//1243
f 505//1244 529//1244 528//1244
f 506//1245 530//1245 529//1245
f 506//1246 507//1246 531//1246
f 507//1247 484//1247 508//1247
f 508//1248 509//1248 533//1248
f 509//1249 510//1249 534//1249
f 510//1250 511//1250 535//1250
f 511//1251 512//1251 536//1251
f 513//1252 537//1252 536//1252
f 514//1253 538//1253 537//1253
f 515//1254 539//1254 538//1254
f 515//1255 516//1255 540//1255
f 516//1256 517//1256 541//1256
f 517//1257 518//1257 542//1257
f 519//1258 543//1258 542//1258
f 520//1259 544//1259 543//1259
f 521//1260 545//1260 544//1260
f 522//1261 546//1261 545//1261
f 523//1262 547//1262 546//1262
f 523//1263 524//1263 548//1263
f 524//1264 525//1264 549//1264
f 525//1265 526//1265 550//1265
f 526//1266 527//1266 551//1266
f 528//1267 552//1267 551//1267
f 529//1268 553//1268 552//1268
f 530//1269 554//1269 553//1269
f 530//1270 531//1270 555//1270
f 531//1271 508//1271 532//1271
f 532//1272 533//1272 557//1272
f 533//1273 534//1273 558//1273
f 534//1274 535//1274 559//1274
f 535//1275 536//1275 560//1275
f 536//1276 537//1276 561//1276
f 538//1277 562//1277 561//1277
f 539//1278 563//1278 562//1278
f 539//1279 540//1279 564//1279
f 540//1280 541//1280 565//1280
f 541//1281 542//1281 566//1281
f 543//1282 567//1282 566//1282
f 544//1283 568//1283 567//1283
f 545//1284 569//1284 568//1284
f 546//1285 570//1285 569//1285
f 547//1286 571//1286 570//1286
f 548//1287 572//1287 571//1287
f 549//1288 573//1288 572//1288
f 550//1289 574//1289 573//1289
f 550//1290 551//1290 575//1290
f 552//1291 576//1291 575//1291
f 553//1292 577//1292 576//1292
f 553//1293 554//1293 578//1293
f 554//1294 555//1294 579//1294
f 555//1295 532//1295 556//1295
f 557//1296 581//1296 580//1296
f 558//1297 582//1297 581//1297
f 559//1298 583//1298 582//1298
f 560//1299 584//1299 583//1299
f 560//1300 561//1300 585//1300
f 561//1301 562//1301 586//1301
f 562//1302 563//1302 587//1302
f 564//1303 588//1303 587//1303
f 565//1304 589//1304 588//1304
f 566//1305 590//1305 589//1305
f 566//1306 567//1306 591//1306
f 567//1307 568//1307 592//1307
f 568//1308 569//1308 593//1308
f 569//1309 570//1309 594//1309
f 570//1310 571//1310 595//1310
f 572//1311 596//1311 595//1311
f 573//1312 597//1312 596//1312
f 574//1313 598//1313 597//1313
f 575//1314 599//1314 598//1314
f 575//1315 576//1315 600//1315
f 576//1316 577//1316 601//1316
f 577//1317 578//1317 602//1317
f 579//1318 603//1318 602//1318
f 556//1319 580//1319 603//1319
f 581//1320 605//1320 604//1320
f 582//1321 606//1321 605//1321
f 583//1322 607//1322 606//1322
f 584//1323 608//1323 607//1323
f 585//1324 609//1324 608//1324
f 585//1325 586//1325 610//1325
f 586//1326 587//1326 611//1326
f 588//1327 612//1327 611//1327
f 589//1328 613//1328 612//1328
f 590//1329 614//1329 613//1329
f 590//1330 591//1330 615//1330
f 591//1331 592//1331 616//1331
f 592//1332 593//1332 617//1332
f 593//1333 594//1333 618//1333
f 595//1334 619//1334 618//1334
f 596//1335 620//1335 619//1335
f 596//1336 597//1336 621//1336
f 597//1337 598//1337 622//1337
f 598//1338 599//1338 623//1338
f 599//1339 600//1339 624//1339
f 601//1340 625//1340 624//1340
f 602//1341 626//1341 625//1341
f 603//1342 627//1342 626//1342
f 580//1343 604//1343 627//1343
f 604//1344 605//1344 629//1344
f 606//1345 630//1345 629//1345
f 607//1346 631//1346 630//1346
f 608//1347 632//1347 631//1347
f 609//1348 633//1348 632//1348
f 609//1349 610//1349 634//1349
f 610//1350 611//1350 635//1350
f 612//1351 636//1351 635//1351
f 613//1352 637//1352 636//1352
f 614//1353 638//1353 637//1353
f 614//1354 615//1354 639//1354
f 615//1355 616//1355 640//1355
f 616//1356 617//1356 641//1356
f 617//1357 618//1357 642//1357
f 619//1358 643//1358 642//1358
f 620//1359 644//1359 643//1359
f 620//1360 621//1360 645//1360
f 621//1361 622//1361 646//1361
f 622//1362 623//1362 647//1362
f 623//1363 624//1363 648//1363
f 625//1364 649//1364 648//1364
f 626//1365 650//1365 649//1365
f 627//1366 651//1366 650//1366
f 627//1367 604//1367 628//1367
f 628//1368 629//1368 653//1368
f 630//1369 654//1369 653//1369
f 631//1370 655//1370 654//1370
f 632//1371 656//1371 655//1371
f 633//1372 657//1372 656//1372
f 633//1373 634//1373 658//1373
f 634//1374 635//1374 659//1374
f 636//1375 660//1375 659//1375
f 637//1376 661//1376 660//1376
f 638//1377 662//1377 661//1377
f 638//1378 639//1378 663//1378
f 639//1379 640//1379 664//1379
f 640//1380 641//1380 665//1380
f 641//1381 642//1381 666//1381
f 643//1382 667//1382 666//1382
f 644//1383 668//1383 667//1383
f 644//1384 645//1384 669//1384
f 645//1385 646//1385 670//1385
f 646//1386 647//1386 671//1386
f 647//1387 648//1387 672//1387
f 649//1388 673//1388 672//1388
f 650//1389 674//1389 673//1389
f 651//1390 675//1390 674//1390
f 651//1391 628//1391 652//1391
f 652//1392 653//1392 677//1392
f 653//1393 654//1393 678//1393
f 655//1394 679//1394 678//1394
f 656//1395 680//1395 679//1395
f 657//1396 681//1396 680//1396
f 657//1397 658//1397 682//1397
f 658//1398 659//1398 683//1398
f 660//1399 684//1399 683//1399
f 661//1400 685//1400 684//1400
f 662//1401 686//1401 685//1401
f 662//1402 663//1402 687//1402
f 663//1403 664//1403 688//1403
f 664//1404 665//1404 689//1404
f 666//1405 690//1405 689//1405
f 667//1406 691//1406 690//1406
f 668//1407 692//1407 691//1407
f 668//1408 669//1408 693//1408
f 669//1409 670//1409 694//1409
f 670//1410 671//1410 695//1410
f 671//1411 672//1411 696//1411
f 673//1412 697//1412 696//1412
f 674//1413 698//1413 697//1413
f 675//1414 699//1414 698//1414
f 675//1415 652//1415 676//1415
f 676//1416 677//1416 701//1416
f 677//1417 678//1417 702//1417
f 679//1418 703//1418 702//1418
f 680//1419 704//1419 703//1419
f 680//1420 681//1420 705//1420
f 681//1421 682//1421 706//1421
f 682//1422 683//1422 707//1422
f 684//1423 708//1423 707//1423
f 685//1424 709//1424 708//1424
f 686//1425 710//1425 709//1425
f 686//1426 687//1426 711//1426
f 687//1427 688//1427 712//1427
f 688//1428 689//1428 713//1428
f 690//1429 714//1429 713//1429
f 691//1430 715//1430 714//1430
f 692//1431 716//1431 715//1431
f 692//1432 693//1432 717//1432
f 693//1433 694//1433 718//1433
f 694//1434 695//1434 719//1434
f 695//1435 696//1435 720//1435
f 697//1436 721//1436 720//1436
f 698//1437 722//1437 721//1437
f 698//1438 699//1438 723//1438
f 699//1439 676//1439 700//1439
f 700//1440 701//1440 725//1440
f 701//1441 702//1441 726//1441
f 703//1442 727//1442 726//1442
f 704//1443 728//1443 727//1443
f 704//1444 705//1444 729//1444
f 705//1109 706//1109 730//1109
f 706//1445 707//1445 731//1445
f 708//1446 732//1446 731//1446
f 709//1447 733//1447 732//1447
f 710//1448 734//1448 733//1448
f 710//1449 711//1449 735//1449
f 711//1115 712//1115 736//1115
f 712//1116 713//1116 737//1116
f 714//1450 738//1450 737//1450
f 715//1451 739//1451 738//1451
f 716//1452 740//1452 739//1452
f 717//1453 741//1453 740//1453
f 717//1121 718//1121 742//1121
f 718//1454 719//1454 743//1454
f 719//1455 720//1455 744//1455
f 721//1456 745//1456 744//1456
f 722//1457 746//1457 745//1457
f 722//1458 723//1458 747//1458
f 723//1459 700//1459 724//1459
o mushroom_tower_cap1
v -0.093391 6.586417 -0.100377
v 0.313881 6.509348 -0.100377
v 0.298999 6.509348 -0.205518
v 0.257352 6.509348 -0.302879
v 0.192326 6.509348 -0.386094
v 0.108250 6.509348 -0.449629
v 0.011162 6.509348 -0.490575
v -0.093391 6.509348 -0.506467
v -0.199159 6.509348 -0.495108
v -0.298742 6.509348 -0.456057
v -0.384356 6.509348 -0.391342
v -0.448356 6.509348 -0.305316
v -0.486393 6.509348 -0.205682
v -0.496922 6.509348 -0.100377
v -0.480637 6.509348 0.003385
v -0.439379 6.509348 0.099379
v -0.375593 6.509348 0.181824
v -0.293006 6.509348 0.245366
v -0.197623 6.509348 0.288620
v -0.093391 6.509348 0.307020
v 0.012952 6.509348 0.296501
v 0.112780 6.509348 0.256721
v 0.197808 6.509348 0.190822
v 0.261396 6.509348 0.104459
v 0.300913 6.509348 0.005276
v 0.718720 6.393746 -0.100377
v 0.689656 6.393746 -0.310194
v 0.607083 6.393746 -0.504796
v 0.477260 6.393746 -0.671029
v 0.308831 6.393746 -0.797046
v 0.114841 6.393746 -0.877511
v -0.093391 6.393746 -0.908639
v -0.304095 6.393746 -0.886735
v -0.503302 6.393746 -0.810364
v -0.675337 6.393746 -0.682323
v -0.804293 6.393746 -0.510817
v -0.881083 6.393746 -0.311439
v -0.902572 6.393746 -0.100377
v -0.870079 6.393746 0.107736
v -0.787176 6.393746 0.300180
v -0.658945 6.393746 0.465176
v -0.493070 6.393746 0.591887
v -0.301890 6.393746 0.677751
v -0.093391 6.393746 0.713839
v 0.119002 6.393746 0.692284
v 0.318256 6.393746 0.612617
v 0.487939 6.393746 0.480953
v 0.614384 6.393746 0.308256
v 0.692736 6.393746 0.110265
v 1.120670 6.227692 -0.100377
v 1.078801 6.227692 -0.414465
v 0.956534 6.227692 -0.706552
v 0.762124 6.227692 -0.955893
v 0.508545 6.227692 -1.142962
v 0.217481 6.227692 -1.260567
v -0.093391 6.227692 -1.305457
v -0.407764 6.227692 -1.273634
v -0.706373 6.227692 -1.162094
v -0.965806 6.227692 -0.972792
v -1.161275 6.227692 -0.716921
v -1.278376 6.227692 -0.417893
v -1.312099 6.227692 -0.100377
v -1.264071 6.227692 0.213305
v -1.139237 6.227692 0.503442
v -0.945449 6.227692 0.751680
v -0.694841 6.227692 0.941365
v -0.406687 6.227692 1.068859
v -0.093391 6.227692 1.121192
v 0.224840 6.227692 1.087276
v 0.522899 6.227692 0.967068
v 0.776571 6.227692 0.769584
v 0.964834 6.227692 0.510589
v 1.081246 6.227692 0.214366
v 1.352161 6.106548 -0.100377
v 1.303757 6.106548 -0.474742
v 1.159222 6.106548 -0.823574
v 0.927483 6.106548 -1.121251
v 0.624045 6.106548 -1.343013
v 0.276474 6.106548 -1.480732
v -0.093391 6.106548 -1.532443
v -0.466993 6.106548 -1.494679
v -0.822636 6.106548 -1.363468
v -1.132770 6.106548 -1.139756
v -1.367440 6.106548 -0.835950
v -1.508887 6.106548 -0.479659
v -1.550729 6.106548 -0.100377
v -1.494476 6.106548 0.275042
v -1.345559 6.106548 0.622562
v -1.113352 6.106548 0.919583
v -0.812880 6.106548 1.145815
v -0.467792 6.106548 1.296908
v -0.093391 6.106548 1.357717
v 0.286044 6.106548 1.315692
v 0.640904 6.106548 1.171458
v 0.942754 6.106548 0.935767
v 1.166316 6.106548 0.626915
v 1.304531 6.106548 0.274195
v 1.460575 6.036413 -0.100377
v 1.409406 6.036413 -0.503051
v 1.254644 6.036413 -0.878666
v 1.005382 6.036413 -1.199150
v 0.678321 6.036413 -1.437022
v 0.304063 6.036413 -1.583696
v -0.093391 6.036413 -1.638119
v -0.494494 6.036413 -1.597314
v -0.876596 6.036413 -1.456929
v -1.210403 6.036413 -1.217389
v -1.463626 6.036413 -0.891483
v -1.616853 6.036413 -0.508588
v -1.662926 6.036413 -0.100377
v -1.603182 6.036413 0.304170
v -1.443150 6.036413 0.678906
v -1.192831 6.036413 0.999063
v -0.868717 6.036413 1.242527
v -0.496637 6.036413 1.404556
v -0.093391 6.036413 1.469030
v 0.314760 6.036413 1.422862
v 0.696148 6.036413 1.267144
v 1.020468 6.036413 1.013482
v 1.260481 6.036413 0.681281
v 1.408912 6.036413 0.302163
v 1.532748 6.211752 -0.100377
v 1.476882 6.211752 -0.521131
v 1.313272 6.211752 -0.912515
v 1.052835 6.211752 -1.246603
v 0.712956 6.211752 -1.497012
v 0.322951 6.211752 -1.654187
v -0.093391 6.211752 -1.714071
v -0.514373 6.211752 -1.671503
v -0.914385 6.211752 -1.522381
v -1.262100 6.211752 -1.269086
v -1.524230 6.211752 -0.926473
v -1.681380 6.211752 -0.525878
v -1.726788 6.211752 -0.100377
v -1.662575 6.211752 0.320084
v -1.495299 6.211752 0.709015
v -1.235494 6.211752 1.041726
v -0.899499 6.211752 1.295843
v -0.513235 6.211752 1.466502
v -0.093391 6.211752 1.536375
v 0.332939 6.211752 1.490707
v 0.732171 6.211752 1.329537
v 1.071924 6.211752 1.064937
v 1.323993 6.211752 0.717950
v 1.479847 6.211752 0.321170
v 1.553976 6.386039 -0.100377
v 1.495104 6.386039 -0.526013
v 1.327669 6.386039 -0.920827
v 1.064304 6.386039 -1.258072
v 0.722543 6.386039 -1.513617
v 0.328980 6.386039 -1.676688
v -0.093391 6.386039 -1.739752
v -0.520775 6.386039 -1.695396
v -0.924933 6.386039 -1.540650
v -1.274057 6.386039 -1.281044
v -1.535809 6.386039 -0.933158
v -1.691705 6.386039 -0.528644
v -1.735370 6.386039 -0.100377
v -1.669472 6.386039 0.321932
v -1.501234 6.386039 0.712441
v -1.240989 6.386039 1.047221
v -0.904359 6.386039 1.304260
v -0.516419 6.386039 1.478386
v -0.093391 6.386039 1.551506
v 0.337492 6.386039 1.507698
v 0.741697 6.386039 1.346038
v 1.085908 6.386039 1.078922
v 1.342356 6.386039 0.728551
v 1.501244 6.386039 0.326904
v 1.493417 6.525672 -0.100377
v 1.435290 6.525672 -0.509986
v 1.272910 6.525672 -0.889211
v 1.019600 6.525672 -1.213368
v 0.692223 6.525672 -1.461100
v 0.314043 6.525672 -1.620942
v -0.093391 6.525672 -1.682983
v -0.505527 6.525672 -1.638488
v -0.893325 6.525672 -1.485904
v -1.226506 6.525672 -1.233493
v -1.475499 6.525672 -0.898338
v -1.623468 6.525672 -0.510360
v -1.664391 6.525672 -0.100377
v -1.600985 6.525672 0.303581
v -1.440429 6.525672 0.677336
v -1.192188 6.525672 0.998419
v -0.870725 6.525672 1.246005
v -0.499336 6.525672 1.414631
v -0.093391 6.525672 1.486461
v 0.320852 6.525672 1.445598
v 0.709732 6.525672 1.290672
v 1.040964 6.525672 1.033978
v 1.288806 6.525672 0.697634
v 1.442906 6.525672 0.311272
v 1.418218 6.666860 -0.100377
v 1.361864 6.666860 -0.490312
v 1.206360 6.666860 -0.850789
v 0.965415 6.666860 -1.159183
v 0.655103 6.666860 -1.396807
v 0.295443 6.666860 -1.551526
v -0.093391 6.666860 -1.611402
v -0.486288 6.666860 -1.566688
v -0.853800 6.666860 -1.417444
v -1.167757 6.666860 -1.174743
v -1.401906 6.666860 -0.855849
v -1.541185 6.666860 -0.488313
v -1.579741 6.666860 -0.100377
v -1.520046 6.666860 0.281894
v -1.368930 6.666860 0.636055
v -1.134782 6.666860 0.941014
v -0.830981 6.666860 1.177167
v -0.478958 6.666860 1.338580
v -0.093391 6.666860 1.407883
v 0.300491 6.666860 1.369609
v 0.670235 6.666860 1.222261
v 0.985116 6.666860 0.978129
v 1.221938 6.666860 0.659028
v 1.369985 6.666860 0.291733
v 1.289601 6.802248 -0.100377
v 1.237594 6.802248 -0.457014
v 1.094878 6.802248 -0.786425
v 0.874730 6.802248 -1.068499
v 0.591910 6.802248 -1.287353
v 0.263086 6.802248 -1.430768
v -0.093391 6.802248 -1.485818
v -0.453011 6.802248 -1.442499
v -0.787353 6.802248 -1.302356
v -1.071460 6.802248 -1.078447
v -1.283220 6.802248 -0.787325
v -1.409688 6.802248 -0.453078
v -1.445210 6.802248 -0.100377
v -1.391718 6.802248 0.247508
v -1.255256 6.802248 0.570426
v -1.042866 6.802248 0.849098
v -0.766620 6.802248 1.065689
v -0.445555 6.802248 1.213917
v -0.093391 6.802248 1.277599
v 0.266435 6.802248 1.242509
v 0.603907 6.802248 1.107378
v 0.891136 6.802248 0.884150
v 1.108332 6.802248 0.593437
v 1.245021 6.802248 0.258249
v 1.109579 6.923800 -0.100377
v 1.064300 6.923800 -0.410580
v 0.940021 6.923800 -0.697018
v 0.748742 6.923800 -0.942511
v 0.503370 6.923800 -1.133997
v 0.217323 6.923800 -1.259978
v -0.093391 6.923800 -1.307814
v -0.406278 6.923800 -1.268086
v -0.695550 6.923800 -1.143348
v -0.940257 6.923800 -0.947244
v -1.122752 6.923800 -0.694679
v -1.232399 6.923800 -0.405574
v -1.263919 6.923800 -0.100377
v -1.218578 6.923800 0.201115
v -1.101338 6.923800 0.481561
v -0.917806 6.923800 0.724038
v -0.678484 6.923800 0.913033
v -0.399567 6.923800 1.042285
v -0.093391 6.923800 1.097526
v 0.219266 6.923800 1.066476
v 0.512061 6.923800 0.948296
v 0.761041 6.923800 0.754054
v 0.950274 6.923800 0.502183
v 1.070209 6.923800 0.211408
v 0.881736 7.025155 -0.100377
v 0.845183 7.025155 -0.351868
v 0.744470 7.025155 -0.584117
v 0.589553 7.025155 -0.783321
v 0.390958 7.025155 -0.939294
v 0.158952 7.025155 -1.042135
v -0.093391 7.025155 -1.080753
v -0.347064 7.025155 -1.047097
v -0.580495 7.025155 -0.944067
v -0.777268 7.025155 -0.784254
v -0.924197 7.025155 -0.580044
v -1.013064 7.025155 -0.346803
v -1.039278 7.025155 -0.100377
v -1.003490 7.025155 0.143483
v -0.909452 7.025155 0.370776
v -0.761351 7.025155 0.567583
v -0.567783 7.025155 0.721294
v -0.341671 7.025155 0.826216
v -0.093391 7.025155 0.870675
v 0.159887 7.025155 0.844867
v 0.396654 7.025155 0.748405
v 0.597782 7.025155 0.590796
v 0.751322 7.025155 0.387318
v 0.849284 7.025155 0.152211
v 0.609956 7.101270 -0.100377
v 0.583738 7.101270 -0.281814
v 0.511157 7.101270 -0.449414
v 0.399480 7.101270 -0.593249
v 0.256341 7.101270 -0.706130
v 0.088883 7.101270 -0.780632
v -0.093391 7.101270 -0.808366
v -0.276391 7.101270 -0.783341
v -0.444242 7.101270 -0.708069
v -0.585402 7.101270 -0.592389
v -0.690942 7.101270 -0.445374
v -0.755127 7.101270 -0.277689
v -0.774463 7.101270 -0.100377
v -0.749196 7.101270 0.075345
v -0.681865 7.101270 0.239378
v -0.575312 7.101270 0.381544
v -0.435813 7.101270 0.492714
v -0.272601 7.101270 0.568442
v -0.093391 7.101270 0.600261
v 0.089240 7.101270 0.581210
v 0.259704 7.101270 0.511201
v 0.404380 7.101270 0.397393
v 0.515174 7.101270 0.250978
v 0.586221 7.101270 0.081724
v 0.295637 7.148449 -0.100377
v 0.281203 7.148449 -0.200750
v 0.241091 7.148449 -0.293491
v 0.179343 7.148449 -0.373111
v 0.100195 7.148449 -0.435678
v 0.007522 7.148449 -0.476988
v -0.093391 7.148449 -0.492280
v -0.194623 7.148449 -0.478179
v -0.287289 7.148449 -0.436219
v -0.365113 7.148449 -0.372099
v -0.423354 7.148449 -0.290882
v -0.458907 7.148449 -0.198317
v -0.469772 7.148449 -0.100377
v -0.455996 7.148449 -0.003218
v -0.418923 7.148449 0.087568
v -0.360062 7.148449 0.166294
v -0.282920 7.148449 0.227897
v -0.192578 7.148449 0.269793
v -0.093391 7.148449 0.287286
v 0.007612 7.148449 0.276571
v 0.101784 7.148449 0.237676
v 0.181659 7.148449 0.174672
v 0.242951 7.148449 0.093809
v 0.282384 7.148449 0.000311
v -0.093391 7.164430 -0.100377
vn -0.1859 -0.9822 0.0263
vn -0.1731 -0.9821 0.0740
vn -0.1487 -0.9820 0.1162
vn -0.1140 -0.9820 0.1509
vn -0.0735 -0.9820 0.1743
vn -0.0283 -0.9821 0.1864
vn 0.0200 -0.9823 0.1864
vn 0.0681 -0.9825 0.1736
vn 0.1120 -0.9826 0.1482
vn 0.1492 -0.9826 0.1110
vn 0.1748 -0.9823 0.0667
vn 0.1876 -0.9821 0.0188
vn 0.1875 -0.9818 -0.0294
vn 0.1752 -0.9817 -0.0753
vn 0.1511 -0.9816 -0.1169
vn 0.1166 -0.9816 -0.1515
vn 0.0787 -0.9817 -0.1734
vn 0.0328 -0.9820 -0.1858
vn -0.0184 -0.9824 -0.1858
vn -0.0687 -0.9826 -0.1724
vn -0.1136 -0.9827 -0.1465
vn -0.1498 -0.9826 -0.1103
vn -0.1735 -0.9824 -0.0691
vn -0.1859 -0.9823 -0.0228
vn -0.2744 -0.9609 0.0380
vn -0.2553 -0.9608 0.1083
vn -0.2189 -0.9607 0.1709
vn -0.1668 -0.9605 0.2229
vn -0.1084 -0.9603 0.2570
vn -0.0419 -0.9603 0.2757
vn 0.0296 -0.9607 0.2761
vn 0.1007 -0.9612 0.2568
vn 0.1651 -0.9618 0.2185
vn 0.2182 -0.9620 0.1640
vn 0.2555 -0.9618 0.0984
vn 0.2741 -0.9613 0.0279
vn 0.2738 -0.9608 -0.0428
vn 0.2556 -0.9605 -0.1101
vn 0.2203 -0.9603 -0.1712
vn 0.1696 -0.9602 -0.2221
vn 0.1151 -0.9604 -0.2539
vn 0.0481 -0.9609 -0.2726
vn -0.0270 -0.9616 -0.2732
vn -0.1012 -0.9619 -0.2539
vn -0.1674 -0.9620 -0.2158
vn -0.2212 -0.9617 -0.1620
vn -0.2563 -0.9613 -0.1014
vn -0.2745 -0.9610 -0.0339
vn -0.3813 -0.9230 0.0508
vn -0.3543 -0.9233 0.1483
vn -0.3026 -0.9235 0.2359
vn -0.2284 -0.9230 0.3096
vn -0.1450 -0.9220 0.3589
vn -0.0574 -0.9215 0.3841
vn 0.0401 -0.9217 0.3857
vn 0.1377 -0.9230 0.3592
vn 0.2273 -0.9247 0.3054
vn 0.3001 -0.9260 0.2293
vn 0.3513 -0.9261 0.1376
vn 0.3762 -0.9257 0.0400
vn 0.3751 -0.9252 -0.0574
vn 0.3495 -0.9248 -0.1504
vn 0.3006 -0.9245 -0.2346
vn 0.2307 -0.9240 -0.3048
vn 0.1566 -0.9241 -0.3487
vn 0.0649 -0.9247 -0.3752
vn -0.0383 -0.9253 -0.3772
vn -0.1405 -0.9256 -0.3515
vn -0.2328 -0.9254 -0.2991
vn -0.3080 -0.9246 -0.2239
vn -0.3567 -0.9236 -0.1402
vn -0.3817 -0.9230 -0.0478
vn -0.4628 -0.8843 0.0617
vn -0.4292 -0.8855 0.1778
vn -0.3655 -0.8863 0.2845
vn -0.2740 -0.8857 0.3749
vn -0.1725 -0.8835 0.4354
vn -0.0674 -0.8817 0.4671
vn 0.0476 -0.8812 0.4703
vn 0.1643 -0.8829 0.4399
vn 0.2736 -0.8858 0.3749
vn 0.3653 -0.8881 0.2791
vn 0.4251 -0.8893 0.1688
vn 0.4541 -0.8896 0.0501
vn 0.4516 -0.8896 -0.0677
vn 0.4196 -0.8897 -0.1798
vn 0.3599 -0.8896 -0.2813
vn 0.2755 -0.8889 -0.3659
vn 0.1856 -0.8886 -0.4194
vn 0.0755 -0.8888 -0.4519
vn -0.0485 -0.8890 -0.4553
vn -0.1715 -0.8886 -0.4253
vn -0.2832 -0.8878 -0.3627
vn -0.3749 -0.8865 -0.2714
vn -0.4338 -0.8848 -0.1700
vn -0.4638 -0.8840 -0.0590
vn -0.5418 -0.8376 0.0701
vn -0.5017 -0.8397 0.2079
vn -0.4267 -0.8413 0.3319
vn -0.3187 -0.8405 0.4381
vn -0.1996 -0.8371 0.5093
vn -0.0765 -0.8335 0.5472
vn 0.0558 -0.8319 0.5521
vn 0.1912 -0.8335 0.5183
vn 0.3199 -0.8372 0.4435
vn 0.4285 -0.8407 0.3310
vn 0.4993 -0.8430 0.1998
vn 0.5324 -0.8444 0.0601
vn 0.5285 -0.8454 -0.0780
vn 0.4899 -0.8463 -0.2092
vn 0.4192 -0.8466 -0.3278
vn 0.3202 -0.8460 -0.4263
vn 0.2143 -0.8454 -0.4893
vn 0.0857 -0.8451 -0.5277
vn -0.0589 -0.8446 -0.5322
vn -0.2023 -0.8434 -0.4977
vn -0.3325 -0.8419 -0.4251
vn -0.4400 -0.8398 -0.3179
vn -0.5088 -0.8375 -0.1992
vn -0.5434 -0.8366 -0.0697
vn 0.9178 -0.3778 -0.1219
vn 0.8582 -0.3672 -0.3587
vn 0.7367 -0.3572 -0.5743
vn 0.5548 -0.3539 -0.7530
vn 0.3481 -0.3643 -0.8638
vn 0.1254 -0.3817 -0.9158
vn -0.0929 -0.3958 -0.9136
vn -0.3161 -0.3999 -0.8603
vn -0.5358 -0.3942 -0.7467
vn -0.7340 -0.3820 -0.5616
vn -0.8659 -0.3671 -0.3397
vn -0.9306 -0.3523 -0.0993
vn -0.9301 -0.3388 0.1420
vn -0.8679 -0.3279 0.3733
vn -0.7462 -0.3220 0.5827
vn -0.5710 -0.3226 0.7549
vn -0.3770 -0.3294 0.8657
vn -0.1484 -0.3419 0.9280
vn 0.1050 -0.3566 0.9283
vn 0.3513 -0.3693 0.8604
vn 0.5691 -0.3770 0.7308
vn 0.7486 -0.3793 0.5438
vn 0.8601 -0.3822 0.3378
vn 0.9165 -0.3832 0.1150
vn 0.9834 -0.1198 -0.1360
vn 0.9154 -0.1066 -0.3882
vn 0.7847 -0.0940 -0.6128
vn 0.5963 -0.0917 -0.7975
vn 0.3716 -0.1083 -0.9221
vn 0.1411 -0.1316 -0.9812
vn -0.0995 -0.1451 -0.9844
vn -0.3459 -0.1399 -0.9278
vn -0.5846 -0.1195 -0.8025
vn -0.7954 -0.0956 -0.5985
vn -0.9304 -0.0756 -0.3586
vn -0.9930 -0.0604 -0.1012
vn -0.9869 -0.0486 0.1540
vn -0.9176 -0.0405 0.3953
vn -0.7876 -0.0389 0.6150
vn -0.6026 -0.0441 0.7968
vn -0.4035 -0.0554 0.9133
vn -0.1638 -0.0701 0.9840
vn 0.1061 -0.0860 0.9906
vn 0.3725 -0.0997 0.9227
vn 0.6095 -0.1077 0.7854
vn 0.8019 -0.1114 0.5870
vn 0.9232 -0.1195 0.3652
vn 0.9847 -0.1249 0.1215
vn 0.9101 0.3947 -0.1259
vn 0.8429 0.4021 -0.3575
vn 0.7191 0.4092 -0.5616
vn 0.5465 0.4089 -0.7308
vn 0.3575 0.3958 -0.8459
vn 0.1392 0.3800 -0.9145
vn -0.0995 0.3748 -0.9218
vn -0.3377 0.3866 -0.8582
vn -0.5508 0.4098 -0.7271
vn -0.7213 0.4304 -0.5427
vn -0.8370 0.4420 -0.3226
vn -0.8900 0.4468 -0.0907
vn -0.8829 0.4488 0.1378
vn -0.8206 0.4490 0.3535
vn -0.7067 0.4459 0.5494
vn -0.5450 0.4399 0.7138
vn -0.3728 0.4323 0.8210
vn -0.1576 0.4260 0.8909
vn 0.0891 0.4206 0.9029
vn 0.3366 0.4158 0.8449
vn 0.5583 0.4131 0.7195
vn 0.7359 0.4102 0.5386
vn 0.8517 0.4013 0.3369
vn 0.9123 0.3938 0.1126
vn 0.8758 0.4665 -0.1243
vn 0.8113 0.4703 -0.3474
vn 0.6936 0.4744 -0.5420
vn 0.5315 0.4735 -0.7024
vn 0.3503 0.4629 -0.8143
vn 0.1358 0.4515 -0.8819
vn -0.1010 0.4499 -0.8874
vn -0.3335 0.4631 -0.8212
vn -0.5348 0.4852 -0.6918
vn -0.6937 0.5031 -0.5154
vn -0.8032 0.5109 -0.3063
vn -0.8550 0.5116 -0.0853
vn -0.8500 0.5096 0.1334
vn -0.7923 0.5065 0.3403
vn -0.6845 0.5014 0.5292
vn -0.5331 0.4956 0.6858
vn -0.3636 0.4890 0.7929
vn -0.1546 0.4857 0.8603
vn 0.0846 0.4846 0.8707
vn 0.3239 0.4842 0.8128
vn 0.5357 0.4848 0.6913
vn 0.7045 0.4840 0.5191
vn 0.8169 0.4760 0.3258
vn 0.8772 0.4679 0.1076
vn 0.7211 0.6850 -0.1042
vn 0.6690 0.6850 -0.2886
vn 0.5737 0.6855 -0.4482
vn 0.4460 0.6848 -0.5763
vn 0.2931 0.6801 -0.6720
vn 0.1124 0.6762 -0.7281
vn -0.0880 0.6774 -0.7303
vn -0.2815 0.6853 -0.6717
vn -0.4384 0.6973 -0.5671
vn -0.5716 0.7051 -0.4197
vn -0.6615 0.7068 -0.2507
vn -0.7064 0.7043 -0.0702
vn -0.7050 0.7006 0.1101
vn -0.6597 0.6968 0.2815
vn -0.5733 0.6931 0.4369
vn -0.4466 0.6900 0.5696
vn -0.3044 0.6875 0.6593
vn -0.1290 0.6887 0.7134
vn 0.0701 0.6917 0.7188
vn 0.2675 0.6944 0.6680
vn 0.4396 0.6965 0.5670
vn 0.5761 0.6967 0.4275
vn 0.6693 0.6923 0.2698
vn 0.7209 0.6873 0.0887
vn 0.5577 0.8260 -0.0813
vn 0.5185 0.8250 -0.2246
vn 0.4461 0.8245 -0.3482
vn 0.3485 0.8241 -0.4466
vn 0.2290 0.8229 -0.5200
vn 0.0865 0.8225 -0.5622
vn -0.0714 0.8237 -0.5625
vn -0.2172 0.8272 -0.5183
vn -0.3442 0.8312 -0.4367
vn -0.4470 0.8334 -0.3251
vn -0.5177 0.8328 -0.1959
vn -0.5544 0.8304 -0.0558
vn -0.5549 0.8276 0.0853
vn -0.5204 0.8251 0.2199
vn -0.4525 0.8234 0.3425
vn -0.3527 0.8223 0.4466
vn -0.2393 0.8222 0.5165
vn -0.1005 0.8244 0.5570
vn 0.0555 0.8276 0.5586
vn 0.2087 0.8300 0.5172
vn 0.3409 0.8315 0.4386
vn 0.4448 0.8317 0.3323
vn 0.5166 0.8299 0.2107
vn 0.5569 0.8277 0.0692
vn 0.4057 0.9121 -0.0592
vn 0.3776 0.9113 -0.1639
vn 0.3256 0.9108 -0.2537
vn 0.2551 0.9107 -0.3248
vn 0.1673 0.9108 -0.3775
vn 0.0623 0.9112 -0.4072
vn -0.0540 0.9118 -0.4070
vn -0.1618 0.9127 -0.3752
vn -0.2545 0.9134 -0.3176
vn -0.3298 0.9135 -0.2383
vn -0.3822 0.9126 -0.1449
vn -0.4097 0.9112 -0.0423
vn -0.4105 0.9098 0.0617
vn -0.3851 0.9087 0.1610
vn -0.3344 0.9082 0.2517
vn -0.2604 0.9081 0.3279
vn -0.1758 0.9086 0.3788
vn -0.0730 0.9103 0.4075
vn 0.0415 0.9122 0.4076
vn 0.1535 0.9135 0.3767
vn 0.2493 0.9142 0.3196
vn 0.3241 0.9142 0.2435
vn 0.3752 0.9137 0.1563
vn 0.4051 0.9128 0.0512
vn 0.2695 0.9622 -0.0392
vn 0.2509 0.9619 -0.1088
vn 0.2165 0.9617 -0.1684
vn 0.1698 0.9617 -0.2153
vn 0.1111 0.9619 -0.2498
vn 0.0409 0.9622 -0.2691
vn -0.0357 0.9625 -0.2690
vn -0.1096 0.9624 -0.2484
vn -0.1716 0.9622 -0.2113
vn -0.2219 0.9619 -0.1597
vn -0.2572 0.9614 -0.0980
vn -0.2757 0.9608 -0.0293
vn -0.2760 0.9603 0.0405
vn -0.2589 0.9600 0.1063
vn -0.2241 0.9600 0.1680
vn -0.1742 0.9601 0.2186
vn -0.1171 0.9605 0.2523
vn -0.0481 0.9614 0.2710
vn 0.0283 0.9622 0.2708
vn 0.1028 0.9627 0.2504
vn 0.1667 0.9628 0.2127
vn 0.2159 0.9627 0.1629
vn 0.2497 0.9626 0.1048
vn 0.2692 0.9625 0.0346
vn 0.1484 0.9887 -0.0214
vn 0.1381 0.9886 -0.0598
vn 0.1192 0.9885 -0.0926
vn 0.0935 0.9886 -0.1183
vn 0.0611 0.9887 -0.1372
vn 0.0224 0.9888 -0.1476
vn -0.0202 0.9888 -0.1476
vn -0.0612 0.9888 -0.1365
vn -0.0954 0.9886 -0.1165
vn -0.1232 0.9884 -0.0885
vn -0.1427 0.9883 -0.0546
vn -0.1529 0.9881 -0.0167
vn -0.1530 0.9880 0.0220
vn -0.1433 0.9879 0.0585
vn -0.1238 0.9880 0.0926
vn -0.0962 0.9881 0.1204
vn -0.0644 0.9882 0.1389
vn -0.0263 0.9885 0.1491
vn 0.0158 0.9887 0.1490
vn 0.0569 0.9888 0.1379
vn 0.0923 0.9888 0.1173
vn 0.1192 0.9888 0.0902
vn 0.1378 0.9888 0.0581
vn 0.1484 0.9887 0.0193
vn 0.0410 0.9991 -0.0059
vn 0.0382 0.9991 -0.0165
vn 0.0330 0.9991 -0.0256
vn 0.0258 0.9991 -0.0327
vn 0.0169 0.9991 -0.0379
vn 0.0062 0.9992 -0.0407
vn -0.0057 0.9992 -0.0407
vn -0.0171 0.9991 -0.0377
vn -0.0265 0.9991 -0.0322
vn -0.0342 0.9991 -0.0245
vn -0.0396 0.9991 -0.0152
vn -0.0424 0.9991 -0.0047
vn -0.0424 0.9991 0.0060
vn -0.0397 0.9991 0.0162
vn -0.0343 0.9991 0.0256
vn -0.0266 0.9991 0.0333
vn -0.0178 0.9991 0.0384
vn -0.0073 0.9991 0.0412
vn 0.0044 0.9991 0.0412
vn 0.0158 0.9991 0.0381
vn 0.0256 0.9991 0.0325
vn 0.0330 0.9991 0.0250
vn 0.0382 0.9991 0.0161
vn 0.0410 0.9991 0.0054
vn -0.2740 -0.9610 0.0388
vn -0.2547 -0.9609 0.1090
vn -0.2188 -0.9607 0.1710
vn -0.1681 -0.9603 0.2225
vn -0.1071 -0.9601 0.2582
vn -0.0413 -0.9603 0.2760
vn 0.0287 -0.9608 0.2759
vn 0.0985 -0.9614 0.2568
vn 0.1631 -0.9620 0.2191
vn 0.2186 -0.9622 0.1626
vn 0.2556 -0.9619 0.0976
vn 0.2740 -0.9613 0.0274
vn 0.2737 -0.9609 -0.0430
vn 0.2558 -0.9605 -0.1099
vn 0.2209 -0.9602 -0.1709
vn 0.1706 -0.9601 -0.2218
vn 0.1144 -0.9603 -0.2546
vn 0.0473 -0.9608 -0.2730
vn -0.0277 -0.9615 -0.2734
vn -0.1015 -0.9619 -0.2538
vn -0.1674 -0.9620 -0.2159
vn -0.2210 -0.9616 -0.1627
vn -0.2562 -0.9612 -0.1021
vn -0.2744 -0.9610 -0.0337
vn -0.3800 -0.9235 0.0526
vn -0.3526 -0.9237 0.1496
vn -0.3023 -0.9235 0.2361
vn -0.2314 -0.9224 0.3092
vn -0.1491 -0.9212 0.3594
vn -0.0557 -0.9211 0.3854
vn 0.0390 -0.9220 0.3853
vn 0.1340 -0.9238 0.3587
vn 0.2232 -0.9255 0.3059
vn 0.3005 -0.9266 0.2260
vn 0.3510 -0.9265 0.1352
vn 0.3755 -0.9260 0.0382
vn 0.3744 -0.9254 -0.0585
vn 0.3493 -0.9248 -0.1505
vn 0.3014 -0.9243 -0.2343
vn 0.2326 -0.9236 -0.3046
vn 0.1551 -0.9236 -0.3506
vn 0.0629 -0.9242 -0.3767
vn -0.0403 -0.9249 -0.3780
vn -0.1418 -0.9253 -0.3516
vn -0.2326 -0.9252 -0.2997
vn -0.3079 -0.9243 -0.2254
vn -0.3568 -0.9234 -0.1412
vn -0.3814 -0.9232 -0.0470
vn -0.4609 -0.8855 0.0596
vn -0.4267 -0.8866 0.1786
vn -0.3649 -0.8865 0.2845
vn -0.2771 -0.8844 0.3756
vn -0.1768 -0.8816 0.4377
vn -0.0657 -0.8803 0.4698
vn 0.0475 -0.8813 0.4702
vn 0.1618 -0.8841 0.4385
vn 0.2698 -0.8873 0.3740
vn 0.3615 -0.8896 0.2792
vn 0.4236 -0.8905 0.1659
vn 0.4522 -0.8906 0.0480
vn 0.4498 -0.8905 -0.0689
vn 0.4186 -0.8901 -0.1801
vn 0.3604 -0.8894 -0.2813
vn 0.2772 -0.8883 -0.3663
vn 0.1848 -0.8876 -0.4220
vn 0.0738 -0.8876 -0.4546
vn -0.0506 -0.8879 -0.4573
vn -0.1732 -0.8879 -0.4262
vn -0.2832 -0.8874 -0.3637
vn -0.3752 -0.8859 -0.2727
vn -0.4342 -0.8845 -0.1706
vn -0.4629 -0.8845 -0.0580
vn -0.5390 -0.8395 0.0685
vn -0.4996 -0.8414 0.2058
vn -0.4261 -0.8417 0.3317
vn -0.3215 -0.8385 0.4399
vn -0.2034 -0.8337 0.5134
vn -0.0755 -0.8308 0.5514
vn 0.0563 -0.8313 0.5530
vn 0.1899 -0.8348 0.5168
vn 0.3168 -0.8394 0.4415
vn 0.4245 -0.8432 0.3298
vn 0.4964 -0.8454 0.1971
vn 0.5292 -0.8465 0.0584
vn 0.5255 -0.8472 -0.0787
vn 0.4882 -0.8473 -0.2092
vn 0.4193 -0.8466 -0.3278
vn 0.3216 -0.8451 -0.4271
vn 0.2143 -0.8437 -0.4922
vn 0.0849 -0.8430 -0.5312
vn -0.0605 -0.8426 -0.5352
vn -0.2039 -0.8420 -0.4994
vn -0.3328 -0.8411 -0.4263
vn -0.4407 -0.8390 -0.3190
vn -0.5091 -0.8373 -0.1995
vn -0.5419 -0.8376 -0.0689
vn 0.9227 -0.3672 -0.1173
vn 0.8635 -0.3574 -0.3558
vn 0.7379 -0.3550 -0.5739
vn 0.5475 -0.3657 -0.7527
vn 0.3372 -0.3822 -0.8604
vn 0.1308 -0.3941 -0.9097
vn -0.0923 -0.3969 -0.9132
vn -0.3215 -0.3912 -0.8623
vn -0.5444 -0.3809 -0.7474
vn -0.7343 -0.3677 -0.5706
vn -0.8684 -0.3538 -0.3475
vn -0.9344 -0.3403 -0.1055
vn -0.9342 -0.3290 0.1380
vn -0.8704 -0.3227 0.3717
vn -0.7455 -0.3232 0.5829
vn -0.5671 -0.3291 0.7550
vn -0.3801 -0.3399 0.8602
vn -0.1535 -0.3543 0.9224
vn 0.0990 -0.3680 0.9245
vn 0.3467 -0.3769 0.8589
vn 0.5696 -0.3809 0.7283
vn 0.7484 -0.3842 0.5407
vn 0.8597 -0.3843 0.3366
vn 0.9183 -0.3780 0.1179
vn 0.9856 -0.1067 -0.1309
vn 0.9185 -0.0942 -0.3840
vn 0.7853 -0.0920 -0.6122
vn 0.5896 -0.1087 -0.8003
vn 0.3795 -0.1314 -0.9158
vn 0.1461 -0.1442 -0.9787
vn -0.1022 -0.1388 -0.9850
vn -0.3550 -0.1187 -0.9273
vn -0.5940 -0.0956 -0.7988
vn -0.7919 -0.0759 -0.6059
vn -0.9292 -0.0608 -0.3645
vn -0.9932 -0.0489 -0.1060
vn -0.9877 -0.0407 0.1508
vn -0.9179 -0.0390 0.3948
vn -0.7887 -0.0442 0.6131
vn -0.6060 -0.0552 0.7936
vn -0.4085 -0.0695 0.9101
vn -0.1697 -0.0852 0.9818
vn 0.1007 -0.0991 0.9900
vn 0.3692 -0.1076 0.9231
vn 0.6106 -0.1119 0.7840
vn 0.8032 -0.1201 0.5835
vn 0.9234 -0.1253 0.3627
vn 0.9851 -0.1200 0.1236
vn 0.9062 0.4029 -0.1286
vn 0.8384 0.4101 -0.3590
vn 0.7187 0.4099 -0.5616
vn 0.5542 0.3958 -0.7323
vn 0.3542 0.3792 -0.8548
vn 0.1370 0.3731 -0.9176
vn -0.0953 0.3846 -0.9182
vn -0.3264 0.4082 -0.8526
vn -0.5387 0.4301 -0.7244
vn -0.7193 0.4439 -0.5344
vn -0.8346 0.4495 -0.3183
vn -0.8879 0.4514 -0.0886
vn -0.8819 0.4507 0.1384
vn -0.8220 0.4467 0.3531
vn -0.7104 0.4402 0.5492
vn -0.5506 0.4309 0.7149
vn -0.3711 0.4229 0.8267
vn -0.1548 0.4172 0.8955
vn 0.0921 0.4138 0.9057
vn 0.3382 0.4128 0.8457
vn 0.5583 0.4116 0.7204
vn 0.7368 0.4028 0.5430
vn 0.8534 0.3947 0.3404
vn 0.9117 0.3954 0.1119
vn 0.8728 0.4715 -0.1261
vn 0.8077 0.4756 -0.3484
vn 0.6938 0.4743 -0.5420
vn 0.5391 0.4623 -0.7040
vn 0.3476 0.4502 -0.8225
vn 0.1346 0.4481 -0.8838
vn -0.0952 0.4615 -0.8820
vn -0.3203 0.4844 -0.8141
vn -0.5217 0.5036 -0.6886
vn -0.6917 0.5134 -0.5079
vn -0.8017 0.5147 -0.3038
vn -0.8546 0.5124 -0.0849
vn -0.8509 0.5082 0.1329
vn -0.7954 0.5021 0.3394
vn -0.6891 0.4953 0.5291
vn -0.5328 0.4873 0.6918
vn -0.3622 0.4820 0.7978
vn -0.1528 0.4806 0.8635
vn 0.0860 0.4818 0.8721
vn 0.3238 0.4844 0.8127
vn 0.5357 0.4853 0.6910
vn 0.7056 0.4774 0.5237
vn 0.8192 0.4688 0.3302
vn 0.8775 0.4673 0.1079
vn 0.7197 0.6864 -0.1049
vn 0.6671 0.6867 -0.2890
vn 0.5744 0.6850 -0.4483
vn 0.4462 0.6793 -0.5827
vn 0.2917 0.6746 -0.6781
vn 0.1122 0.6758 -0.7285
vn -0.0824 0.6846 -0.7242
vn -0.2698 0.6971 -0.6643
vn -0.4379 0.7067 -0.5557
vn -0.5699 0.7094 -0.4146
vn -0.6612 0.7073 -0.2502
vn -0.7075 0.7031 -0.0713
vn -0.7075 0.6983 0.1088
vn -0.6638 0.6933 0.2805
vn -0.5745 0.6895 0.4411
vn -0.4468 0.6856 0.5747
vn -0.3037 0.6848 0.6624
vn -0.1284 0.6876 0.7146
vn 0.0698 0.6920 0.7185
vn 0.2658 0.6961 0.6669
vn 0.4396 0.6977 0.5656
vn 0.5773 0.6933 0.4313
vn 0.6720 0.6880 0.2740
vn 0.7221 0.6860 0.0898
vn 0.5576 0.8261 -0.0814
vn 0.5180 0.8253 -0.2248
vn 0.4469 0.8241 -0.3482
vn 0.3485 0.8220 -0.4504
vn 0.2282 0.8211 -0.5232
vn 0.0868 0.8227 -0.5618
vn -0.0673 0.8269 -0.5583
vn -0.2196 0.8321 -0.5093
vn -0.3441 0.8350 -0.4294
vn -0.4462 0.8348 -0.3224
vn -0.5181 0.8325 -0.1965
vn -0.5560 0.8292 -0.0574
vn -0.5574 0.8260 0.0838
vn -0.5237 0.8233 0.2189
vn -0.4532 0.8217 0.3454
vn -0.3526 0.8206 0.4498
vn -0.2390 0.8215 0.5177
vn -0.1007 0.8246 0.5566
vn 0.0544 0.8284 0.5575
vn 0.2066 0.8313 0.5159
vn 0.3409 0.8324 0.4369
vn 0.4454 0.8304 0.3346
vn 0.5184 0.8280 0.2138
vn 0.5582 0.8267 0.0705
vn 0.4060 0.9120 -0.0590
vn 0.3778 0.9113 -0.1638
vn 0.3262 0.9107 -0.2536
vn 0.2549 0.9101 -0.3266
vn 0.1668 0.9103 -0.3788
vn 0.0626 0.9114 -0.4068
vn -0.0514 0.9129 -0.4049
vn -0.1636 0.9143 -0.3706
vn -0.2549 0.9146 -0.3139
vn -0.3296 0.9139 -0.2371
vn -0.3825 0.9124 -0.1458
vn -0.4109 0.9106 -0.0437
vn -0.4122 0.9091 0.0605
vn -0.3871 0.9080 0.1602
vn -0.3347 0.9076 0.2533
vn -0.2602 0.9076 0.3295
vn -0.1757 0.9085 0.3791
vn -0.0734 0.9106 0.4068
vn 0.0404 0.9127 0.4066
vn 0.1517 0.9141 0.3759
vn 0.2495 0.9146 0.3183
vn 0.3243 0.9138 0.2447
vn 0.3772 0.9130 0.1556
vn 0.4059 0.9124 0.0521
vn 0.2697 0.9622 -0.0390
vn 0.2510 0.9619 -0.1087
vn 0.2168 0.9616 -0.1683
vn 0.1696 0.9616 -0.2160
vn 0.1109 0.9618 -0.2502
vn 0.0411 0.9623 -0.2689
vn -0.0366 0.9627 -0.2680
vn -0.1106 0.9628 -0.2467
vn -0.1720 0.9625 -0.2099
vn -0.2219 0.9620 -0.1593
vn -0.2573 0.9613 -0.0985
vn -0.2761 0.9607 -0.0301
vn -0.2767 0.9601 0.0398
vn -0.2591 0.9599 0.1072
vn -0.2241 0.9599 0.1686
vn -0.1741 0.9600 0.2192
vn -0.1171 0.9606 0.2523
vn -0.0485 0.9615 0.2706
vn 0.0276 0.9623 0.2704
vn 0.1019 0.9628 0.2501
vn 0.1669 0.9629 0.2121
vn 0.2159 0.9626 0.1634
vn 0.2505 0.9625 0.1044
vn 0.2695 0.9624 0.0351
vn 0.1485 0.9887 -0.0214
vn 0.1382 0.9886 -0.0598
vn 0.1193 0.9885 -0.0925
vn 0.0934 0.9885 -0.1185
vn 0.0611 0.9887 -0.1373
vn 0.0225 0.9888 -0.1476
vn -0.0205 0.9889 -0.1474
vn -0.0616 0.9888 -0.1360
vn -0.0956 0.9886 -0.1161
vn -0.1232 0.9884 -0.0884
vn -0.1427 0.9882 -0.0548
vn -0.1530 0.9881 -0.0170
vn -0.1532 0.9880 0.0217
vn -0.1433 0.9879 0.0588
vn -0.1238 0.9880 0.0928
vn -0.0961 0.9880 0.1206
vn -0.0265 0.9885 0.1490
vn 0.0155 0.9887 0.1490
vn 0.0566 0.9888 0.1379
vn 0.0924 0.9888 0.1171
vn 0.1192 0.9888 0.0903
vn 0.1380 0.9887 0.0579
vn 0.1484 0.9887 0.0195
s 0
usemtl flesh_cap
f 749//1460 751//1460 750//1460
f 749//1461 752//1461 751//1461
f 749//1462 753//1462 752//1462
f 749//1463 754//1463 753//1463
f 749//1464 755//1464 754//1464
f 749//1465 756//1465 755//1465
f 749//1466 757//1466 756//1466
f 749//1467 758//1467 757//1467
f 749//1468 759//1468 758//1468
f 749//1469 760//1469 759//1469
f 749//1470 761//1470 760//1470
f 749//1471 762//1471 761//1471
f 749//1472 763//1472 762//1472
f 749//1473 764//1473 763//1473
f 749//1474 765//1474 764//1474
f 749//1475 766//1475 765//1475
f 749//1476 767//1476 766//1476
f 749//1477 768//1477 767//1477
f 749//1478 769//1478 768//1478
f 749//1479 770//1479 769//1479
f 749//1480 771//1480 770//1480
f 749//1481 772//1481 771//1481
f 749//1482 773//1482 772//1482
f 749//1483 750//1483 773//1483
f 750//1484 775//1484 774//1484
f 751//1485 776//1485 775//1485
f 752//1486 777//1486 776//1486
f 753//1487 778//1487 777//1487
f 755//1488 778//1488 754//1488
f 756//1489 779//1489 755//1489
f 757//1490 780//1490 756//1490
f 758//1491 781//1491 757//1491
f 759//1492 782//1492 758//1492
f 759//1493 784//1493 783//1493
f 760//1494 785//1494 784//1494
f 761//1495 786//1495 785//1495
f 762//1496 787//1496 786//1496
f 763//1497 788//1497 787//1497
f 764//1498 789//1498 788//1498
f 765//1499 790//1499 789//1499
f 767//1500 790//1500 766//1500
f 768//1501 791//1501 767//1501
f 769//1502 792//1502 768//1502
f 770//1503 793//1503 769//1503
f 770//1504 795//1504 794//1504
f 771//1505 796//1505 795//1505
f 772//1506 797//1506 796//1506
f 773//1507 774//1507 797//1507
f 774//1508 799//1508 798//1508
f 775//1509 800//1509 799//1509
f 776//1510 801//1510 800//1510
f 777//1511 802//1511 801//1511
f 778//1512 803//1512 802//1512
f 780//1513 803//1513 779//1513
f 781//1514 804//1514 780//1514
f 782//1515 805//1515 781//1515
f 783//1516 806//1516 782//1516
f 783//1517 808//1517 807//1517
f 784//1518 809//1518 808//1518
f 785//1519 810//1519 809//1519
f 786//1520 811//1520 810//1520
f 787//1521 812//1521 811//1521
f 788//1522 813//1522 812//1522
f 789//1523 814//1523 813//1523
f 791//1524 814//1524 790//1524
f 792//1525 815//1525 791//1525
f 793//1526 816//1526 792//1526
f 794//1527 817//1527 793//1527
f 794//1528 819//1528 818//1528
f 795//1529 820//1529 819//1529
f 796//1530 821//1530 820//1530
f 797//1531 798//1531 821//1531
f 799//1532 822//1532 798//1532
f 799//1533 824//1533 823//1533
f 800//1534 825//1534 824//1534
f 801//1535 826//1535 825//1535
f 802//1536 827//1536 826//1536
f 804//1537 827//1537 803//1537
f 805//1538 828//1538 804//1538
f 806//1539 829//1539 805//1539
f 807//1540 830//1540 806//1540
f 808//1541 831//1541 807//1541
f 808//1542 833//1542 832//1542
f 809//1543 834//1543 833//1543
f 810//1544 835//1544 834//1544
f 811//1545 836//1545 835//1545
f 812//1546 837//1546 836//1546
f 813//1547 838//1547 837//1547
f 815//1548 838//1548 814//1548
f 816//1549 839//1549 815//1549
f 817//1550 840//1550 816//1550
f 818//1551 841//1551 817//1551
f 818//1552 843//1552 842//1552
f 819//1553 844//1553 843//1553
f 820//1554 845//1554 844//1554
f 821//1555 822//1555 845//1555
f 823//1556 846//1556 822//1556
f 824//1557 847//1557 823//1557
f 824//1558 849//1558 848//1558
f 825//1559 850//1559 849//1559
f 826//1560 851//1560 850//1560
f 828//1561 851//1561 827//1561
f 829//1562 852//1562 828//1562
f 830//1563 853//1563 829//1563
f 831//1564 854//1564 830//1564
f 832//1565 855//1565 831//1565
f 832//1566 857//1566 856//1566
f 833//1567 858//1567 857//1567
f 834//1568 859//1568 858//1568
f 835//1569 860//1569 859//1569
f 836//1570 861//1570 860//1570
f 837//1571 862//1571 861//1571
f 839//1572 862//1572 838//1572
f 840//1573 863//1573 839//1573
f 841//1574 864//1574 840//1574
f 842//1575 865//1575 841//1575
f 842//1576 867//1576 866//1576
f 843//1577 868//1577 867//1577
f 844//1578 869//1578 868//1578
f 845//1579 846//1579 869//1579
f 846//1580 871//1580 870//1580
f 847//1581 872//1581 871//1581
f 848//1582 873//1582 872//1582
f 849//1583 874//1583 873//1583
f 850//1584 875//1584 874//1584
f 852//1585 875//1585 851//1585
f 853//1586 876//1586 852//1586
f 854//1587 877//1587 853//1587
f 855//1588 878//1588 854//1588
f 855//1589 880//1589 879//1589
f 856//1590 881//1590 880//1590
f 857//1591 882//1591 881//1591
f 858//1592 883//1592 882//1592
f 859//1593 884//1593 883//1593
f 860//1594 885//1594 884//1594
f 861//1595 886//1595 885//1595
f 863//1596 886//1596 862//1596
f 864//1597 887//1597 863//1597
f 865//1598 888//1598 864//1598
f 866//1599 889//1599 865//1599
f 866//1600 891//1600 890//1600
f 867//1601 892//1601 891//1601
f 868//1602 893//1602 892//1602
f 869//1603 870//1603 893//1603
f 870//1604 895//1604 894//1604
f 871//1605 896//1605 895//1605
f 872//1606 897//1606 896//1606
f 873//1607 898//1607 897//1607
f 875//1608 898//1608 874//1608
f 876//1609 899//1609 875//1609
f 877//1610 900//1610 876//1610
f 878//1611 901//1611 877//1611
f 879//1612 902//1612 878//1612
f 879//1613 904//1613 903//1613
f 880//1614 905//1614 904//1614
f 881//1615 906//1615 905//1615
f 882//1616 907//1616 906//1616
f 883//1617 908//1617 907//1617
f 885//1618 908//1618 884//1618
f 886//1619 909//1619 885//1619
f 887//1620 910//1620 886//1620
f 888//1621 911//1621 887//1621
f 889//1622 912//1622 888//1622
f 890//1623 913//1623 889//1623
f 890//1624 915//1624 914//1624
f 891//1625 916//1625 915//1625
f 892//1626 917//1626 916//1626
f 893//1627 894//1627 917//1627
f 895//1628 918//1628 894//1628
f 896//1629 919//1629 895//1629
f 897//1630 920//1630 896//1630
f 898//1631 921//1631 897//1631
f 898//1632 923//1632 922//1632
f 899//1633 924//1633 923//1633
f 900//1634 925//1634 924//1634
f 901//1635 926//1635 925//1635
f 902//1636 927//1636 926//1636
f 904//1637 927//1637 903//1637
f 905//1638 928//1638 904//1638
f 906//1639 929//1639 905//1639
f 907//1640 930//1640 906//1640
f 908//1641 931//1641 907//1641
f 909//1642 932//1642 908//1642
f 910//1643 933//1643 909//1643
f 910//1644 935//1644 934//1644
f 911//1645 936//1645 935//1645
f 912//1646 937//1646 936//1646
f 913//1647 938//1647 937//1647
f 915//1648 938//1648 914//1648
f 916//1649 939//1649 915//1649
f 917//1650 940//1650 916//1650
f 894//1651 941//1651 917//1651
f 919//1652 942//1652 918//1652
f 920//1653 943//1653 919//1653
f 921//1654 944//1654 920//1654
f 922//1655 945//1655 921//1655
f 922//1656 947//1656 946//1656
f 923//1657 948//1657 947//1657
f 924//1658 949//1658 948//1658
f 925//1659 950//1659 949//1659
f 926//1660 951//1660 950//1660
f 928//1661 951//1661 927//1661
f 929//1662 952//1662 928//1662
f 930//1663 953//1663 929//1663
f 931//1664 954//1664 930//1664
f 932//1665 955//1665 931//1665
f 933//1666 956//1666 932//1666
f 933//1667 958//1667 957//1667
f 934//1668 959//1668 958//1668
f 935//1669 960//1669 959//1669
f 936//1670 961//1670 960//1670
f 937//1671 962//1671 961//1671
f 939//1672 962//1672 938//1672
f 940//1673 963//1673 939//1673
f 941//1674 964//1674 940//1674
f 918//1675 965//1675 941//1675
f 943//1676 966//1676 942//1676
f 944//1677 967//1677 943//1677
f 945//1678 968//1678 944//1678
f 945//1679 970//1679 969//1679
f 946//1680 971//1680 970//1680
f 947//1681 972//1681 971//1681
f 948//1682 973//1682 972//1682
f 949//1683 974//1683 973//1683
f 951//1684 974//1684 950//1684
f 952//1685 975//1685 951//1685
f 953//1686 976//1686 952//1686
f 954//1687 977//1687 953//1687
f 955//1688 978//1688 954//1688
f 956//1689 979//1689 955//1689
f 956//1690 981//1690 980//1690
f 957//1691 982//1691 981//1691
f 958//1692 983//1692 982//1692
f 959//1693 984//1693 983//1693
f 960//1694 985//1694 984//1694
f 961//1695 986//1695 985//1695
f 963//1696 986//1696 962//1696
f 964//1697 987//1697 963//1697
f 965//1698 988//1698 964//1698
f 942//1699 989//1699 965//1699
f 967//1700 990//1700 966//1700
f 968//1701 991//1701 967//1701
f 969//1702 992//1702 968//1702
f 969//1703 994//1703 993//1703
f 970//1704 995//1704 994//1704
f 971//1705 996//1705 995//1705
f 972//1706 997//1706 996//1706
f 974//1707 997//1707 973//1707
f 975//1708 998//1708 974//1708
f 976//1709 999//1709 975//1709
f 977//1710 1000//1710 976//1710
f 978//1711 1001//1711 977//1711
f 979//1712 1002//1712 978//1712
f 980//1713 1003//1713 979//1713
f 980//1714 1005//1714 1004//1714
f 981//1715 1006//1715 1005//1715
f 982//1716 1007//1716 1006//1716
f 983//1717 1008//1717 1007//1717
f 984//1718 1009//1718 1008//1718
f 985//1719 1010//1719 1009//1719
f 987//1720 1010//1720 986//1720
f 988//1721 1011//1721 987//1721
f 989//1722 1012//1722 988//1722
f 966//1723 1013//1723 989//1723
f 991//1724 1014//1724 990//1724
f 992//1725 1015//1725 991//1725
f 993//1726 1016//1726 992//1726
f 993//1727 1018//1727 1017//1727
f 994//1728 1019//1728 1018//1728
f 995//1729 1020//1729 1019//1729
f 996//1730 1021//1730 1020//1730
f 998//1731 1021//1731 997//1731
f 999//1732 1022//1732 998//1732
f 1000//1733 1023//1733 999//1733
f 1001//1734 1024//1734 1000//1734
f 1002//1735 1025//1735 1001//1735
f 1003//1736 1026//1736 1002//1736
f 1004//1737 1027//1737 1003//1737
f 1004//1738 1029//1738 1028//1738
f 1005//1739 1030//1739 1029//1739
f 1006//1740 1031//1740 1030//1740
f 1007//1741 1032//1741 1031//1741
f 1008//1742 1033//1742 1032//1742
f 1009//1743 1034//1743 1033//1743
f 1011//1744 1034//1744 1010//1744
f 1012//1745 1035//1745 1011//1745
f 1012//1746 1037//1746 1036//1746
f 990//1747 1037//1747 1013//1747
f 1015//1748 1038//1748 1014//1748
f 1016//1749 1039//1749 1015//1749
f 1017//1750 1040//1750 1016//1750
f 1017//1751 1042//1751 1041//1751
f 1018//1752 1043//1752 1042//1752
f 1019//1753 1044//1753 1043//1753
f 1021//1754 1044//1754 1020//1754
f 1022//1755 1045//1755 1021//1755
f 1023//1756 1046//1756 1022//1756
f 1024//1757 1047//1757 1023//1757
f 1025//1758 1048//1758 1024//1758
f 1026//1759 1049//1759 1025//1759
f 1027//1760 1050//1760 1026//1760
f 1027//1761 1052//1761 1051//1761
f 1028//1762 1053//1762 1052//1762
f 1029//1763 1054//1763 1053//1763
f 1030//1764 1055//1764 1054//1764
f 1031//1765 1056//1765 1055//1765
f 1032//1766 1057//1766 1056//1766
f 1033//1767 1058//1767 1057//1767
f 1035//1768 1058//1768 1034//1768
f 1036//1769 1059//1769 1035//1769
f 1036//1770 1061//1770 1060//1770
f 1014//1771 1061//1771 1037//1771
f 1039//1772 1062//1772 1038//1772
f 1040//1773 1063//1773 1039//1773
f 1041//1774 1064//1774 1040//1774
f 1041//1775 1066//1775 1065//1775
f 1042//1776 1067//1776 1066//1776
f 1043//1777 1068//1777 1067//1777
f 1045//1778 1068//1778 1044//1778
f 1046//1779 1069//1779 1045//1779
f 1047//1780 1070//1780 1046//1780
f 1048//1781 1071//1781 1047//1781
f 1049//1782 1072//1782 1048//1782
f 1050//1783 1073//1783 1049//1783
f 1051//1784 1074//1784 1050//1784
f 1051//1785 1076//1785 1075//1785
f 1052//1786 1077//1786 1076//1786
f 1053//1787 1078//1787 1077//1787
f 1054//1788 1079//1788 1078//1788
f 1055//1789 1080//1789 1079//1789
f 1056//1790 1081//1790 1080//1790
f 1057//1791 1082//1791 1081//1791
f 1059//1792 1082//1792 1058//1792
f 1060//1793 1083//1793 1059//1793
f 1060//1794 1085//1794 1084//1794
f 1038//1795 1085//1795 1061//1795
f 1062//1796 1063//1796 1086//1796
f 1063//1797 1064//1797 1086//1797
f 1064//1798 1065//1798 1086//1798
f 1065//1799 1066//1799 1086//1799
f 1066//1800 1067//1800 1086//1800
f 1067//1801 1068//1801 1086//1801
f 1068//1802 1069//1802 1086//1802
f 1069//1803 1070//1803 1086//1803
f 1070//1804 1071//1804 1086//1804
f 1071//1805 1072//1805 1086//1805
f 1072//1806 1073//1806 1086//1806
f 1073//1807 1074//1807 1086//1807
f 1074//1808 1075//1808 1086//1808
f 1075//1809 1076//1809 1086//1809
f 1076//1810 1077//1810 1086//1810
f 1077//1811 1078//1811 1086//1811
f 1078//1812 1079//1812 1086//1812
f 1079//1813 1080//1813 1086//1813
f 1080//1814 1081//1814 1086//1814
f 1081//1815 1082//1815 1086//1815
f 1082//1816 1083//1816 1086//1816
f 1083//1817 1084//1817 1086//1817
f 1084//1818 1085//1818 1086//1818
f 1085//1819 1062//1819 1086//1819
f 750//1820 751//1820 775//1820
f 751//1821 752//1821 776//1821
f 752//1822 753//1822 777//1822
f 753//1823 754//1823 778//1823
f 755//1824 779//1824 778//1824
f 756//1825 780//1825 779//1825
f 757//1826 781//1826 780//1826
f 758//1827 782//1827 781//1827
f 759//1828 783//1828 782//1828
f 759//1829 760//1829 784//1829
f 760//1830 761//1830 785//1830
f 761//1831 762//1831 786//1831
f 762//1832 763//1832 787//1832
f 763//1833 764//1833 788//1833
f 764//1834 765//1834 789//1834
f 765//1835 766//1835 790//1835
f 767//1836 791//1836 790//1836
f 768//1837 792//1837 791//1837
f 769//1838 793//1838 792//1838
f 770//1839 794//1839 793//1839
f 770//1840 771//1840 795//1840
f 771//1841 772//1841 796//1841
f 772//1842 773//1842 797//1842
f 773//1843 750//1843 774//1843
f 774//1844 775//1844 799//1844
f 775//1845 776//1845 800//1845
f 776//1846 777//1846 801//1846
f 777//1847 778//1847 802//1847
f 778//1848 779//1848 803//1848
f 780//1849 804//1849 803//1849
f 781//1850 805//1850 804//1850
f 782//1851 806//1851 805//1851
f 783//1852 807//1852 806//1852
f 783//1853 784//1853 808//1853
f 784//1854 785//1854 809//1854
f 785//1855 786//1855 810//1855
f 786//1856 787//1856 811//1856
f 787//1857 788//1857 812//1857
f 788//1858 789//1858 813//1858
f 789//1859 790//1859 814//1859
f 791//1860 815//1860 814//1860
f 792//1861 816//1861 815//1861
f 793//1862 817//1862 816//1862
f 794//1863 818//1863 817//1863
f 794//1864 795//1864 819//1864
f 795//1865 796//1865 820//1865
f 796//1866 797//1866 821//1866
f 797//1867 774//1867 798//1867
f 799//1868 823//1868 822//1868
f 799//1869 800//1869 824//1869
f 800//1870 801//1870 825//1870
f 801//1871 802//1871 826//1871
f 802//1872 803//1872 827//1872
f 804//1873 828//1873 827//1873
f 805//1874 829//1874 828//1874
f 806//1875 830//1875 829//1875
f 807//1876 831//1876 830//1876
f 808//1877 832//1877 831//1877
f 808//1878 809//1878 833//1878
f 809//1879 810//1879 834//1879
f 810//1880 811//1880 835//1880
f 811//1881 812//1881 836//1881
f 812//1882 813//1882 837//1882
f 813//1883 814//1883 838//1883
f 815//1884 839//1884 838//1884
f 816//1885 840//1885 839//1885
f 817//1886 841//1886 840//1886
f 818//1887 842//1887 841//1887
f 818//1888 819//1888 843//1888
f 819//1889 820//1889 844//1889
f 820//1890 821//1890 845//1890
f 821//1891 798//1891 822//1891
f 823//1892 847//1892 846//1892
f 824//1893 848//1893 847//1893
f 824//1894 825//1894 849//1894
f 825//1895 826//1895 850//1895
f 826//1896 827//1896 851//1896
f 828//1897 852//1897 851//1897
f 829//1898 853//1898 852//1898
f 830//1899 854//1899 853//1899
f 831//1900 855//1900 854//1900
f 832//1901 856//1901 855//1901
f 832//1902 833//1902 857//1902
f 833//1903 834//1903 858//1903
f 834//1904 835//1904 859//1904
f 835//1905 836//1905 860//1905
f 836//1906 837//1906 861//1906
f 837//1907 838//1907 862//1907
f 839//1908 863//1908 862//1908
f 840//1909 864//1909 863//1909
f 841//1910 865//1910 864//1910
f 842//1911 866//1911 865//1911
f 842//1912 843//1912 867//1912
f 843//1913 844//1913 868//1913
f 844//1914 845//1914 869//1914
f 845//1915 822//1915 846//1915
f 846//1916 847//1916 871//1916
f 847//1917 848//1917 872//1917
f 848//1918 849//1918 873//1918
f 849//1919 850//1919 874//1919
f 850//1920 851//1920 875//1920
f 852//1921 876//1921 875//1921
f 853//1922 877//1922 876//1922
f 854//1923 878//1923 877//1923
f 855//1924 879//1924 878//1924
f 855//1925 856//1925 880//1925
f 856//1926 857//1926 881//1926
f 857//1927 858//1927 882//1927
f 858//1928 859//1928 883//1928
f 859//1929 860//1929 884//1929
f 860//1930 861//1930 885//1930
f 861//1931 862//1931 886//1931
f 863//1932 887//1932 886//1932
f 864//1933 888//1933 887//1933
f 865//1934 889//1934 888//1934
f 866//1935 890//1935 889//1935
f 866//1936 867//1936 891//1936
f 867//1937 868//1937 892//1937
f 868//1938 869//1938 893//1938
f 869//1939 846//1939 870//1939
f 870//1940 871//1940 895//1940
f 871//1941 872//1941 896//1941
f 872//1942 873//1942 897//1942
f 873//1943 874//1943 898//1943
f 875//1944 899//1944 898//1944
f 876//1945 900//1945 899//1945
f 877//1946 901//1946 900//1946
f 878//1947 902//1947 901//1947
f 879//1948 903//1948 902//1948
f 879//1949 880//1949 904//1949
f 880//1950 881//1950 905//1950
f 881//1951 882//1951 906//1951
f 882//1952 883//1952 907//1952
f 883//1953 884//1953 908//1953
f 885//1954 909//1954 908//1954
f 886//1955 910//1955 909//1955
f 887//1956 911//1956 910//1956
f 888//1957 912//1957 911//1957
f 889//1958 913//1958 912//1958
f 890//1959 914//1959 913//1959
f 890//1960 891//1960 915//1960
f 891//1961 892//1961 916//1961
f 892//1962 893//1962 917//1962
f 893//1963 870//1963 894//1963
f 895//1964 919//1964 918//1964
f 896//1965 920//1965 919//1965
f 897//1966 921//1966 920//1966
f 898//1967 922//1967 921//1967
f 898//1968 899//1968 923//1968
f 899//1969 900//1969 924//1969
f 900//1970 901//1970 925//1970
f 901//1971 902//1971 926//1971
f 902//1972 903//1972 927//1972
f 904//1973 928//1973 927//1973
f 905//1974 929//1974 928//1974
f 906//1975 930//1975 929//1975
f 907//1976 931//1976 930//1976
f 908//1977 932//1977 931//1977
f 909//1978 933//1978 932//1978
f 910//1979 934//1979 933//1979
f 910//1980 911//1980 935//1980
f 911//1981 912//1981 936//1981
f 912//1982 913//1982 937//1982
f 913//1983 914//1983 938//1983
f 915//1984 939//1984 938//1984
f 916//1985 940//1985 939//1985
f 917//1986 941//1986 940//1986
f 894//1987 918//1987 941//1987
f 919//1988 943//1988 942//1988
f 920//1989 944//1989 943//1989
f 921//1990 945//1990 944//1990
f 922//1991 946//1991 945//1991
f 922//1992 923//1992 947//1992
f 923//1993 924//1993 948//1993
f 924//1994 925//1994 949//1994
f 925//1995 926//1995 950//1995
f 926//1996 927//1996 951//1996
f 928//1997 952//1997 951//1997
f 929//1998 953//1998 952//1998
f 930//1999 954//1999 953//1999
f 931//2000 955//2000 954//2000
f 932//2001 956//2001 955//2001
f 933//2002 957//2002 956//2002
f 933//2003 934//2003 958//2003
f 934//2004 935//2004 959//2004
f 935//2005 936//2005 960//2005
f 936//2006 937//2006 961//2006
f 937//2007 938//2007 962//2007
f 939//2008 963//2008 962//2008
f 940//2009 964//2009 963//2009
f 941//2010 965//2010 964//2010
f 918//2011 942//2011 965//2011
f 943//2012 967//2012 966//2012
f 944//2013 968//2013 967//2013
f 945//2014 969//2014 968//2014
f 945//2015 946//2015 970//2015
f 946//2016 947//2016 971//2016
f 947//2017 948//2017 972//2017
f 948//2018 949//2018 973//2018
f 949//2019 950//2019 974//2019
f 951//2020 975//2020 974//2020
f 952//2021 976//2021 975//2021
f 953//2022 977//2022 976//2022
f 954//2023 978//2023 977//2023
f 955//2024 979//2024 978//2024
f 956//2025 980//2025 979//2025
f 956//2026 957//2026 981//2026
f 957//2027 958//2027 982//2027
f 958//2028 959//2028 983//2028
f 959//2029 960//2029 984//2029
f 960//2030 961//2030 985//2030
f 961//2031 962//2031 986//2031
f 963//2032 987//2032 986//2032
f 964//2033 988//2033 987//2033
f 965//2034 989//2034 988//2034
f 942//2035 966//2035 989//2035
f 967//2036 991//2036 990//2036
f 968//2037 992//2037 991//2037
f 969//2038 993//2038 992//2038
f 969//2039 970//2039 994//2039
f 970//2040 971//2040 995//2040
f 971//2041 972//2041 996//2041
f 972//2042 973//2042 997//2042
f 974//2043 998//2043 997//2043
f 975//2044 999//2044 998//2044
f 976//2045 1000//2045 999//2045
f 977//2046 1001//2046 1000//2046
f 978//2047 1002//2047 1001//2047
f 979//2048 1003//2048 1002//2048
f 980//2049 1004//2049 1003//2049
f 980//2050 981//2050 1005//2050
f 981//2051 982//2051 1006//2051
f 982//2052 983//2052 1007//2052
f 983//2053 984//2053 1008//2053
f 984//2054 985//2054 1009//2054
f 985//2055 986//2055 1010//2055
f 987//2056 1011//2056 1010//2056
f 988//2057 1012//2057 1011//2057
f 989//2058 1013//2058 1012//2058
f 966//2059 990//2059 1013//2059
f 991//2060 1015//2060 1014//2060
f 992//2061 1016//2061 1015//2061
f 993//2062 1017//2062 1016//2062
f 993//2063 994//2063 1018//2063
f 994//2064 995//2064 1019//2064
f 995//2065 996//2065 1020//2065
f 996//2066 997//2066 1021//2066
f 998//2067 1022//2067 1021//2067
f 999//2068 1023//2068 1022//2068
f 1000//2069 1024//2069 1023//2069
f 1001//2070 1025//2070 1024//2070
f 1002//2071 1026//2071 1025//2071
f 1003//2072 1027//2072 1026//2072
f 1004//2073 1028//2073 1027//2073
f 1004//2074 1005//2074 1029//2074
f 1005//2075 1006//2075 1030//2075
f 1006//2076 1007//2076 1031//2076
f 1007//2077 1008//2077 1032//2077
f 1008//2078 1009//2078 1033//2078
f 1009//2079 1010//2079 1034//2079
f 1011//2080 1035//2080 1034//2080
f 1012//2081 1036//2081 1035//2081
f 1012//2082 1013//2082 1037//2082
f 990//2083 1014//2083 1037//2083
f 1015//2084 1039//2084 1038//2084
f 1016//2085 1040//2085 1039//2085
f 1017//2086 1041//2086 1040//2086
f 1017//2087 1018//2087 1042//2087
f 1018//2088 1019//2088 1043//2088
f 1019//2089 1020//2089 1044//2089
f 1021//2090 1045//2090 1044//2090
f 1022//2091 1046//2091 1045//2091
f 1023//2092 1047//2092 1046//2092
f 1024//2093 1048//2093 1047//2093
f 1025//2094 1049//2094 1048//2094
f 1026//2095 1050//2095 1049//2095
f 1027//2096 1051//2096 1050//2096
f 1027//2097 1028//2097 1052//2097
f 1028//2098 1029//2098 1053//2098
f 1029//2099 1030//2099 1054//2099
f 1030//2100 1031//2100 1055//2100
f 1031//2101 1032//2101 1056//2101
f 1032//2102 1033//2102 1057//2102
f 1033//2103 1034//2103 1058//2103
f 1035//2104 1059//2104 1058//2104
f 1036//2105 1060//2105 1059//2105
f 1036//2106 1037//2106 1061//2106
f 1014//2107 1038//2107 1061//2107
f 1039//2108 1063//2108 1062//2108
f 1040//2109 1064//2109 1063//2109
f 1041//2110 1065//2110 1064//2110
f 1041//2111 1042//2111 1066//2111
f 1042//2112 1043//2112 1067//2112
f 1043//2113 1044//2113 1068//2113
f 1045//2114 1069//2114 1068//2114
f 1046//2115 1070//2115 1069//2115
f 1047//2116 1071//2116 1070//2116
f 1048//2117 1072//2117 1071//2117
f 1049//2118 1073//2118 1072//2118
f 1050//2119 1074//2119 1073//2119
f 1051//2120 1075//2120 1074//2120
f 1051//2121 1052//2121 1076//2121
f 1052//2122 1053//2122 1077//2122
f 1053//2123 1054//2123 1078//2123
f 1054//1788 1055//1788 1079//1788
f 1055//2124 1056//2124 1080//2124
f 1056//2125 1057//2125 1081//2125
f 1057//2126 1058//2126 1082//2126
f 1059//2127 1083//2127 1082//2127
f 1060//2128 1084//2128 1083//2128
f 1060//2129 1061//2129 1085//2129
f 1038//2130 1062//2130 1085//2130
o mushroom_tower_cap2
v 0.012373 8.270967 -0.198336
v 0.301660 8.220827 -0.198336
v 0.290764 8.220827 -0.272931
v 0.263936 8.220827 -0.343576
v 0.220173 8.220827 -0.406136
v 0.160396 8.220827 -0.454720
v 0.088890 8.220827 -0.483901
v 0.012373 8.220827 -0.492152
v -0.063877 8.220827 -0.482905
v -0.136389 8.220827 -0.455999
v -0.199982 8.220827 -0.410691
v -0.248751 8.220827 -0.349096
v -0.278570 8.220827 -0.276294
v -0.287530 8.220827 -0.198336
v -0.274385 8.220827 -0.121499
v -0.241576 8.220827 -0.051719
v -0.192404 8.220827 0.006441
v -0.131021 8.220827 0.050030
v -0.061646 8.220827 0.077904
v 0.012373 8.220827 0.088742
v 0.087202 8.220827 0.080932
v 0.158209 8.220827 0.054261
v 0.219472 8.220827 0.008764
v 0.265961 8.220827 -0.051927
v 0.294008 8.220827 -0.122872
v 0.589972 8.145618 -0.198336
v 0.568144 8.145618 -0.347254
v 0.514435 8.145618 -0.488202
v 0.427045 8.145618 -0.613008
v 0.307855 8.145618 -0.710127
v 0.165222 8.145618 -0.768776
v 0.012373 8.145618 -0.785555
v -0.140044 8.145618 -0.767164
v -0.284979 8.145618 -0.713364
v -0.412139 8.145618 -0.622848
v -0.509904 8.145618 -0.499873
v -0.570016 8.145618 -0.354387
v -0.588356 8.145618 -0.198336
v -0.562251 8.145618 -0.044366
v -0.496356 8.145618 0.095379
v -0.397388 8.145618 0.211425
v -0.274091 8.145618 0.297833
v -0.135274 8.145618 0.352688
v 0.012373 8.145618 0.373890
v 0.161537 8.145618 0.358352
v 0.303116 8.145618 0.305247
v 0.425404 8.145618 0.214695
v 0.518369 8.145618 0.093801
v 0.574570 8.145618 -0.047696
v 0.876822 8.027554 -0.198336
v 0.843880 8.027554 -0.421138
v 0.762887 8.027554 -0.631645
v 0.631884 8.027554 -0.817847
v 0.453935 8.027554 -0.963144
v 0.241037 8.027554 -1.051723
v 0.012373 8.027554 -1.077642
v -0.215947 8.027554 -1.050437
v -0.433056 8.027554 -0.969842
v -0.623607 8.027554 -0.834315
v -0.770628 8.027554 -0.650402
v -0.861846 8.027554 -0.432582
v -0.890473 8.027554 -0.198336
v -0.851978 8.027554 0.033266
v -0.752616 8.027554 0.243331
v -0.602745 8.027554 0.416782
v -0.416601 8.027554 0.544668
v -0.208245 8.027554 0.625023
v 0.012373 8.027554 0.655878
v 0.235058 8.027554 0.632735
v 0.446439 8.027554 0.553489
v 0.629330 8.027554 0.418621
v 0.768818 8.027554 0.238398
v 0.853452 8.027554 0.027031
v 1.041690 7.939209 -0.198336
v 1.002121 7.939209 -0.463538
v 0.904881 7.939209 -0.713626
v 0.748522 7.939209 -0.934485
v 0.537065 7.939209 -1.107130
v 0.284306 7.939209 -1.213205
v 0.012373 7.939209 -1.244864
v -0.259478 7.939209 -1.212895
v -0.517992 7.939209 -1.116955
v -0.744879 7.939209 -0.955588
v -0.920339 7.939209 -0.736837
v -1.029956 7.939209 -0.477627
v -1.065205 7.939209 -0.198336
v -1.020133 7.939209 0.078323
v -0.901356 7.939209 0.329205
v -0.721471 7.939209 0.535508
v -0.498516 7.939209 0.686550
v -0.249992 7.939209 0.780821
v 0.012373 7.939209 0.816922
v 0.277047 7.939209 0.789442
v 0.528242 7.939209 0.695176
v 0.745847 7.939209 0.535138
v 0.912258 7.939209 0.321213
v 1.013548 7.939209 0.069928
v 1.118505 7.888062 -0.198336
v 1.075732 7.888062 -0.483262
v 0.970640 7.888062 -0.751591
v 0.802306 7.888062 -0.988269
v 0.575348 7.888062 -1.173438
v 0.304278 7.888062 -1.287740
v 0.012373 7.888062 -1.322274
v -0.279665 7.888062 -1.288235
v -0.557388 7.888062 -1.185190
v -0.801102 7.888062 -1.011810
v -0.989788 7.888062 -0.776934
v -1.108136 7.888062 -0.498575
v -1.146767 7.888062 -0.198336
v -1.098910 7.888062 0.099431
v -0.971087 7.888062 0.369465
v -0.776981 7.888062 0.591018
v -0.536655 7.888062 0.752608
v -0.269366 7.888062 0.853129
v 0.012373 7.888062 0.891600
v 0.296517 7.888062 0.862105
v 0.566134 7.888062 0.760807
v 0.799853 7.888062 0.589144
v 0.978879 7.888062 0.359677
v 1.088059 7.888062 0.089893
v 1.170273 8.015930 -0.198336
v 1.126099 8.015930 -0.496758
v 1.017499 8.015930 -0.778646
v 0.841977 8.015930 -1.027940
v 0.603687 8.015930 -1.222522
v 0.318622 8.015930 -1.341274
v 0.012373 8.015930 -1.376113
v -0.293464 8.015930 -1.339733
v -0.584285 8.015930 -1.231777
v -0.839533 8.015930 -1.050241
v -1.036540 8.015930 -0.803926
v -1.158890 8.015930 -0.512175
v -1.197414 8.015930 -0.198336
v -1.145957 8.015930 0.112038
v -1.012778 8.015930 0.393535
v -0.811796 8.015930 0.625832
v -0.562245 8.015930 0.796932
v -0.283086 8.015930 0.904331
v 0.012373 8.015930 0.945550
v 0.310574 8.015930 0.914565
v 0.593635 8.015930 0.808440
v 0.838588 8.015930 0.627879
v 1.025477 8.015930 0.386580
v 1.138921 8.015930 0.103522
v 1.184101 8.140604 -0.198336
v 1.139808 8.140604 -0.500431
v 1.030824 8.140604 -0.786339
v 0.853537 8.140604 -1.039500
v 0.611771 8.140604 -1.236525
v 0.322449 8.140604 -1.355556
v 0.012373 8.140604 -1.389640
v -0.296843 8.140604 -1.352345
v -0.590878 8.140604 -1.243198
v -0.848860 8.140604 -1.059569
v -1.047239 8.140604 -0.810103
v -1.169264 8.140604 -0.514955
v -1.206536 8.140604 -0.198336
v -1.153605 8.140604 0.114087
v -1.019878 8.140604 0.397634
v -0.818999 8.140604 0.633035
v -0.568772 8.140604 0.808236
v -0.287124 8.140604 0.919402
v 0.012373 8.140604 0.962356
v 0.314935 8.140604 0.930842
v 0.602117 8.140604 0.823131
v 0.850185 8.140604 0.639476
v 1.038798 8.140604 0.394271
v 1.152838 8.140604 0.107251
v 1.139272 8.231447 -0.198336
v 1.096841 8.231447 -0.488918
v 0.992359 8.231447 -0.764131
v 0.821873 8.231447 -1.007836
v 0.588978 8.231447 -1.197046
v 0.310406 8.231447 -1.310611
v 0.012373 8.231447 -1.342674
v -0.284598 8.231447 -1.306644
v -0.567014 8.231447 -1.201863
v -0.814674 8.231447 -1.025383
v -1.004534 8.231447 -0.785447
v -1.120534 8.231447 -0.501897
v -1.155327 8.231447 -0.198336
v -1.104095 8.231447 0.100821
v -0.976400 8.231447 0.372532
v -0.785070 8.231447 0.599107
v -0.546158 8.231447 0.769068
v -0.275996 8.231447 0.877871
v 0.012373 8.231447 0.920215
v 0.303931 8.231447 0.889773
v 0.580584 8.231447 0.785834
v 0.819234 8.231447 0.608526
v 1.000289 8.231447 0.372038
v 1.109494 8.231447 0.095637
v 1.083815 8.323301 -0.198336
v 1.043525 8.323301 -0.474632
v 0.944228 8.323301 -0.736343
v 0.781980 8.323301 -0.967943
v 0.560268 8.323301 -1.147318
v 0.295349 8.323301 -1.254419
v 0.012373 8.323301 -1.284363
v -0.269450 8.323301 -1.250112
v -0.537511 8.323301 -1.150762
v -0.772427 8.323301 -0.983135
v -0.951959 8.323301 -0.755093
v -1.060994 8.323301 -0.485944
v -1.093277 8.323301 -0.198336
v -1.044478 8.323301 0.084846
v -0.923975 8.323301 0.342265
v -0.743752 8.323301 0.557789
v -0.518215 8.323301 0.720669
v -0.262067 8.323301 0.825887
v 0.012373 8.323301 0.867185
v 0.290088 8.323301 0.838110
v 0.553481 8.323301 0.738890
v 0.780407 8.323301 0.569698
v 0.952263 8.323301 0.344310
v 1.055727 8.323301 0.081230
v 0.990967 8.411384 -0.198336
v 0.954119 8.411384 -0.450676
v 0.863225 8.411384 -0.689575
v 0.714758 8.411384 -0.900721
v 0.512091 8.411384 -1.063874
v 0.270300 8.411384 -1.160933
v 0.012373 8.411384 -1.187939
v -0.244450 8.411384 -1.156810
v -0.488805 8.411384 -1.066401
v -0.702785 8.411384 -0.913494
v -0.865833 8.411384 -0.705368
v -0.964367 8.411384 -0.460053
v -0.993339 8.411384 -0.198336
v -0.948863 8.411384 0.059226
v -0.839594 8.411384 0.293547
v -0.676366 8.411384 0.490403
v -0.471744 8.411384 0.640179
v -0.238462 8.411384 0.737794
v 0.012373 8.411384 0.776471
v 0.266426 8.411384 0.749803
v 0.507232 8.411384 0.658785
v 0.714470 8.411384 0.503762
v 0.871218 8.411384 0.297519
v 0.965466 8.411384 0.057045
v 0.862544 8.490463 -0.198336
v 0.830427 8.490463 -0.417533
v 0.751108 8.490463 -0.624845
v 0.621783 8.490463 -0.807747
v 0.445637 8.490463 -0.948772
v 0.235884 8.490463 -1.032490
v 0.012373 8.490463 -1.055799
v -0.210201 8.490463 -1.028992
v -0.422050 8.490463 -0.950777
v -0.607453 8.490463 -0.818162
v -0.748425 8.490463 -0.637583
v -0.833369 8.490463 -0.424952
v -0.858322 8.490463 -0.198336
v -0.819848 8.490463 0.024657
v -0.725468 8.490463 0.227656
v -0.584595 8.490463 0.398632
v -0.407805 8.490463 0.529434
v -0.205652 8.490463 0.615343
v 0.012373 8.490463 0.649679
v 0.233366 8.490463 0.626422
v 0.442693 8.490463 0.547001
v 0.622670 8.490463 0.411961
v 0.758696 8.490463 0.232554
v 0.840450 8.490463 0.023547
v 0.701273 8.556403 -0.198336
v 0.675142 8.556403 -0.375924
v 0.610478 8.556403 -0.543652
v 0.505328 8.556403 -0.691291
v 0.362545 8.556403 -0.804852
v 0.192923 8.556403 -0.872157
v 0.012373 8.556403 -0.890993
v -0.167469 8.556403 -0.869515
v -0.338710 8.556403 -0.806429
v -0.488530 8.556403 -0.699238
v -0.602346 8.556403 -0.553244
v -0.670888 8.556403 -0.381415
v -0.691075 8.556403 -0.198336
v -0.660040 8.556403 -0.018163
v -0.583922 8.556403 0.145935
v -0.470410 8.556403 0.284447
v -0.327842 8.556403 0.390933
v -0.164386 8.556403 0.461338
v 0.012373 8.556403 0.489673
v 0.191654 8.556403 0.470749
v 0.361334 8.556403 0.406083
v 0.507067 8.556403 0.296359
v 0.617153 8.556403 0.150834
v 0.683351 8.556403 -0.018548
v 0.509358 8.605923 -0.198336
v 0.490440 8.605923 -0.326434
v 0.443532 8.605923 -0.447266
v 0.367443 8.605923 -0.553406
v 0.264411 8.605923 -0.634880
v 0.142269 8.605923 -0.683116
v 0.012373 8.605923 -0.696701
v -0.117054 8.605923 -0.681363
v -0.240326 8.605923 -0.636023
v -0.348164 8.605923 -0.558872
v -0.430077 8.605923 -0.453784
v -0.479439 8.605923 -0.330116
v -0.494031 8.605923 -0.198336
v -0.471728 8.605923 -0.068622
v -0.416996 8.605923 0.049560
v -0.335436 8.605923 0.149473
v -0.232942 8.605923 0.226563
v -0.115200 8.605923 0.277772
v 0.012373 8.605923 0.298479
v 0.141823 8.605923 0.284780
v 0.264258 8.605923 0.237942
v 0.369317 8.605923 0.158608
v 0.448650 8.605923 0.053549
v 0.496395 8.605923 -0.068643
v 0.287331 8.636617 -0.198336
v 0.276840 8.636617 -0.269200
v 0.250792 8.636617 -0.335987
v 0.208610 8.636617 -0.394573
v 0.151599 8.636617 -0.439483
v 0.084108 8.636617 -0.466057
v 0.012373 8.636617 -0.473577
v -0.059120 8.636617 -0.465149
v -0.127224 8.636617 -0.440124
v -0.186798 8.636617 -0.397507
v -0.232056 8.636617 -0.339457
v -0.259351 8.636617 -0.271144
v -0.267444 8.636617 -0.198336
v -0.255136 8.636617 -0.126657
v -0.224914 8.636617 -0.061338
v -0.179899 8.636617 -0.006065
v -0.123311 8.636617 0.036676
v -0.058227 8.636617 0.065146
v 0.012373 8.636617 0.076687
v 0.084030 8.636617 0.069092
v 0.151773 8.636617 0.043112
v 0.209867 8.636617 -0.000841
v 0.253728 8.636617 -0.058989
v 0.280142 8.636617 -0.126587
v 0.012373 8.647014 -0.198336
vn -0.1707 -0.9850 0.0249
vn -0.1610 -0.9851 0.0612
vn -0.1399 -0.9853 0.0979
vn -0.1066 -0.9856 0.1312
vn -0.0637 -0.9857 0.1560
vn -0.0181 -0.9856 0.1682
vn 0.0204 -0.9855 0.1682
vn 0.0586 -0.9857 0.1580
vn 0.0969 -0.9860 0.1359
vn 0.1300 -0.9862 0.1029
vn 0.1531 -0.9862 0.0627
vn 0.1649 -0.9861 0.0190
vn 0.1648 -0.9859 -0.0282
vn 0.1531 -0.9856 -0.0720
vn 0.1307 -0.9852 -0.1105
vn 0.1002 -0.9849 -0.1410
vn 0.0648 -0.9848 -0.1614
vn 0.0252 -0.9848 -0.1720
vn -0.0180 -0.9849 -0.1720
vn -0.0604 -0.9852 -0.1607
vn -0.1017 -0.9854 -0.1369
vn -0.1351 -0.9854 -0.1035
vn -0.1586 -0.9853 -0.0627
vn -0.1707 -0.9852 -0.0173
vn -0.2522 -0.9670 0.0370
vn -0.2380 -0.9671 0.0904
vn -0.2069 -0.9676 0.1448
vn -0.1578 -0.9682 0.1942
vn -0.0948 -0.9685 0.2305
vn -0.0273 -0.9683 0.2483
vn 0.0301 -0.9682 0.2482
vn 0.0865 -0.9686 0.2331
vn 0.1430 -0.9692 0.2007
vn 0.1918 -0.9696 0.1519
vn 0.2255 -0.9698 0.0932
vn 0.2426 -0.9697 0.0285
vn 0.2423 -0.9693 -0.0411
vn 0.2247 -0.9687 -0.1059
vn 0.1914 -0.9678 -0.1633
vn 0.1462 -0.9670 -0.2086
vn 0.0944 -0.9665 -0.2388
vn 0.0373 -0.9664 -0.2545
vn -0.0266 -0.9666 -0.2549
vn -0.0895 -0.9671 -0.2382
vn -0.1507 -0.9675 -0.2029
vn -0.2001 -0.9677 -0.1533
vn -0.2345 -0.9676 -0.0932
vn -0.2524 -0.9673 -0.0258
vn -0.3800 -0.9233 0.0562
vn -0.3587 -0.9234 0.1367
vn -0.3128 -0.9242 0.2190
vn -0.2395 -0.9254 0.2939
vn -0.1450 -0.9261 0.3484
vn -0.0425 -0.9260 0.3750
vn 0.0452 -0.9262 0.3744
vn 0.1305 -0.9271 0.3514
vn 0.2156 -0.9283 0.3029
vn 0.2891 -0.9293 0.2298
vn 0.3400 -0.9299 0.1405
vn 0.3644 -0.9302 0.0445
vn 0.3633 -0.9297 -0.0604
vn 0.3358 -0.9284 -0.1588
vn 0.2848 -0.9265 -0.2461
vn 0.2164 -0.9241 -0.3149
vn 0.1391 -0.9222 -0.3608
vn 0.0552 -0.9214 -0.3847
vn -0.0402 -0.9217 -0.3859
vn -0.1353 -0.9228 -0.3608
vn -0.2279 -0.9238 -0.3078
vn -0.3025 -0.9243 -0.2326
vn -0.3540 -0.9245 -0.1417
vn -0.3806 -0.9239 -0.0395
vn -0.4711 -0.8793 0.0703
vn -0.4449 -0.8791 0.1712
vn -0.3892 -0.8795 0.2738
vn -0.2998 -0.8805 0.3672
vn -0.1814 -0.8814 0.4361
vn -0.0545 -0.8821 0.4680
vn 0.0556 -0.8828 0.4664
vn 0.1624 -0.8845 0.4375
vn 0.2684 -0.8863 0.3773
vn 0.3594 -0.8878 0.2873
vn 0.4224 -0.8890 0.1769
vn 0.4524 -0.8900 0.0571
vn 0.4500 -0.8900 -0.0733
vn 0.4144 -0.8887 -0.1962
vn 0.3499 -0.8857 -0.3051
vn 0.2649 -0.8815 -0.3910
vn 0.1700 -0.8776 -0.4483
vn 0.0669 -0.8755 -0.4785
vn -0.0499 -0.8757 -0.4804
vn -0.1685 -0.8773 -0.4494
vn -0.2834 -0.8787 -0.3843
vn -0.3760 -0.8797 -0.2910
vn -0.4399 -0.8804 -0.1773
vn -0.4723 -0.8800 -0.0496
vn -0.5523 -0.8295 0.0829
vn -0.5215 -0.8288 0.2028
vn -0.4573 -0.8283 0.3238
vn -0.3541 -0.8285 0.4338
vn -0.2161 -0.8295 0.5150
vn -0.0654 -0.8309 0.5526
vn 0.0647 -0.8326 0.5501
vn 0.1914 -0.8351 0.5157
vn 0.3166 -0.8377 0.4451
vn 0.4238 -0.8395 0.3399
vn 0.4980 -0.8412 0.2106
vn 0.5333 -0.8432 0.0686
vn 0.5294 -0.8441 -0.0851
vn 0.4859 -0.8432 -0.2300
vn 0.4089 -0.8394 -0.3582
vn 0.3086 -0.8331 -0.4590
vn 0.1979 -0.8271 -0.5261
vn 0.0773 -0.8236 -0.5619
vn -0.0586 -0.8236 -0.5641
vn -0.1982 -0.8257 -0.5281
vn -0.3328 -0.8273 -0.4526
vn -0.4415 -0.8289 -0.3435
vn -0.5167 -0.8302 -0.2091
vn -0.5543 -0.8303 -0.0585
vn 0.9183 -0.3718 -0.1359
vn 0.8630 -0.3756 -0.3380
vn 0.7510 -0.3882 -0.5341
vn 0.5794 -0.4001 -0.7101
vn 0.3557 -0.4026 -0.8435
vn 0.1039 -0.3940 -0.9132
vn -0.1068 -0.3858 -0.9164
vn -0.3213 -0.3834 -0.8659
vn -0.5347 -0.3863 -0.7516
vn -0.7181 -0.3892 -0.5769
vn -0.8488 -0.3865 -0.3609
vn -0.9193 -0.3769 -0.1128
vn -0.9189 -0.3640 0.1523
vn -0.8465 -0.3509 0.4005
vn -0.7093 -0.3468 0.6137
vn -0.5289 -0.3540 0.7714
vn -0.3339 -0.3677 0.8679
vn -0.1251 -0.3804 0.9163
vn 0.0952 -0.3870 0.9172
vn 0.3240 -0.3894 0.8622
vn 0.5443 -0.3931 0.7411
vn 0.7256 -0.3913 0.5661
vn 0.8569 -0.3845 0.3434
vn 0.9214 -0.3767 0.0957
vn 0.9835 -0.1091 -0.1442
vn 0.9272 -0.1125 -0.3572
vn 0.8116 -0.1220 -0.5714
vn 0.6272 -0.1294 -0.7681
vn 0.3774 -0.1275 -0.9172
vn 0.1085 -0.1164 -0.9873
vn -0.1174 -0.1071 -0.9873
vn -0.3461 -0.1037 -0.9324
vn -0.5764 -0.1047 -0.8104
vn -0.7767 -0.1046 -0.6212
vn -0.9197 -0.0978 -0.3802
vn -0.9896 -0.0849 -0.1165
vn -0.9834 -0.0720 0.1666
vn -0.9027 -0.0624 0.4257
vn -0.7591 -0.0645 0.6478
vn -0.5717 -0.0802 0.8165
vn -0.3652 -0.1030 0.9252
vn -0.1371 -0.1233 0.9829
vn 0.1024 -0.1329 0.9858
vn 0.3479 -0.1333 0.9280
vn 0.5880 -0.1340 0.7977
vn 0.7860 -0.1294 0.6046
vn 0.9225 -0.1212 0.3665
vn 0.9884 -0.1134 0.1011
vn 0.8891 0.4388 -0.1304
vn 0.8405 0.4380 -0.3191
vn 0.7367 0.4379 -0.5153
vn 0.5662 0.4402 -0.6969
vn 0.3407 0.4453 -0.8280
vn 0.0975 0.4517 -0.8868
vn -0.1072 0.4566 -0.8832
vn -0.3088 0.4603 -0.8323
vn -0.5142 0.4634 -0.7216
vn -0.6933 0.4673 -0.5486
vn -0.8138 0.4739 -0.3365
vn -0.8704 0.4816 -0.1025
vn -0.8618 0.4858 0.1460
vn -0.7908 0.4854 0.3729
vn -0.6684 0.4775 0.5703
vn -0.5088 0.4615 0.7267
vn -0.3294 0.4418 0.8345
vn -0.1315 0.4254 0.8954
vn 0.0943 0.4189 0.9031
vn 0.3188 0.4222 0.8486
vn 0.5395 0.4260 0.7262
vn 0.7165 0.4310 0.5485
vn 0.8364 0.4359 0.3323
vn 0.8942 0.4383 0.0915
vn 0.8495 0.5129 -0.1240
vn 0.8025 0.5131 -0.3045
vn 0.7015 0.5162 -0.4914
vn 0.5368 0.5213 -0.6635
vn 0.3209 0.5265 -0.7873
vn 0.0907 0.5305 -0.8428
vn -0.1021 0.5331 -0.8398
vn -0.2935 0.5357 -0.7918
vn -0.4894 0.5387 -0.6858
vn -0.6600 0.5426 -0.5196
vn -0.7743 0.5479 -0.3168
vn -0.8277 0.5530 -0.0949
vn -0.8204 0.5542 0.1405
vn -0.7549 0.5517 0.3548
vn -0.6410 0.5442 0.5413
vn -0.4911 0.5314 0.6903
vn -0.3200 0.5160 0.7946
vn -0.1286 0.5031 0.8546
vn 0.0903 0.4979 0.8625
vn 0.3050 0.5014 0.8097
vn 0.5157 0.5056 0.6917
vn 0.6831 0.5098 0.5230
vn 0.7985 0.5127 0.3155
vn 0.8538 0.5133 0.0865
vn 0.6848 0.7219 -0.0999
vn 0.6461 0.7226 -0.2458
vn 0.5620 0.7266 -0.3952
vn 0.4275 0.7316 -0.5311
vn 0.2542 0.7348 -0.6289
vn 0.0713 0.7354 -0.6738
vn -0.0815 0.7359 -0.6722
vn -0.2344 0.7375 -0.6334
vn -0.3909 0.7402 -0.5471
vn -0.5269 0.7430 -0.4128
vn -0.6178 0.7454 -0.2503
vn -0.6609 0.7468 -0.0742
vn -0.6569 0.7454 0.1132
vn -0.6073 0.7419 0.2843
vn -0.5187 0.7368 0.4337
vn -0.4001 0.7300 0.5541
vn -0.2626 0.7227 0.6393
vn -0.1062 0.7172 0.6887
vn 0.0729 0.7155 0.6948
vn 0.2459 0.7184 0.6507
vn 0.4146 0.7217 0.5542
vn 0.5486 0.7239 0.4183
vn 0.6416 0.7244 0.2523
vn 0.6872 0.7232 0.0690
vn 0.5228 0.8490 -0.0763
vn 0.4926 0.8496 -0.1885
vn 0.4269 0.8524 -0.3019
vn 0.3236 0.8556 -0.4041
vn 0.1919 0.8571 -0.4781
vn 0.0537 0.8567 -0.5130
vn -0.0617 0.8564 -0.5125
vn -0.1782 0.8574 -0.4827
vn -0.2975 0.8593 -0.4160
vn -0.4010 0.8609 -0.3131
vn -0.4711 0.8616 -0.1892
vn -0.5050 0.8613 -0.0559
vn -0.5035 0.8596 0.0869
vn -0.4670 0.8570 0.2178
vn -0.4003 0.8542 0.3319
vn -0.3100 0.8512 0.4235
vn -0.2068 0.8488 0.4867
vn -0.0827 0.8471 0.5249
vn 0.0556 0.8472 0.5284
vn 0.1874 0.8490 0.4940
vn 0.3152 0.8510 0.4201
vn 0.4170 0.8519 0.3169
vn 0.4881 0.8516 0.1913
vn 0.5238 0.8502 0.0523
vn 0.3779 0.9242 -0.0554
vn 0.3558 0.9244 -0.1372
vn 0.3076 0.9259 -0.2191
vn 0.2327 0.9275 -0.2925
vn 0.1379 0.9282 -0.3456
vn 0.0387 0.9278 -0.3712
vn -0.0443 0.9275 -0.3711
vn -0.1287 0.9281 -0.3493
vn -0.2149 0.9293 -0.3004
vn -0.2898 0.9301 -0.2259
vn -0.3412 0.9301 -0.1363
vn -0.3664 0.9296 -0.0403
vn -0.3661 0.9284 0.0632
vn -0.3401 0.9270 0.1581
vn -0.2922 0.9256 0.2407
vn -0.2270 0.9243 0.3068
vn -0.1517 0.9236 0.3521
vn -0.0608 0.9234 0.3791
vn 0.0402 0.9238 0.3807
vn 0.1355 0.9248 0.3554
vn 0.2273 0.9258 0.3020
vn 0.3005 0.9262 0.2278
vn 0.3519 0.9259 0.1376
vn 0.3782 0.9250 0.0377
vn 0.2497 0.9676 -0.0367
vn 0.2350 0.9677 -0.0912
vn 0.2031 0.9683 -0.1456
vn 0.1536 0.9688 -0.1943
vn 0.0911 0.9690 -0.2297
vn 0.0258 0.9687 -0.2469
vn -0.0293 0.9686 -0.2469
vn -0.0854 0.9689 -0.2321
vn -0.1426 0.9695 -0.1994
vn -0.1923 0.9698 -0.1499
vn -0.2266 0.9698 -0.0904
vn -0.2436 0.9695 -0.0269
vn -0.2435 0.9690 0.0419
vn -0.2265 0.9683 0.1051
vn -0.1949 0.9677 0.1597
vn -0.1517 0.9673 0.2032
vn -0.1013 0.9672 0.2329
vn -0.0406 0.9674 0.2501
vn 0.0265 0.9677 0.2506
vn 0.0895 0.9682 0.2338
vn 0.1500 0.9685 0.1986
vn 0.1982 0.9686 0.1500
vn 0.2322 0.9684 0.0907
vn 0.2497 0.9680 0.0249
vn 0.1369 0.9904 -0.0202
vn 0.1289 0.9904 -0.0503
vn 0.1114 0.9905 -0.0802
vn 0.0844 0.9907 -0.1071
vn 0.0500 0.9907 -0.1267
vn 0.0143 0.9906 -0.1363
vn -0.0161 0.9905 -0.1363
vn -0.0471 0.9907 -0.1280
vn -0.0786 0.9908 -0.1099
vn -0.1059 0.9909 -0.0826
vn -0.1248 0.9909 -0.0498
vn -0.1342 0.9908 -0.0149
vn -0.1342 0.9907 0.0231
vn -0.1249 0.9905 0.0578
vn -0.1076 0.9903 0.0878
vn -0.0839 0.9902 0.1115
vn -0.0559 0.9902 0.1278
vn -0.0224 0.9903 0.1370
vn 0.0145 0.9905 0.1371
vn 0.0490 0.9906 0.1278
vn 0.0822 0.9907 0.1086
vn 0.1086 0.9907 0.0821
vn 0.1273 0.9906 0.0497
vn 0.1369 0.9905 0.0137
vn 0.0378 0.9993 -0.0056
vn 0.0356 0.9993 -0.0139
vn 0.0308 0.9993 -0.0222
vn 0.0233 0.9993 -0.0296
vn 0.0138 0.9993 -0.0351
vn 0.0039 0.9993 -0.0377
vn -0.0045 0.9993 -0.0377
vn -0.0130 0.9993 -0.0354
vn -0.0217 0.9993 -0.0304
vn -0.0293 0.9993 -0.0229
vn -0.0345 0.9993 -0.0138
vn -0.0371 0.9993 -0.0041
vn -0.0371 0.9993 0.0064
vn -0.0345 0.9993 0.0160
vn -0.0298 0.9993 0.0243
vn -0.0233 0.9993 0.0308
vn -0.0154 0.9993 0.0353
vn -0.0062 0.9993 0.0378
vn 0.0040 0.9993 0.0378
vn 0.0135 0.9993 0.0352
vn 0.0227 0.9993 0.0299
vn 0.0300 0.9993 0.0226
vn 0.0351 0.9993 0.0137
vn 0.0378 0.9993 0.0038
vn -0.2523 -0.9669 0.0369
vn -0.2380 -0.9670 0.0907
vn -0.2069 -0.9676 0.1449
vn -0.1580 -0.9682 0.1939
vn -0.0940 -0.9685 0.2305
vn -0.0268 -0.9683 0.2482
vn 0.0299 -0.9683 0.2482
vn 0.1429 -0.9692 0.2007
vn 0.1914 -0.9696 0.1522
vn 0.2255 -0.9698 0.0924
vn 0.2424 -0.9698 0.0279
vn 0.2422 -0.9694 -0.0414
vn 0.2249 -0.9686 -0.1057
vn 0.1924 -0.9677 -0.1627
vn 0.1478 -0.9669 -0.2081
vn 0.0959 -0.9663 -0.2388
vn 0.0366 -0.9663 -0.2549
vn -0.0894 -0.9671 -0.2382
vn -0.1503 -0.9676 -0.2030
vn -0.1997 -0.9677 -0.1536
vn -0.2346 -0.9677 -0.0927
vn -0.2523 -0.9673 -0.0256
vn -0.3803 -0.9232 0.0557
vn -0.3589 -0.9231 0.1381
vn -0.3126 -0.9241 0.2200
vn -0.2396 -0.9254 0.2935
vn -0.1432 -0.9264 0.3482
vn -0.0411 -0.9263 0.3744
vn 0.0446 -0.9263 0.3741
vn 0.2154 -0.9284 0.3029
vn 0.2880 -0.9295 0.2302
vn 0.3384 -0.9303 0.1417
vn 0.3637 -0.9306 0.0427
vn 0.3625 -0.9300 -0.0615
vn 0.3362 -0.9284 -0.1585
vn 0.2873 -0.9260 -0.2450
vn 0.2204 -0.9234 -0.3144
vn 0.1427 -0.9215 -0.3612
vn 0.0539 -0.9211 -0.3856
vn -0.0401 -0.9217 -0.3859
vn -0.2270 -0.9239 -0.3079
vn -0.3013 -0.9246 -0.2332
vn -0.3538 -0.9247 -0.1405
vn -0.3803 -0.9240 -0.0389
vn -0.4720 -0.8788 0.0698
vn -0.4461 -0.8780 0.1735
vn -0.3897 -0.8787 0.2759
vn -0.1821 -0.8824 0.4339
vn -0.0529 -0.8830 0.4665
vn 0.0548 -0.8833 0.4656
vn 0.1623 -0.8845 0.4374
vn 0.3583 -0.8883 0.2874
vn 0.4201 -0.8899 0.1776
vn 0.4505 -0.8911 0.0551
vn 0.4481 -0.8909 -0.0745
vn 0.4146 -0.8886 -0.1961
vn 0.3531 -0.8845 -0.3051
vn 0.2694 -0.8796 -0.3921
vn 0.1736 -0.8759 -0.4502
vn 0.0660 -0.8748 -0.4799
vn -0.0499 -0.8757 -0.4803
vn -0.1687 -0.8772 -0.4495
vn -0.2825 -0.8790 -0.3841
vn -0.3742 -0.8805 -0.2911
vn -0.4391 -0.8811 -0.1758
vn -0.4717 -0.8804 -0.0489
vn -0.5536 -0.8287 0.0826
vn -0.5243 -0.8264 0.2053
vn -0.4591 -0.8262 0.3265
vn -0.3543 -0.8282 0.4343
vn -0.2161 -0.8311 0.5124
vn -0.0640 -0.8326 0.5501
vn 0.0640 -0.8335 0.5487
vn 0.1913 -0.8352 0.5156
vn 0.3167 -0.8375 0.4452
vn 0.4227 -0.8402 0.3396
vn 0.4951 -0.8430 0.2105
vn 0.5301 -0.8453 0.0669
vn 0.5263 -0.8460 -0.0857
vn 0.4858 -0.8433 -0.2300
vn 0.4121 -0.8373 -0.3593
vn 0.3129 -0.8299 -0.4619
vn 0.2008 -0.8243 -0.5293
vn 0.0769 -0.8226 -0.5634
vn -0.1986 -0.8253 -0.5286
vn -0.3320 -0.8279 -0.4520
vn -0.4395 -0.8302 -0.3429
vn -0.5152 -0.8316 -0.2077
vn -0.5533 -0.8310 -0.0580
vn 0.9165 -0.3755 -0.1376
vn 0.8609 -0.3857 -0.3317
vn 0.7505 -0.3968 -0.5284
vn 0.5795 -0.4008 -0.7096
vn 0.3533 -0.3947 -0.8481
vn 0.1084 -0.3858 -0.9162
vn -0.1092 -0.3815 -0.9179
vn -0.3215 -0.3831 -0.8660
vn -0.5345 -0.3865 -0.7516
vn -0.7207 -0.3852 -0.5764
vn -0.8541 -0.3771 -0.3582
vn -0.9231 -0.3656 -0.1188
vn -0.9233 -0.3543 0.1484
vn -0.8462 -0.3513 0.4006
vn -0.7021 -0.3587 0.6151
vn -0.5182 -0.3709 0.7707
vn -0.3254 -0.3814 0.8653
vn -0.1275 -0.3856 0.9138
vn 0.0953 -0.3868 0.9172
vn 0.3232 -0.3906 0.8620
vn 0.5464 -0.3900 0.7412
vn 0.7297 -0.3848 0.5652
vn 0.8581 -0.3783 0.3473
vn 0.9225 -0.3735 0.0974
vn 0.9830 -0.1124 -0.1455
vn 0.9276 -0.1210 -0.3536
vn 0.8124 -0.1281 -0.5689
vn 0.6266 -0.1270 -0.7689
vn 0.3819 -0.1167 -0.9168
vn 0.1124 -0.1072 -0.9879
vn -0.1191 -0.1031 -0.9875
vn -0.5768 -0.1038 -0.8103
vn -0.7790 -0.0975 -0.6194
vn -0.9188 -0.0850 -0.3853
vn -0.9899 -0.0724 -0.1215
vn -0.9846 -0.0631 0.1632
vn -0.9020 -0.0654 0.4267
vn -0.7537 -0.0812 0.6521
vn -0.5624 -0.1038 0.8203
vn -0.3563 -0.1235 0.9262
vn -0.1407 -0.1323 0.9812
vn 0.1027 -0.1323 0.9859
vn 0.3481 -0.1330 0.9280
vn 0.5900 -0.1290 0.7970
vn 0.7848 -0.1213 0.6078
vn 0.9222 -0.1140 0.3696
vn 0.9887 -0.1097 0.1027
vn 0.8899 0.4373 -0.1299
vn 0.8415 0.4347 -0.3208
vn 0.7369 0.4367 -0.5160
vn 0.5661 0.4439 -0.6946
vn 0.3365 0.4530 -0.8255
vn 0.0951 0.4572 -0.8843
vn -0.1064 0.4583 -0.8824
vn -0.3090 0.4600 -0.8324
vn -0.5135 0.4647 -0.7214
vn -0.6896 0.4730 -0.5484
vn -0.8107 0.4825 -0.3316
vn -0.8668 0.4886 -0.0994
vn -0.8593 0.4898 0.1472
vn -0.7928 0.4824 0.3726
vn -0.6761 0.4657 0.5709
vn -0.5194 0.4441 0.7301
vn -0.3381 0.4252 0.8396
vn -0.1290 0.4173 0.8996
vn 0.0940 0.4196 0.9028
vn 0.3181 0.4236 0.8481
vn 0.5371 0.4302 0.7255
vn 0.7131 0.4366 0.5485
vn 0.8349 0.4405 0.3299
vn 0.8931 0.4407 0.0905
vn 0.8497 0.5125 -0.1239
vn 0.8026 0.5128 -0.3047
vn 0.7011 0.5175 -0.4905
vn 0.5366 0.5253 -0.6605
vn 0.3173 0.5322 -0.7849
vn 0.0890 0.5338 -0.8409
vn -0.1019 0.5335 -0.8396
vn -0.2939 0.5350 -0.7921
vn -0.4885 0.5399 -0.6855
vn -0.6563 0.5473 -0.5193
vn -0.7714 0.5543 -0.3125
vn -0.8251 0.5574 -0.0926
vn -0.8190 0.5561 0.1411
vn -0.7571 0.5489 0.3544
vn -0.6480 0.5352 0.5419
vn -0.5009 0.5178 0.6935
vn -0.3285 0.5024 0.7998
vn -0.1262 0.4960 0.8591
vn 0.0900 0.4985 0.8622
vn 0.3039 0.5031 0.8090
vn 0.5133 0.5090 0.6909
vn 0.6822 0.5137 0.5202
vn 0.7972 0.5158 0.3135
vn 0.8529 0.5150 0.0857
vn 0.6846 0.7220 -0.1000
vn 0.6454 0.7235 -0.2449
vn 0.5612 0.7283 -0.3932
vn 0.4272 0.7339 -0.5281
vn 0.2517 0.7371 -0.6271
vn 0.0704 0.7365 -0.6728
vn -0.0817 0.7356 -0.6725
vn -0.2349 0.7369 -0.6338
vn -0.3902 0.7408 -0.5468
vn -0.5240 0.7452 -0.4125
vn -0.6157 0.7481 -0.2473
vn -0.6595 0.7482 -0.0730
vn -0.6566 0.7457 0.1134
vn -0.6090 0.7405 0.2840
vn -0.5237 0.7329 0.4343
vn -0.4075 0.7238 0.5568
vn -0.2694 0.7161 0.6439
vn -0.1043 0.7135 0.6928
vn 0.0727 0.7158 0.6945
vn 0.2448 0.7195 0.6499
vn 0.4127 0.7233 0.5536
vn 0.5480 0.7254 0.4165
vn 0.6407 0.7255 0.2511
vn 0.6866 0.7238 0.0686
vn 0.5224 0.8492 -0.0765
vn 0.4918 0.8504 -0.1871
vn 0.4263 0.8535 -0.2997
vn 0.3235 0.8567 -0.4018
vn 0.1905 0.8579 -0.4772
vn 0.0535 0.8568 -0.5128
vn -0.0622 0.8561 -0.5130
vn -0.1787 0.8572 -0.4831
vn -0.2971 0.8595 -0.4158
vn -0.3996 0.8616 -0.3130
vn -0.4702 0.8623 -0.1878
vn -0.5046 0.8616 -0.0556
vn -0.5036 0.8596 0.0869
vn -0.4679 0.8566 0.2176
vn -0.4029 0.8529 0.3320
vn -0.3143 0.8490 0.4248
vn -0.2056 0.8463 0.4914
vn -0.0813 0.8457 0.5274
vn 0.0554 0.8473 0.5282
vn 0.1865 0.8496 0.4934
vn 0.3140 0.8516 0.4197
vn 0.4167 0.8524 0.3159
vn 0.4877 0.8519 0.1908
vn 0.5236 0.8504 0.0521
vn 0.3776 0.9243 -0.0556
vn 0.3552 0.9249 -0.1359
vn 0.3073 0.9265 -0.2173
vn 0.2328 0.9280 -0.2908
vn 0.1370 0.9285 -0.3452
vn 0.0387 0.9277 -0.3712
vn -0.0447 0.9274 -0.3715
vn -0.1290 0.9280 -0.3494
vn -0.2894 0.9302 -0.2259
vn -0.3410 0.9302 -0.1360
vn -0.3665 0.9295 -0.0404
vn -0.3662 0.9284 0.0631
vn -0.3406 0.9269 0.1580
vn -0.2936 0.9251 0.2406
vn -0.2295 0.9236 0.3072
vn -0.1507 0.9227 0.3547
vn -0.0599 0.9229 0.3803
vn 0.0401 0.9239 0.3806
vn 0.1347 0.9251 0.3551
vn 0.2264 0.9261 0.3018
vn 0.3004 0.9264 0.2272
vn 0.3518 0.9259 0.1375
vn 0.2496 0.9677 -0.0369
vn 0.2348 0.9678 -0.0905
vn 0.2031 0.9684 -0.1447
vn 0.1539 0.9690 -0.1935
vn 0.0907 0.9691 -0.2296
vn -0.0295 0.9686 -0.2470
vn -0.0855 0.9689 -0.2322
vn -0.2436 0.9695 -0.0270
vn -0.2436 0.9690 0.0419
vn -0.2266 0.9683 0.1050
vn -0.1955 0.9676 0.1596
vn -0.1528 0.9672 0.2032
vn -0.1007 0.9670 0.2339
vn -0.0402 0.9673 0.2505
vn 0.0891 0.9682 0.2337
vn 0.1496 0.9686 0.1986
vn 0.1982 0.9687 0.1497
vn 0.2498 0.9680 0.0250
vn 0.1369 0.9904 -0.0203
vn 0.1288 0.9904 -0.0500
vn 0.1115 0.9905 -0.0799
vn 0.0845 0.9907 -0.1068
vn 0.0499 0.9907 -0.1267
vn -0.0162 0.9905 -0.1363
vn -0.1248 0.9909 -0.0499
vn -0.1342 0.9907 0.0230
vn -0.1077 0.9903 0.0877
vn -0.0842 0.9902 0.1115
vn -0.0557 0.9902 0.1280
vn -0.0222 0.9903 0.1371
vn 0.0489 0.9906 0.1278
vn 0.0820 0.9907 0.1087
vn 0.1087 0.9907 0.0820
s 0
usemtl flesh_cap
f 1087//2131 1089//2131 1088//2131
f 1087//2132 1090//2132 1089//2132
f 1087//2133 1091//2133 1090//2133
f 1087//2134 1092//2134 1091//2134
f 1087//2135 1093//2135 1092//2135
f 1087//2136 1094//2136 1093//2136
f 1087//2137 1095//2137 1094//2137
f 1087//2138 1096//2138 1095//2138
f 1087//2139 1097//2139 1096//2139
f 1087//2140 1098//2140 1097//2140
f 1087//2141 1099//2141 1098//2141
f 1087//2142 1100//2142 1099//2142
f 1087//2143 1101//2143 1100//2143
f 1087//2144 1102//2144 1101//2144
f 1087//2145 1103//2145 1102//2145
f 1087//2146 1104//2146 1103//2146
f 1087//2147 1105//2147 1104//2147
f 1087//2148 1106//2148 1105//2148
f 1087//2149 1107//2149 1106//2149
f 1087//2150 1108//2150 1107//2150
f 1087//2151 1109//2151 1108//2151
f 1087//2152 1110//2152 1109//2152
f 1087//2153 1111//2153 1110//2153
f 1087//2154 1088//2154 1111//2154
f 1088//2155 1113//2155 1112//2155
f 1090//2156 1113//2156 1089//2156
f 1091//2157 1114//2157 1090//2157
f 1092//2158 1115//2158 1091//2158
f 1092//2159 1117//2159 1116//2159
f 1093//2160 1118//2160 1117//2160
f 1095//2161 1118//2161 1094//2161
f 1096//2162 1119//2162 1095//2162
f 1097//2163 1120//2163 1096//2163
f 1098//2164 1121//2164 1097//2164
f 1098//2165 1123//2165 1122//2165
f 1099//2166 1124//2166 1123//2166
f 1100//2167 1125//2167 1124//2167
f 1101//2168 1126//2168 1125//2168
f 1102//2169 1127//2169 1126//2169
f 1103//2170 1128//2170 1127//2170
f 1104//2171 1129//2171 1128//2171
f 1106//2172 1129//2172 1105//2172
f 1107//2173 1130//2173 1106//2173
f 1108//2174 1131//2174 1107//2174
f 1109//2175 1132//2175 1108//2175
f 1110//2176 1133//2176 1109//2176
f 1110//2177 1135//2177 1134//2177
f 1111//2178 1112//2178 1135//2178
f 1112//2179 1137//2179 1136//2179
f 1114//2180 1137//2180 1113//2180
f 1115//2181 1138//2181 1114//2181
f 1116//2182 1139//2182 1115//2182
f 1116//2183 1141//2183 1140//2183
f 1117//2184 1142//2184 1141//2184
f 1119//2185 1142//2185 1118//2185
f 1120//2186 1143//2186 1119//2186
f 1121//2187 1144//2187 1120//2187
f 1122//2188 1145//2188 1121//2188
f 1123//2189 1146//2189 1122//2189
f 1123//2190 1148//2190 1147//2190
f 1124//2191 1149//2191 1148//2191
f 1125//2192 1150//2192 1149//2192
f 1126//2193 1151//2193 1150//2193
f 1127//2194 1152//2194 1151//2194
f 1128//2195 1153//2195 1152//2195
f 1130//2196 1153//2196 1129//2196
f 1131//2197 1154//2197 1130//2197
f 1132//2198 1155//2198 1131//2198
f 1133//2199 1156//2199 1132//2199
f 1134//2200 1157//2200 1133//2200
f 1134//2201 1159//2201 1158//2201
f 1135//2202 1136//2202 1159//2202
f 1136//2203 1161//2203 1160//2203
f 1138//2204 1161//2204 1137//2204
f 1139//2205 1162//2205 1138//2205
f 1140//2206 1163//2206 1139//2206
f 1141//2207 1164//2207 1140//2207
f 1141//2208 1166//2208 1165//2208
f 1143//2209 1166//2209 1142//2209
f 1144//2210 1167//2210 1143//2210
f 1145//2211 1168//2211 1144//2211
f 1146//2212 1169//2212 1145//2212
f 1147//2213 1170//2213 1146//2213
f 1147//2214 1172//2214 1171//2214
f 1148//2215 1173//2215 1172//2215
f 1149//2216 1174//2216 1173//2216
f 1150//2217 1175//2217 1174//2217
f 1151//2218 1176//2218 1175//2218
f 1152//2219 1177//2219 1176//2219
f 1154//2220 1177//2220 1153//2220
f 1155//2221 1178//2221 1154//2221
f 1156//2222 1179//2222 1155//2222
f 1157//2223 1180//2223 1156//2223
f 1158//2224 1181//2224 1157//2224
f 1158//2225 1183//2225 1182//2225
f 1159//2226 1160//2226 1183//2226
f 1160//2227 1185//2227 1184//2227
f 1162//2228 1185//2228 1161//2228
f 1163//2229 1186//2229 1162//2229
f 1164//2230 1187//2230 1163//2230
f 1165//2231 1188//2231 1164//2231
f 1165//2232 1190//2232 1189//2232
f 1167//2233 1190//2233 1166//2233
f 1168//2234 1191//2234 1167//2234
f 1169//2235 1192//2235 1168//2235
f 1170//2236 1193//2236 1169//2236
f 1171//2237 1194//2237 1170//2237
f 1171//2238 1196//2238 1195//2238
f 1172//2239 1197//2239 1196//2239
f 1173//2240 1198//2240 1197//2240
f 1174//2241 1199//2241 1198//2241
f 1175//2242 1200//2242 1199//2242
f 1176//2243 1201//2243 1200//2243
f 1178//2244 1201//2244 1177//2244
f 1179//2245 1202//2245 1178//2245
f 1180//2246 1203//2246 1179//2246
f 1181//2247 1204//2247 1180//2247
f 1182//2248 1205//2248 1181//2248
f 1182//2249 1207//2249 1206//2249
f 1183//2250 1184//2250 1207//2250
f 1184//2251 1209//2251 1208//2251
f 1186//2252 1209//2252 1185//2252
f 1187//2253 1210//2253 1186//2253
f 1188//2254 1211//2254 1187//2254
f 1189//2255 1212//2255 1188//2255
f 1189//2256 1214//2256 1213//2256
f 1191//2257 1214//2257 1190//2257
f 1192//2258 1215//2258 1191//2258
f 1193//2259 1216//2259 1192//2259
f 1194//2260 1217//2260 1193//2260
f 1195//2261 1218//2261 1194//2261
f 1195//2262 1220//2262 1219//2262
f 1196//2263 1221//2263 1220//2263
f 1197//2264 1222//2264 1221//2264
f 1198//2265 1223//2265 1222//2265
f 1199//2266 1224//2266 1223//2266
f 1200//2267 1225//2267 1224//2267
f 1202//2268 1225//2268 1201//2268
f 1203//2269 1226//2269 1202//2269
f 1204//2270 1227//2270 1203//2270
f 1205//2271 1228//2271 1204//2271
f 1206//2272 1229//2272 1205//2272
f 1206//2273 1231//2273 1230//2273
f 1207//2274 1208//2274 1231//2274
f 1208//2275 1233//2275 1232//2275
f 1210//2276 1233//2276 1209//2276
f 1211//2277 1234//2277 1210//2277
f 1212//2278 1235//2278 1211//2278
f 1212//2279 1237//2279 1236//2279
f 1213//2280 1238//2280 1237//2280
f 1215//2281 1238//2281 1214//2281
f 1216//2282 1239//2282 1215//2282
f 1217//2283 1240//2283 1216//2283
f 1218//2284 1241//2284 1217//2284
f 1218//2285 1243//2285 1242//2285
f 1219//2286 1244//2286 1243//2286
f 1220//2287 1245//2287 1244//2287
f 1221//2288 1246//2288 1245//2288
f 1222//2289 1247//2289 1246//2289
f 1223//2290 1248//2290 1247//2290
f 1224//2291 1249//2291 1248//2291
f 1226//2292 1249//2292 1225//2292
f 1227//2293 1250//2293 1226//2293
f 1228//2294 1251//2294 1227//2294
f 1229//2295 1252//2295 1228//2295
f 1229//2296 1254//2296 1253//2296
f 1230//2297 1255//2297 1254//2297
f 1231//2298 1232//2298 1255//2298
f 1233//2299 1256//2299 1232//2299
f 1233//2300 1258//2300 1257//2300
f 1234//2301 1259//2301 1258//2301
f 1235//2302 1260//2302 1259//2302
f 1237//2303 1260//2303 1236//2303
f 1238//2304 1261//2304 1237//2304
f 1238//2305 1263//2305 1262//2305
f 1239//2306 1264//2306 1263//2306
f 1240//2307 1265//2307 1264//2307
f 1241//2308 1266//2308 1265//2308
f 1243//2309 1266//2309 1242//2309
f 1244//2310 1267//2310 1243//2310
f 1245//2311 1268//2311 1244//2311
f 1246//2312 1269//2312 1245//2312
f 1247//2313 1270//2313 1246//2313
f 1248//2314 1271//2314 1247//2314
f 1249//2315 1272//2315 1248//2315
f 1249//2316 1274//2316 1273//2316
f 1250//2317 1275//2317 1274//2317
f 1251//2318 1276//2318 1275//2318
f 1252//2319 1277//2319 1276//2319
f 1253//2320 1278//2320 1277//2320
f 1255//2321 1278//2321 1254//2321
f 1232//2322 1279//2322 1255//2322
f 1257//2323 1280//2323 1256//2323
f 1257//2324 1282//2324 1281//2324
f 1258//2325 1283//2325 1282//2325
f 1259//2326 1284//2326 1283//2326
f 1261//2327 1284//2327 1260//2327
f 1262//2328 1285//2328 1261//2328
f 1262//2329 1287//2329 1286//2329
f 1263//2330 1288//2330 1287//2330
f 1264//2331 1289//2331 1288//2331
f 1265//2332 1290//2332 1289//2332
f 1267//2333 1290//2333 1266//2333
f 1268//2334 1291//2334 1267//2334
f 1269//2335 1292//2335 1268//2335
f 1270//2336 1293//2336 1269//2336
f 1271//2337 1294//2337 1270//2337
f 1272//2338 1295//2338 1271//2338
f 1273//2339 1296//2339 1272//2339
f 1273//2340 1298//2340 1297//2340
f 1274//2341 1299//2341 1298//2341
f 1275//2342 1300//2342 1299//2342
f 1276//2343 1301//2343 1300//2343
f 1278//2344 1301//2344 1277//2344
f 1279//2345 1302//2345 1278//2345
f 1256//2346 1303//2346 1279//2346
f 1281//2347 1304//2347 1280//2347
f 1281//2348 1306//2348 1305//2348
f 1282//2349 1307//2349 1306//2349
f 1283//2350 1308//2350 1307//2350
f 1285//2351 1308//2351 1284//2351
f 1286//2352 1309//2352 1285//2352
f 1286//2353 1311//2353 1310//2353
f 1287//2354 1312//2354 1311//2354
f 1288//2355 1313//2355 1312//2355
f 1289//2356 1314//2356 1313//2356
f 1291//2357 1314//2357 1290//2357
f 1292//2358 1315//2358 1291//2358
f 1293//2359 1316//2359 1292//2359
f 1294//2360 1317//2360 1293//2360
f 1295//2361 1318//2361 1294//2361
f 1296//2362 1319//2362 1295//2362
f 1297//2363 1320//2363 1296//2363
f 1297//2364 1322//2364 1321//2364
f 1298//2365 1323//2365 1322//2365
f 1299//2366 1324//2366 1323//2366
f 1300//2367 1325//2367 1324//2367
f 1302//2368 1325//2368 1301//2368
f 1303//2369 1326//2369 1302//2369
f 1280//2370 1327//2370 1303//2370
f 1305//2371 1328//2371 1304//2371
f 1305//2372 1330//2372 1329//2372
f 1306//2373 1331//2373 1330//2373
f 1307//2374 1332//2374 1331//2374
f 1309//2375 1332//2375 1308//2375
f 1310//2376 1333//2376 1309//2376
f 1310//2377 1335//2377 1334//2377
f 1311//2378 1336//2378 1335//2378
f 1312//2379 1337//2379 1336//2379
f 1313//2380 1338//2380 1337//2380
f 1315//2381 1338//2381 1314//2381
f 1316//2382 1339//2382 1315//2382
f 1317//2383 1340//2383 1316//2383
f 1318//2384 1341//2384 1317//2384
f 1319//2385 1342//2385 1318//2385
f 1320//2386 1343//2386 1319//2386
f 1320//2387 1345//2387 1344//2387
f 1321//2388 1346//2388 1345//2388
f 1322//2389 1347//2389 1346//2389
f 1323//2390 1348//2390 1347//2390
f 1324//2391 1349//2391 1348//2391
f 1326//2392 1349//2392 1325//2392
f 1327//2393 1350//2393 1326//2393
f 1304//2394 1351//2394 1327//2394
f 1329//2395 1352//2395 1328//2395
f 1329//2396 1354//2396 1353//2396
f 1330//2397 1355//2397 1354//2397
f 1331//2398 1356//2398 1355//2398
f 1333//2399 1356//2399 1332//2399
f 1334//2400 1357//2400 1333//2400
f 1334//2401 1359//2401 1358//2401
f 1335//2402 1360//2402 1359//2402
f 1336//2403 1361//2403 1360//2403
f 1337//2404 1362//2404 1361//2404
f 1339//2405 1362//2405 1338//2405
f 1340//2406 1363//2406 1339//2406
f 1341//2407 1364//2407 1340//2407
f 1342//2408 1365//2408 1341//2408
f 1343//2409 1366//2409 1342//2409
f 1344//2410 1367//2410 1343//2410
f 1344//2411 1369//2411 1368//2411
f 1345//2412 1370//2412 1369//2412
f 1346//2413 1371//2413 1370//2413
f 1347//2414 1372//2414 1371//2414
f 1348//2415 1373//2415 1372//2415
f 1350//2416 1373//2416 1349//2416
f 1351//2417 1374//2417 1350//2417
f 1328//2418 1375//2418 1351//2418
f 1353//2419 1376//2419 1352//2419
f 1353//2420 1378//2420 1377//2420
f 1354//2421 1379//2421 1378//2421
f 1355//2422 1380//2422 1379//2422
f 1357//2423 1380//2423 1356//2423
f 1358//2424 1381//2424 1357//2424
f 1358//2425 1383//2425 1382//2425
f 1359//2426 1384//2426 1383//2426
f 1360//2427 1385//2427 1384//2427
f 1361//2428 1386//2428 1385//2428
f 1363//2429 1386//2429 1362//2429
f 1364//2430 1387//2430 1363//2430
f 1365//2431 1388//2431 1364//2431
f 1366//2432 1389//2432 1365//2432
f 1367//2433 1390//2433 1366//2433
f 1368//2434 1391//2434 1367//2434
f 1368//2435 1393//2435 1392//2435
f 1369//2436 1394//2436 1393//2436
f 1370//2437 1395//2437 1394//2437
f 1371//2438 1396//2438 1395//2438
f 1372//2439 1397//2439 1396//2439
f 1374//2440 1397//2440 1373//2440
f 1375//2441 1398//2441 1374//2441
f 1352//2442 1399//2442 1375//2442
f 1377//2443 1400//2443 1376//2443
f 1377//2444 1402//2444 1401//2444
f 1378//2445 1403//2445 1402//2445
f 1379//2446 1404//2446 1403//2446
f 1381//2447 1404//2447 1380//2447
f 1382//2448 1405//2448 1381//2448
f 1382//2449 1407//2449 1406//2449
f 1383//2450 1408//2450 1407//2450
f 1384//2451 1409//2451 1408//2451
f 1385//2452 1410//2452 1409//2452
f 1387//2453 1410//2453 1386//2453
f 1388//2454 1411//2454 1387//2454
f 1389//2455 1412//2455 1388//2455
f 1390//2456 1413//2456 1389//2456
f 1391//2457 1414//2457 1390//2457
f 1392//2458 1415//2458 1391//2458
f 1392//2459 1417//2459 1416//2459
f 1393//2460 1418//2460 1417//2460
f 1394//2461 1419//2461 1418//2461
f 1395//2462 1420//2462 1419//2462
f 1396//2463 1421//2463 1420//2463
f 1398//2464 1421//2464 1397//2464
f 1399//2465 1422//2465 1398//2465
f 1376//2466 1423//2466 1399//2466
f 1400//2467 1401//2467 1424//2467
f 1401//2468 1402//2468 1424//2468
f 1402//2469 1403//2469 1424//2469
f 1403//2470 1404//2470 1424//2470
f 1404//2471 1405//2471 1424//2471
f 1405//2472 1406//2472 1424//2472
f 1406//2473 1407//2473 1424//2473
f 1407//2474 1408//2474 1424//2474
f 1408//2475 1409//2475 1424//2475
f 1409//2476 1410//2476 1424//2476
f 1410//2477 1411//2477 1424//2477
f 1411//2478 1412//2478 1424//2478
f 1412//2479 1413//2479 1424//2479
f 1413//2480 1414//2480 1424//2480
f 1414//2481 1415//2481 1424//2481
f 1415//2482 1416//2482 1424//2482
f 1416//2483 1417//2483 1424//2483
f 1417//2484 1418//2484 1424//2484
f 1418//2485 1419//2485 1424//2485
f 1419//2486 1420//2486 1424//2486
f 1420//2487 1421//2487 1424//2487
f 1421//2488 1422//2488 1424//2488
f 1422//2489 1423//2489 1424//2489
f 1423//2490 1400//2490 1424//2490
f 1088//2491 1089//2491 1113//2491
f 1090//2492 1114//2492 1113//2492
f 1091//2493 1115//2493 1114//2493
f 1092//2494 1116//2494 1115//2494
f 1092//2495 1093//2495 1117//2495
f 1093//2496 1094//2496 1118//2496
f 1095//2497 1119//2497 1118//2497
f 1096//2162 1120//2162 1119//2162
f 1097//2498 1121//2498 1120//2498
f 1098//2499 1122//2499 1121//2499
f 1098//2500 1099//2500 1123//2500
f 1099//2501 1100//2501 1124//2501
f 1100//2502 1101//2502 1125//2502
f 1101//2503 1102//2503 1126//2503
f 1102//2504 1103//2504 1127//2504
f 1103//2505 1104//2505 1128//2505
f 1104//2506 1105//2506 1129//2506
f 1106//2507 1130//2507 1129//2507
f 1107//2173 1131//2173 1130//2173
f 1108//2508 1132//2508 1131//2508
f 1109//2509 1133//2509 1132//2509
f 1110//2510 1134//2510 1133//2510
f 1110//2511 1111//2511 1135//2511
f 1111//2512 1088//2512 1112//2512
f 1112//2513 1113//2513 1137//2513
f 1114//2514 1138//2514 1137//2514
f 1115//2515 1139//2515 1138//2515
f 1116//2516 1140//2516 1139//2516
f 1116//2517 1117//2517 1141//2517
f 1117//2518 1118//2518 1142//2518
f 1119//2519 1143//2519 1142//2519
f 1120//2186 1144//2186 1143//2186
f 1121//2520 1145//2520 1144//2520
f 1122//2521 1146//2521 1145//2521
f 1123//2522 1147//2522 1146//2522
f 1123//2523 1124//2523 1148//2523
f 1124//2524 1125//2524 1149//2524
f 1125//2525 1126//2525 1150//2525
f 1126//2526 1127//2526 1151//2526
f 1127//2527 1128//2527 1152//2527
f 1128//2528 1129//2528 1153//2528
f 1130//2529 1154//2529 1153//2529
f 1131//2530 1155//2530 1154//2530
f 1132//2198 1156//2198 1155//2198
f 1133//2531 1157//2531 1156//2531
f 1134//2532 1158//2532 1157//2532
f 1134//2533 1135//2533 1159//2533
f 1135//2534 1112//2534 1136//2534
f 1136//2535 1137//2535 1161//2535
f 1138//2536 1162//2536 1161//2536
f 1139//2537 1163//2537 1162//2537
f 1140//2206 1164//2206 1163//2206
f 1141//2538 1165//2538 1164//2538
f 1141//2539 1142//2539 1166//2539
f 1143//2540 1167//2540 1166//2540
f 1144//2541 1168//2541 1167//2541
f 1145//2211 1169//2211 1168//2211
f 1146//2542 1170//2542 1169//2542
f 1147//2543 1171//2543 1170//2543
f 1147//2544 1148//2544 1172//2544
f 1148//2545 1149//2545 1173//2545
f 1149//2546 1150//2546 1174//2546
f 1150//2547 1151//2547 1175//2547
f 1151//2548 1152//2548 1176//2548
f 1152//2549 1153//2549 1177//2549
f 1154//2550 1178//2550 1177//2550
f 1155//2551 1179//2551 1178//2551
f 1156//2552 1180//2552 1179//2552
f 1157//2553 1181//2553 1180//2553
f 1158//2554 1182//2554 1181//2554
f 1158//2555 1159//2555 1183//2555
f 1159//2556 1136//2556 1160//2556
f 1160//2557 1161//2557 1185//2557
f 1162//2558 1186//2558 1185//2558
f 1163//2559 1187//2559 1186//2559
f 1164//2560 1188//2560 1187//2560
f 1165//2561 1189//2561 1188//2561
f 1165//2562 1166//2562 1190//2562
f 1167//2563 1191//2563 1190//2563
f 1168//2564 1192//2564 1191//2564
f 1169//2565 1193//2565 1192//2565
f 1170//2566 1194//2566 1193//2566
f 1171//2567 1195//2567 1194//2567
f 1171//2568 1172//2568 1196//2568
f 1172//2569 1173//2569 1197//2569
f 1173//2570 1174//2570 1198//2570
f 1174//2571 1175//2571 1199//2571
f 1175//2572 1176//2572 1200//2572
f 1176//2573 1177//2573 1201//2573
f 1178//2574 1202//2574 1201//2574
f 1179//2245 1203//2245 1202//2245
f 1180//2575 1204//2575 1203//2575
f 1181//2576 1205//2576 1204//2576
f 1182//2577 1206//2577 1205//2577
f 1182//2578 1183//2578 1207//2578
f 1183//2579 1160//2579 1184//2579
f 1184//2580 1185//2580 1209//2580
f 1186//2581 1210//2581 1209//2581
f 1187//2582 1211//2582 1210//2582
f 1188//2583 1212//2583 1211//2583
f 1189//2584 1213//2584 1212//2584
f 1189//2585 1190//2585 1214//2585
f 1191//2586 1215//2586 1214//2586
f 1192//2587 1216//2587 1215//2587
f 1193//2588 1217//2588 1216//2588
f 1194//2589 1218//2589 1217//2589
f 1195//2590 1219//2590 1218//2590
f 1195//2591 1196//2591 1220//2591
f 1196//2592 1197//2592 1221//2592
f 1197//2593 1198//2593 1222//2593
f 1198//2594 1199//2594 1223//2594
f 1199//2595 1200//2595 1224//2595
f 1200//2596 1201//2596 1225//2596
f 1202//2597 1226//2597 1225//2597
f 1203//2598 1227//2598 1226//2598
f 1204//2599 1228//2599 1227//2599
f 1205//2600 1229//2600 1228//2600
f 1206//2601 1230//2601 1229//2601
f 1206//2602 1207//2602 1231//2602
f 1207//2603 1184//2603 1208//2603
f 1208//2604 1209//2604 1233//2604
f 1210//2605 1234//2605 1233//2605
f 1211//2606 1235//2606 1234//2606
f 1212//2607 1236//2607 1235//2607
f 1212//2608 1213//2608 1237//2608
f 1213//2609 1214//2609 1238//2609
f 1215//2610 1239//2610 1238//2610
f 1216//2282 1240//2282 1239//2282
f 1217//2611 1241//2611 1240//2611
f 1218//2612 1242//2612 1241//2612
f 1218//2613 1219//2613 1243//2613
f 1219//2614 1220//2614 1244//2614
f 1220//2615 1221//2615 1245//2615
f 1221//2616 1222//2616 1246//2616
f 1222//2617 1223//2617 1247//2617
f 1223//2618 1224//2618 1248//2618
f 1224//2619 1225//2619 1249//2619
f 1226//2620 1250//2620 1249//2620
f 1227//2621 1251//2621 1250//2621
f 1228//2622 1252//2622 1251//2622
f 1229//2623 1253//2623 1252//2623
f 1229//2624 1230//2624 1254//2624
f 1230//2625 1231//2625 1255//2625
f 1231//2626 1208//2626 1232//2626
f 1233//2627 1257//2627 1256//2627
f 1233//2628 1234//2628 1258//2628
f 1234//2629 1235//2629 1259//2629
f 1235//2630 1236//2630 1260//2630
f 1237//2631 1261//2631 1260//2631
f 1238//2632 1262//2632 1261//2632
f 1238//2633 1239//2633 1263//2633
f 1239//2634 1240//2634 1264//2634
f 1240//2635 1241//2635 1265//2635
f 1241//2636 1242//2636 1266//2636
f 1243//2637 1267//2637 1266//2637
f 1244//2638 1268//2638 1267//2638
f 1245//2639 1269//2639 1268//2639
f 1246//2640 1270//2640 1269//2640
f 1247//2641 1271//2641 1270//2641
f 1248//2642 1272//2642 1271//2642
f 1249//2643 1273//2643 1272//2643
f 1249//2644 1250//2644 1274//2644
f 1250//2645 1251//2645 1275//2645
f 1251//2646 1252//2646 1276//2646
f 1252//2647 1253//2647 1277//2647
f 1253//2648 1254//2648 1278//2648
f 1255//2649 1279//2649 1278//2649
f 1232//2650 1256//2650 1279//2650
f 1257//2651 1281//2651 1280//2651
f 1257//2652 1258//2652 1282//2652
f 1258//2653 1259//2653 1283//2653
f 1259//2654 1260//2654 1284//2654
f 1261//2655 1285//2655 1284//2655
f 1262//2656 1286//2656 1285//2656
f 1262//2657 1263//2657 1287//2657
f 1263//2658 1264//2658 1288//2658
f 1264//2659 1265//2659 1289//2659
f 1265//2660 1266//2660 1290//2660
f 1267//2661 1291//2661 1290//2661
f 1268//2662 1292//2662 1291//2662
f 1269//2663 1293//2663 1292//2663
f 1270//2664 1294//2664 1293//2664
f 1271//2665 1295//2665 1294//2665
f 1272//2666 1296//2666 1295//2666
f 1273//2667 1297//2667 1296//2667
f 1273//2668 1274//2668 1298//2668
f 1274//2669 1275//2669 1299//2669
f 1275//2670 1276//2670 1300//2670
f 1276//2671 1277//2671 1301//2671
f 1278//2672 1302//2672 1301//2672
f 1279//2673 1303//2673 1302//2673
f 1256//2674 1280//2674 1303//2674
f 1281//2675 1305//2675 1304//2675
f 1281//2676 1282//2676 1306//2676
f 1282//2677 1283//2677 1307//2677
f 1283//2678 1284//2678 1308//2678
f 1285//2679 1309//2679 1308//2679
f 1286//2680 1310//2680 1309//2680
f 1286//2681 1287//2681 1311//2681
f 1287//2682 1288//2682 1312//2682
f 1288//2683 1289//2683 1313//2683
f 1289//2684 1290//2684 1314//2684
f 1291//2685 1315//2685 1314//2685
f 1292//2686 1316//2686 1315//2686
f 1293//2687 1317//2687 1316//2687
f 1294//2688 1318//2688 1317//2688
f 1295//2689 1319//2689 1318//2689
f 1296//2690 1320//2690 1319//2690
f 1297//2691 1321//2691 1320//2691
f 1297//2692 1298//2692 1322//2692
f 1298//2693 1299//2693 1323//2693
f 1299//2694 1300//2694 1324//2694
f 1300//2695 1301//2695 1325//2695
f 1302//2696 1326//2696 1325//2696
f 1303//2697 1327//2697 1326//2697
f 1280//2698 1304//2698 1327//2698
f 1305//2699 1329//2699 1328//2699
f 1305//2700 1306//2700 1330//2700
f 1306//2701 1307//2701 1331//2701
f 1307//2702 1308//2702 1332//2702
f 1309//2703 1333//2703 1332//2703
f 1310//2704 1334//2704 1333//2704
f 1310//2705 1311//2705 1335//2705
f 1311//2706 1312//2706 1336//2706
f 1312//2707 1313//2707 1337//2707
f 1313//2708 1314//2708 1338//2708
f 1315//2709 1339//2709 1338//2709
f 1316//2710 1340//2710 1339//2710
f 1317//2711 1341//2711 1340//2711
f 1318//2712 1342//2712 1341//2712
f 1319//2713 1343//2713 1342//2713
f 1320//2714 1344//2714 1343//2714
f 1320//2715 1321//2715 1345//2715
f 1321//2716 1322//2716 1346//2716
f 1322//2717 1323//2717 1347//2717
f 1323//2718 1324//2718 1348//2718
f 1324//2719 1325//2719 1349//2719
f 1326//2720 1350//2720 1349//2720
f 1327//2721 1351//2721 1350//2721
f 1304//2722 1328//2722 1351//2722
f 1329//2723 1353//2723 1352//2723
f 1329//2724 1330//2724 1354//2724
f 1330//2725 1331//2725 1355//2725
f 1331//2726 1332//2726 1356//2726
f 1333//2727 1357//2727 1356//2727
f 1334//2728 1358//2728 1357//2728
f 1334//2729 1335//2729 1359//2729
f 1335//2730 1336//2730 1360//2730
f 1336//2403 1337//2403 1361//2403
f 1337//2731 1338//2731 1362//2731
f 1339//2732 1363//2732 1362//2732
f 1340//2733 1364//2733 1363//2733
f 1341//2734 1365//2734 1364//2734
f 1342//2735 1366//2735 1365//2735
f 1343//2736 1367//2736 1366//2736
f 1344//2737 1368//2737 1367//2737
f 1344//2738 1345//2738 1369//2738
f 1345//2739 1346//2739 1370//2739
f 1346//2740 1347//2740 1371//2740
f 1347//2741 1348//2741 1372//2741
f 1348//2742 1349//2742 1373//2742
f 1350//2743 1374//2743 1373//2743
f 1351//2744 1375//2744 1374//2744
f 1328//2418 1352//2418 1375//2418
f 1353//2745 1377//2745 1376//2745
f 1353//2746 1354//2746 1378//2746
f 1354//2747 1355//2747 1379//2747
f 1355//2748 1356//2748 1380//2748
f 1357//2749 1381//2749 1380//2749
f 1358//2424 1382//2424 1381//2424
f 1358//2750 1359//2750 1383//2750
f 1359//2751 1360//2751 1384//2751
f 1360//2427 1361//2427 1385//2427
f 1361//2428 1362//2428 1386//2428
f 1363//2429 1387//2429 1386//2429
f 1364//2752 1388//2752 1387//2752
f 1365//2753 1389//2753 1388//2753
f 1366//2754 1390//2754 1389//2754
f 1367//2755 1391//2755 1390//2755
f 1368//2756 1392//2756 1391//2756
f 1368//2757 1369//2757 1393//2757
f 1369//2758 1370//2758 1394//2758
f 1370//2437 1371//2437 1395//2437
f 1371//2759 1372//2759 1396//2759
f 1372//2760 1373//2760 1397//2760
f 1374//2761 1398//2761 1397//2761
f 1375//2441 1399//2441 1398//2441
f 1352//2762 1376//2762 1399//2762
f 1377//2763 1401//2763 1400//2763
f 1377//2764 1378//2764 1402//2764
f 1378//2765 1379//2765 1403//2765
f 1379//2766 1380//2766 1404//2766
f 1381//2767 1405//2767 1404//2767
f 1382//2448 1406//2448 1405//2448
f 1382//2768 1383//2768 1407//2768
f 1383//2450 1384//2450 1408//2450
f 1384//2451 1385//2451 1409//2451
f 1385//2452 1386//2452 1410//2452
f 1387//2769 1411//2769 1410//2769
f 1388//2454 1412//2454 1411//2454
f 1389//2770 1413//2770 1412//2770
f 1390//2456 1414//2456 1413//2456
f 1391//2771 1415//2771 1414//2771
f 1392//2772 1416//2772 1415//2772
f 1392//2773 1393//2773 1417//2773
f 1393//2774 1394//2774 1418//2774
f 1394//2461 1395//2461 1419//2461
f 1395//2775 1396//2775 1420//2775
f 1396//2776 1397//2776 1421//2776
f 1398//2777 1422//2777 1421//2777
f 1399//2465 1423//2465 1422//2465
f 1376//2466 1400//2466 1423//2466
o mushroom_tower_frill
v 1.366293 4.010398 -0.205005
v 1.332927 3.987039 -0.544816
v 1.245915 3.980034 -0.882919
v 1.002139 4.053641 -1.133347
v 0.765856 3.959545 -1.380808
v 0.451997 4.025154 -1.517438
v 0.134325 4.003034 -1.688001
v -0.226646 4.037817 -1.694876
v -0.550987 3.972429 -1.537223
v -0.837732 3.994719 -1.352399
v -1.157373 4.037552 -1.189822
v -1.360855 4.051397 -0.895229
v -1.432380 4.014536 -0.546780
v -1.485518 4.050934 -0.205005
v -1.372530 4.045578 0.122019
v -1.299405 3.965978 0.452968
v -1.080175 3.989630 0.711422
v -0.847157 3.958174 0.956044
v -0.545190 3.992040 1.111927
v -0.217866 3.964212 1.212558
v 0.120822 3.957934 1.166783
v 0.437456 4.008435 1.069086
v 0.755922 3.972328 0.956407
v 0.995191 4.036775 0.717183
v 1.251092 3.978298 0.475627
v 1.312349 3.981541 0.129735
v 1.520786 3.643704 -0.205005
v 1.593844 3.564987 -0.609127
v 1.447184 3.550585 -0.988553
v 1.136487 3.572000 -1.252369
v 0.924492 3.502710 -1.610633
v 0.553792 3.539645 -1.785850
v 0.160015 3.643490 -1.899575
v -0.240813 3.578466 -1.811552
v -0.605741 3.643833 -1.681598
v -1.042945 3.639508 -1.649701
v -1.358406 3.599940 -1.367923
v -1.451066 3.620380 -0.942575
v -1.612107 3.654805 -0.591079
v -1.758913 3.552526 -0.205005
v -1.729427 3.480721 0.209986
v -1.551053 3.643174 0.585043
v -1.216521 3.655577 0.832214
v -1.043331 3.532810 1.240251
v -0.606217 3.485837 1.272843
v -0.235677 3.587097 1.359240
v 0.168092 3.549973 1.556085
v 0.585614 3.482959 1.459747
v 0.938257 3.549106 1.220565
v 1.288068 3.485098 0.976649
v 1.435438 3.584512 0.572379
v 1.618105 3.464321 0.205097
v 1.831319 2.902645 -0.205005
v 1.816875 3.430682 -0.664099
v 1.632049 2.568055 -1.085578
v 1.215944 3.316339 -1.322762
v 1.060703 2.719111 -1.807969
v 0.640375 3.391573 -2.014149
v 0.179059 2.654878 -2.056414
v -0.243267 3.338461 -1.831759
v -0.640554 2.621508 -1.773393
v -1.085080 3.393327 -1.710745
v -1.363514 2.797976 -1.372448
v -1.564365 3.447635 -1.002039
v -1.758797 2.796151 -0.627235
v -1.921284 3.351226 -0.205005
v -1.766933 2.606688 0.219230
v -1.556481 3.488787 0.587892
v -1.293729 2.929991 0.900614
v -1.023911 3.468487 1.212116
v -0.683810 2.509073 1.477438
v -0.278482 3.439435 1.711771
v 0.174518 2.932323 1.609012
v 0.566000 3.331575 1.408028
v 0.948357 2.616096 1.235198
v 1.396668 3.304104 1.072860
v 1.406980 2.991134 0.557443
v 1.867057 3.393817 0.266458
vn 0.9153 0.3856 -0.1164
vn 0.8142 0.5370 -0.2207
vn 0.7207 0.3490 -0.5990
vn 0.6093 0.3462 -0.7134
vn 0.4311 0.5041 -0.7483
vn 0.3862 0.4881 -0.7827
vn 0.0420 0.2447 -0.9687
vn -0.4638 0.4200 -0.7800
vn -0.4685 0.4196 -0.7774
vn -0.2460 0.7017 -0.6686
vn -0.7960 0.2282 -0.5606
vn -0.9599 0.2200 -0.1738
vn -0.8700 0.4573 -0.1840
vn -0.8373 0.4593 0.2968
vn -0.6842 0.6602 0.3100
vn -0.6909 0.4781 0.5423
vn -0.6048 0.4774 0.6375
vn -0.4628 0.3187 0.8272
vn -0.2458 0.3614 0.8994
vn 0.1317 0.3539 0.9260
vn 0.1409 0.6160 0.7751
vn 0.3268 0.5977 0.7321
vn 0.4982 0.5713 0.6522
vn 0.6637 0.4563 0.5927
vn 0.8784 0.4505 0.1598
vn 0.9067 0.3820 0.1790
vn 0.5002 0.8624 -0.0776
vn 0.4651 0.8594 -0.2124
vn 0.6135 0.3811 -0.6916
vn 0.7615 0.3810 -0.5243
vn 0.2925 0.8491 -0.4398
vn 0.3424 0.8422 -0.4164
vn -0.2267 0.0840 -0.9703
vn -0.3211 0.0827 -0.9434
vn -0.0729 0.2518 -0.9650
vn -0.6581 0.2854 -0.6967
vn -0.7865 0.5845 -0.1994
vn -0.7069 0.5952 -0.3822
vn -0.7719 0.6226 -0.1286
vn -0.7681 0.6196 0.1618
vn -0.9089 0.0396 0.4151
vn -0.5947 0.0357 0.8031
vn -0.8865 -0.3819 0.2613
vn -0.1128 -0.4266 0.8974
vn -0.3200 0.8871 0.3327
vn -0.0977 0.9221 0.3744
vn 0.1598 -0.3376 0.9276
vn 0.5714 -0.3306 0.7511
vn 0.5210 0.6228 0.5837
vn 0.9423 -0.0535 0.3304
vn 0.8869 -0.0541 0.4588
vn 0.9212 0.3860 -0.0498
vn 0.8530 0.5192 0.0531
vn 0.8191 0.4661 -0.3343
vn 0.5975 0.4442 -0.6676
vn 0.6996 0.4998 -0.5106
vn 0.4069 0.5193 -0.7515
vn 0.3600 0.5081 -0.7825
vn -0.2616 0.4755 -0.8399
vn -0.2862 0.2442 -0.9265
vn -0.0611 0.6612 -0.7478
vn -0.6036 0.5224 -0.6023
vn -0.8536 0.4772 -0.2089
vn -0.7955 0.4477 -0.4083
vn -0.8587 0.4710 -0.2017
vn -0.8245 0.5448 0.1528
vn -0.8239 0.5449 0.1558
vn -0.4786 0.6253 0.6164
vn -0.6501 0.6060 0.4583
vn -0.0022 0.5562 0.8310
vn -0.2975 0.3216 0.8989
vn -0.2867 0.6438 0.7095
vn 0.2666 0.6814 0.6816
vn 0.3574 0.6200 0.6984
vn 0.5280 0.6016 0.5994
vn 0.7172 0.5696 0.4015
vn 0.8205 0.5197 0.2380
vn 0.8594 0.5109 0.0195
vn 0.8517 0.3569 0.3837
vn 0.6821 0.1979 -0.7040
vn 0.7334 0.2021 -0.6491
vn 0.7593 0.2799 -0.5875
vn 0.7463 0.2816 -0.6031
vn -0.1532 0.1520 -0.9764
vn -0.2703 0.1458 -0.9517
vn -0.3112 0.0955 -0.9455
vn 0.0141 0.0889 -0.9959
vn -0.7794 0.0085 -0.6265
vn -0.8729 0.0083 -0.4879
vn -0.9645 0.1732 -0.1993
vn -0.8289 0.1641 -0.5348
vn -0.9119 0.0434 0.4080
vn -0.9088 0.0434 0.4150
vn -0.6220 0.1388 0.7706
vn -0.8543 0.1381 0.5011
vn -0.1492 0.2141 0.9654
vn -0.7775 0.1875 0.6003
vn 0.3093 0.0844 0.9472
vn 0.3871 0.0827 0.9183
vn 0.4409 0.0188 0.8974
vn 0.3155 0.0183 0.9488
vn 0.8836 0.4079 -0.2300
vn -0.0252 0.6042 0.7964
vn 0.3496 0.6354 -0.6885
s 0
usemtl moss_frill
f 1451//2778 1426//2778 1425//2778
f 1452//2779 1427//2779 1426//2779
f 1427//2780 1454//2780 1428//2780
f 1454//2781 1429//2781 1428//2781
f 1429//2782 1456//2782 1430//2782
f 1430//2783 1457//2783 1431//2783
f 1431//2784 1458//2784 1432//2784
f 1432//2785 1459//2785 1433//2785
f 1459//2786 1434//2786 1433//2786
f 1460//2787 1435//2787 1434//2787
f 1435//2788 1462//2788 1436//2788
f 1462//2789 1437//2789 1436//2789
f 1463//2790 1438//2790 1437//2790
f 1464//2791 1439//2791 1438//2791
f 1439//2792 1466//2792 1440//2792
f 1440//2793 1467//2793 1441//2793
f 1467//2794 1442//2794 1441//2794
f 1442//2795 1469//2795 1443//2795
f 1443//2796 1470//2796 1444//2796
f 1470//2797 1445//2797 1444//2797
f 1445//2798 1472//2798 1446//2798
f 1446//2799 1473//2799 1447//2799
f 1447//2800 1474//2800 1448//2800
f 1448//2801 1475//2801 1449//2801
f 1475//2802 1450//2802 1449//2802
f 1450//2803 1451//2803 1425//2803
f 1451//2804 1478//2804 1452//2804
f 1478//2805 1453//2805 1452//2805
f 1453//2806 1480//2806 1454//2806
f 1480//2807 1455//2807 1454//2807
f 1455//2808 1482//2808 1456//2808
f 1482//2809 1457//2809 1456//2809
f 1457//2810 1484//2810 1458//2810
f 1484//2811 1459//2811 1458//2811
f 1459//2812 1486//2812 1460//2812
f 1486//2813 1461//2813 1460//2813
f 1461//2814 1488//2814 1462//2814
f 1488//2815 1463//2815 1462//2815
f 1463//2816 1490//2816 1464//2816
f 1490//2817 1465//2817 1464//2817
f 1465//2818 1492//2818 1466//2818
f 1492//2819 1467//2819 1466//2819
f 1467//2820 1494//2820 1468//2820
f 1494//2821 1469//2821 1468//2821
f 1469//2822 1496//2822 1470//2822
f 1496//2823 1471//2823 1470//2823
f 1471//2824 1498//2824 1472//2824
f 1498//2825 1473//2825 1472//2825
f 1473//2826 1500//2826 1474//2826
f 1474//2827 1501//2827 1475//2827
f 1501//2828 1476//2828 1475//2828
f 1476//2829 1477//2829 1451//2829
f 1451//2830 1452//2830 1426//2830
f 1452//2831 1453//2831 1427//2831
f 1427//2832 1453//2832 1454//2832
f 1454//2833 1455//2833 1429//2833
f 1429//2834 1455//2834 1456//2834
f 1430//2835 1456//2835 1457//2835
f 1431//2836 1457//2836 1458//2836
f 1432//2837 1458//2837 1459//2837
f 1459//2838 1460//2838 1434//2838
f 1460//2839 1461//2839 1435//2839
f 1435//2840 1461//2840 1462//2840
f 1462//2841 1463//2841 1437//2841
f 1463//2842 1464//2842 1438//2842
f 1464//2843 1465//2843 1439//2843
f 1439//2844 1465//2844 1466//2844
f 1440//2845 1466//2845 1467//2845
f 1467//2846 1468//2846 1442//2846
f 1442//2847 1468//2847 1469//2847
f 1443//2848 1469//2848 1470//2848
f 1470//2849 1471//2849 1445//2849
f 1445//2850 1471//2850 1472//2850
f 1446//2851 1472//2851 1473//2851
f 1447//2852 1473//2852 1474//2852
f 1448//2853 1474//2853 1475//2853
f 1475//2854 1476//2854 1450//2854
f 1450//2855 1476//2855 1451//2855
f 1451//2856 1477//2856 1478//2856
f 1478//2857 1479//2857 1453//2857
f 1453//2858 1479//2858 1480//2858
f 1480//2859 1481//2859 1455//2859
f 1455//2860 1481//2860 1482//2860
f 1482//2861 1483//2861 1457//2861
f 1457//2862 1483//2862 1484//2862
f 1484//2863 1485//2863 1459//2863
f 1459//2864 1485//2864 1486//2864
f 1486//2865 1487//2865 1461//2865
f 1461//2866 1487//2866 1488//2866
f 1488//2867 1489//2867 1463//2867
f 1463//2868 1489//2868 1490//2868
f 1490//2869 1491//2869 1465//2869
f 1465//2870 1491//2870 1492//2870
f 1492//2871 1493//2871 1467//2871
f 1467//2872 1493//2872 1494//2872
f 1494//2873 1495//2873 1469//2873
f 1469//2874 1495//2874 1496//2874
f 1496//2875 1497//2875 1471//2875
f 1471//2876 1497//2876 1498//2876
f 1498//2877 1499//2877 1473//2877
f 1473//2878 1499//2878 1500//2878
f 1474//2879 1500//2879 1501//2879
f 1501//2880 1502//2880 1476//2880
f 1476//2881 1502//2881 1477//2881
o mushroom_tower_dots
v -1.071980 6.771545 1.046369
v -1.009698 6.738214 1.059195
v -1.022098 6.704436 0.997069
v -0.442506 8.510313 0.603058
v -0.407511 8.478137 0.615085
v -1.004466 6.769529 0.926303
v 0.236707 8.433173 -1.195813
v 0.252367 8.400503 -1.197467
v 0.231633 8.392573 -1.168787
v -0.984763 6.830269 0.959117
v -1.054348 6.836637 0.975603
v 0.256917 8.456362 -1.157182
v 0.280948 8.433297 -1.142836
v 0.251842 8.415763 -1.130157
v -0.424485 8.451961 0.577253
v 0.881496 7.007667 0.551358
v 0.239553 8.483461 -1.119731
v 0.256392 8.471622 -1.089872
v 0.234479 8.442863 -1.092706
v -1.099852 6.863282 0.893291
v -1.049116 6.867951 0.842711
v 0.194788 8.498597 -1.105398
v 0.193085 8.493027 -1.069601
v 0.189714 8.457998 -1.078372
v -1.049971 6.796174 0.843992
v 0.899118 6.946454 0.575474
v 0.148844 8.492904 -1.122578
v 0.128110 8.484974 -1.093898
v 0.143770 8.452304 -1.095553
v 0.186650 8.414031 -1.126573
v -0.403410 8.482915 0.521976
v 0.128634 8.469714 -1.161208
v 0.099529 8.452180 -1.148529
v 0.123560 8.429115 -1.134183
v -0.377705 8.521913 0.536911
v -0.421430 8.541266 0.547781
v 0.145997 8.442615 -1.198659
v 0.124084 8.413856 -1.201493
v 0.140923 8.402016 -1.171634
v 0.851966 6.922491 0.532560
v 0.193826 8.471446 -1.164792
v 0.190762 8.427479 -1.212993
v 0.187392 8.392450 -1.221764
v 0.185688 8.386880 -1.185968
v 0.468192 8.530480 -0.955331
v -0.449448 8.558331 0.489628
v -1.142419 6.706135 1.064136
v -1.109314 6.645711 1.084321
v -1.092537 6.639027 1.014836
v -0.417328 8.546044 0.454672
v -0.431427 8.499979 0.463823
v -1.224403 6.678724 1.018496
v -1.225258 6.606947 1.019777
v -1.174521 6.611616 0.969196
v 0.487426 8.507109 -0.917050
v -1.172459 6.784902 0.966104
v -1.269907 6.705369 0.936185
v -1.289610 6.644629 0.903371
v -1.220026 6.638261 0.886885
v -1.101915 6.689996 0.896384
v 0.888474 6.928601 0.447529
v -1.252276 6.770462 0.865419
v -1.264675 6.736684 0.803293
v -1.202394 6.703353 0.816119
v 0.950747 6.955094 0.455221
v 0.918003 7.013777 0.466327
v -1.181837 6.835872 0.847652
v -1.165060 6.829187 0.778166
v -1.131955 6.768763 0.798352
v 0.454562 8.472445 -0.927051
v 0.840991 7.084604 0.125617
v 0.887323 7.042647 0.383709
v -0.500329 8.483602 0.623079
v -0.489286 8.440361 0.643399
v -0.482309 8.425249 0.597274
v 0.907359 6.995923 0.338382
v 0.857793 6.957471 0.364911
v -0.561028 8.476780 0.596116
v -0.575127 8.430715 0.605267
v -0.543007 8.418428 0.570311
v 0.858079 7.038569 0.152641
v -0.508970 8.529640 0.548216
v -0.589046 8.493844 0.537963
v -0.614750 8.454846 0.523028
v -0.571025 8.435493 0.512158
v -0.483485 8.447119 0.511723
v 0.476522 8.440880 -0.981244
v -0.567970 8.524798 0.482686
v -0.584944 8.498622 0.444854
v -0.549949 8.466446 0.456881
v 0.518482 8.462470 -0.993690
v 0.490151 8.498916 -1.009524
v -0.510147 8.551510 0.462665
v -0.503170 8.536398 0.416540
v -0.492126 8.493157 0.436860
v 0.819570 7.012016 0.121762
v -0.137865 7.144630 0.625801
v 0.462408 8.477858 -1.066112
v 0.799186 7.027897 0.588993
v 0.782715 6.975064 0.628698
v 0.769657 6.942721 0.570195
v 0.479247 8.432688 -1.073718
v 0.448779 8.419822 -1.037832
v 0.719291 7.062616 0.557186
v 0.669725 7.024164 0.583715
v 0.689761 6.977440 0.538387
v -0.111238 7.107977 0.644471
v 0.809423 7.070272 0.474340
v 0.688610 7.091486 0.474568
v 0.626337 7.064993 0.466875
v 0.659081 7.006310 0.455769
v 0.767661 6.949815 0.447756
v 0.848100 7.007348 0.051134
v 0.725118 7.097596 0.389536
v 0.677966 7.073633 0.346622
v 0.695588 7.012420 0.370738
v 0.898427 7.031967 0.052758
v 0.869522 7.079936 0.054989
v 0.807427 7.077366 0.351901
v 0.794369 7.045023 0.293399
v 0.777898 6.992190 0.333103
v -0.135805 7.079681 0.612899
v 1.227753 6.638607 0.826905
v 0.842027 7.091778 -0.015209
v 0.409393 8.554060 -0.935279
v 0.404272 8.540456 -0.888692
v 0.395763 8.496024 -0.906999
v 0.859544 7.048715 -0.046518
v 0.820606 7.019191 -0.019065
v 0.348198 8.555842 -0.961114
v 0.317730 8.542976 -0.925229
v 0.334569 8.497807 -0.932835
v 1.219588 6.570481 0.832794
v 0.408126 8.528870 -1.019470
v 0.320455 8.534784 -1.017703
v 0.278495 8.513194 -1.005257
v 0.306826 8.476748 -0.989423
v 0.388851 8.446795 -0.979476
v -0.110474 7.092480 0.552517
v 0.342415 8.503220 -1.071895
v 0.309551 8.468555 -1.081897
v 0.328785 8.445184 -1.043615
v -0.075414 7.126077 0.559079
v -0.112534 7.157429 0.565420
v 0.401214 8.479640 -1.091947
v 0.392705 8.435208 -1.110254
v 0.387584 8.421604 -1.063667
v 1.168930 6.578568 0.786849
v 0.825435 7.099135 0.084628
v -0.138243 7.168640 0.504883
v 0.773147 7.103048 0.155301
v 0.762133 7.064653 0.194621
v 0.751726 7.030461 0.151446
v -0.111771 7.141932 0.473466
v -0.136182 7.103690 0.491980
v 0.705733 7.124465 0.126653
v 0.666795 7.094941 0.154106
v 0.684312 7.051877 0.122798
v 0.845837 7.047240 0.116460
v 0.778316 7.123155 0.056520
v 0.678238 7.136308 0.056454
v 0.627911 7.111689 0.054830
v 0.656817 7.063720 0.052599
v 0.748022 7.020501 0.051068
v 1.210420 6.593167 0.704038
v 0.706769 7.131639 -0.014173
v 0.668260 7.105087 -0.045053
v 0.685348 7.059052 -0.018029
v 1.278264 6.591126 0.715681
v 1.269243 6.653206 0.744094
v 0.774612 7.113195 -0.043857
v 0.764205 7.079002 -0.087032
v 0.753191 7.040607 -0.047713
v 0.802098 7.015569 0.081725
v 0.767775 6.980146 -0.913472
v 1.256382 6.713144 0.673142
v -0.199397 7.137741 0.650656
v -0.198257 7.098234 0.679621
v -0.197337 7.072792 0.637753
v 1.260076 6.675892 0.615339
v 1.197559 6.653105 0.633085
v -0.261085 7.140797 0.625424
v -0.285497 7.102555 0.643938
v -0.259025 7.075847 0.612522
v 0.781555 6.954195 -0.880533
v -0.200091 7.168169 0.567826
v -0.286793 7.152007 0.564887
v -0.321854 7.118410 0.558325
v -0.284733 7.087058 0.551984
v -0.197177 7.076317 0.549579
v 0.834692 7.009276 0.000847
v -0.261462 7.164806 0.504506
v -0.286030 7.136509 0.472933
v -0.259402 7.099856 0.491603
v 0.891933 7.038340 0.002082
v 0.858029 7.092843 0.003750
v -0.199931 7.171695 0.479651
v -0.199011 7.146253 0.437783
v -0.197870 7.106746 0.466748
v 0.749152 6.927122 -0.893394
v -0.684652 8.600158 -0.004354
v 0.826174 7.104537 -0.076821
v 1.156215 6.677900 0.873066
v 1.118418 6.626049 0.898074
v 1.097392 6.617860 0.833009
v 0.846884 7.054878 -0.111863
v 0.802838 7.020970 -0.079724
v 1.096536 6.748066 0.855535
v 1.034020 6.725279 0.873281
v 1.037713 6.688027 0.815478
v -0.646591 8.575264 0.020906
v 1.188642 6.743040 0.772634
v 1.083675 6.808005 0.784582
v 1.015831 6.810045 0.772939
v 1.024852 6.747966 0.744526
v 1.105453 6.658132 0.715986
v 0.767879 6.901265 -0.944312
v 1.125166 6.822604 0.701771
v 1.074507 6.830691 0.655827
v 1.066342 6.762565 0.661715
v 0.808038 6.917627 -0.952542
v 0.786501 6.954288 -0.964390
v 1.196703 6.783311 0.655611
v 1.175677 6.775123 0.590546
v 1.137880 6.723272 0.615554
v -0.659844 8.534472 -0.008536
v 0.329024 7.110458 0.655301
v 0.761601 6.942784 -1.017865
v 0.747485 7.119730 0.118435
v 0.735600 7.076364 0.164271
v 0.724148 7.036163 0.115532
v 0.772825 6.901358 -1.028168
v 0.742979 6.889760 -0.997787
v 0.669841 7.142560 0.085367
v 0.625795 7.108652 0.117507
v 0.646505 7.058994 0.082465
v 0.350940 7.068913 0.673242
v 0.752841 7.140856 0.004874
v 0.637987 7.154254 0.004796
v 0.580746 7.125190 0.003562
v 0.614650 7.070688 0.001894
v 0.719838 7.022675 0.000769
v -0.635191 8.547924 -0.073565
v 0.670581 7.147962 -0.076082
v 0.626842 7.116291 -0.110817
v 0.647245 7.064395 -0.078984
v -0.611725 8.594287 -0.071058
v -0.659998 8.613609 -0.069383
v 0.748531 7.127367 -0.109889
v 0.737079 7.087166 -0.158627
v 0.725194 7.043801 -0.112791
v 0.321429 7.044508 0.640658
v 0.070720 6.876623 -1.469493
v -0.686071 8.607940 -0.134999
v 0.716391 7.005210 -0.894938
v 0.708888 6.989641 -0.854323
v 0.697769 6.952186 -0.874860
v -0.648598 8.586269 -0.163854
v -0.661264 8.542255 -0.139181
v 0.662451 7.014799 -0.919645
v 0.632605 7.003201 -0.889264
v 0.643829 6.961775 -0.899567
v 0.101836 6.864660 -1.417220
v 0.715883 6.989773 -0.972913
v 0.637551 7.003294 -0.973120
v 0.597391 6.986932 -0.964889
v 0.618929 6.950271 -0.953042
v 0.689547 6.914786 -0.944519
v 0.348235 7.055204 0.578576
v 0.656278 6.977437 -1.024038
v 0.623875 6.950364 -1.036898
v 0.637655 6.924413 -1.003960
v 0.388850 7.084040 0.585445
v 0.355830 7.121155 0.593219
v 0.707661 6.952373 -1.042572
v 0.696541 6.914918 -1.063109
v 0.689038 6.899349 -1.022494
v 0.067470 6.813111 -1.414884
v 0.898842 6.920435 -0.982799
v 0.330569 7.137706 0.531778
v -0.745591 8.575464 0.021994
v -0.732771 8.540343 0.058168
v -0.720783 8.509780 0.017812
v 0.353125 7.107447 0.498554
v 0.322974 7.071755 0.517135
v -0.807117 8.553995 -0.005773
v -0.819783 8.509981 0.018899
v -0.782310 8.488311 -0.009955
v 0.918257 6.881017 -0.925639
v -0.751732 8.594571 -0.069520
v -0.833190 8.548326 -0.071390
v -0.856656 8.501964 -0.073897
v -0.808383 8.482641 -0.075572
v -0.716649 8.501679 -0.075434
v 0.098626 6.761051 -1.473578
v -0.808537 8.561778 -0.136418
v -0.821790 8.520987 -0.165861
v -0.783729 8.496093 -0.140601
v 0.145897 6.791035 -1.500226
v 0.101876 6.824562 -1.528186
v -0.747598 8.586471 -0.162766
v -0.735610 8.555907 -0.203122
v -0.722790 8.520786 -0.166948
v 0.862075 6.839349 -0.943112
v -1.122200 6.959462 0.636452
v 0.068479 6.775006 -1.587809
v 0.265854 7.111882 0.681656
v 0.261603 7.070926 0.710514
v 0.258258 7.045931 0.667013
v 0.098666 6.720953 -1.584544
v 0.065229 6.711495 -1.533200
v 0.203323 7.124592 0.656846
v 0.173172 7.088901 0.675427
v 0.195728 7.058641 0.642203
v -1.064376 6.925301 0.662173
v 0.268519 7.144808 0.597345
v 0.178062 7.141143 0.595405
v 0.137448 7.112307 0.588536
v 0.170467 7.075192 0.580762
v 0.257778 7.051539 0.576636
v 0.889121 6.788255 -1.022450
v 0.204869 7.151840 0.533323
v 0.175357 7.127435 0.500739
v 0.197273 7.085889 0.518680
v 0.956506 6.808760 -1.037840
v 0.925888 6.869342 -1.062137
v 0.268039 7.150416 0.506968
v 0.264694 7.125422 0.463467
v 0.260444 7.084466 0.492325
v -1.077955 6.876731 0.610901
v -0.737497 7.169311 -0.017073
v 0.883637 6.846587 -1.147773
v -0.006739 6.900692 -1.446109
v -0.007707 6.898699 -1.384151
v -0.009989 6.837180 -1.391501
v 0.896753 6.776579 -1.158948
v 0.846869 6.765500 -1.108087
v -0.085126 6.882670 -1.471734
v -0.118563 6.873212 -1.420390
v -0.088376 6.819159 -1.417125
v -0.698058 7.136173 0.014261
v -0.007651 6.841992 -1.541081
v -0.118523 6.833114 -1.531356
v -0.165794 6.803130 -1.504709
v -0.121773 6.769603 -1.476748
v -0.012247 6.752173 -1.463853
v -1.050518 6.917555 0.526228
v -0.087367 6.781054 -1.590050
v -0.121733 6.729505 -1.587714
v -0.090617 6.717542 -1.535441
v -1.025574 6.983035 0.542427
v -1.094764 7.000286 0.551779
v -0.009909 6.756985 -1.613433
v -0.012190 6.695466 -1.620783
v -0.013158 6.693473 -1.558825
v -0.720003 7.089691 -0.017254
v -1.031120 8.348614 -0.583678
v -1.133890 7.007007 0.462264
v 0.818341 6.969939 -0.956234
v 0.804412 6.951025 -0.888071
v 0.781574 6.888852 -0.916548
v -1.080906 6.992540 0.415834
v -1.089644 6.924276 0.436713
v 0.731542 6.988853 -0.998004
v 0.681659 6.977773 -0.947143
v 0.694775 6.907765 -0.958318
v -1.004270 8.355852 -0.561947
v 0.815204 6.934514 -1.081108
v 0.689290 6.966098 -1.083641
v 0.621906 6.945593 -1.068251
v 0.652523 6.885011 -1.043955
v 0.763207 6.819839 -1.024983
v -0.689337 7.096602 -0.093092
v 0.716336 6.915004 -1.162979
v 0.660155 6.873335 -1.180452
v 0.679569 6.833917 -1.123293
v -0.654690 7.145946 -0.092990
v -0.706831 7.176221 -0.092910
v 0.796837 6.865501 -1.189543
v 0.774000 6.803328 -1.218020
v 0.760070 6.784414 -1.149857
v -0.993738 8.322896 -0.568912
v 0.395126 7.117814 -0.808726
v -0.737533 7.169648 -0.168763
v -1.200128 6.908449 0.666683
v -1.174582 6.853158 0.704926
v -1.155883 6.825718 0.641132
v -0.698110 7.136650 -0.200262
v -0.720040 7.090029 -0.168944
v -1.282897 6.877130 0.624763
v -1.291635 6.808866 0.645642
v -1.238652 6.794399 0.599212
v 0.420503 7.083604 -0.768666
v -1.217557 6.959203 0.548805
v -1.322023 6.883851 0.535248
v -1.346967 6.818371 0.519049
v -1.277778 6.801120 0.509697
v -1.154984 6.842203 0.512671
v -0.975689 8.323564 -0.613441
v -1.294586 6.924675 0.450575
v -1.308166 6.876105 0.399303
v -1.250341 6.841944 0.425024
v -0.978745 8.356796 -0.624922
v -1.013070 8.349281 -0.628208
v -1.216659 6.975688 0.420344
v -1.197960 6.948248 0.356550
v -1.172413 6.892957 0.394793
v 0.384442 7.042112 -0.788595
v -0.324652 8.573376 -0.900008
v -1.017132 8.321136 -0.666944
v -0.811568 7.152965 0.014325
v -0.802810 7.113057 0.058664
v -0.794074 7.073346 0.014144
v -0.984489 8.316993 -0.679702
v -0.979751 8.295419 -0.652177
v -0.885654 7.136759 -0.017109
v -0.907584 7.090137 0.014209
v -0.868160 7.057139 -0.017290
v -0.298064 8.559762 -0.869403
v -0.815217 7.169693 -0.092899
v -0.916356 7.130186 -0.092962
v -0.951004 7.080842 -0.093063
v -0.898863 7.050566 -0.093143
v -0.790477 7.057094 -0.093155
v 0.413332 7.019265 -0.859178
v -0.885690 7.137096 -0.168800
v -0.907636 7.090614 -0.200314
v -0.868197 7.057477 -0.168981
v 0.461360 7.051293 -0.868486
v 0.424016 7.094966 -0.879309
v -0.811619 7.153442 -0.200198
v -0.802883 7.113731 -0.244717
v -0.794126 7.073822 -0.200379
v -0.313487 8.520908 -0.878426
v 0.574841 8.613464 -0.542713
v 0.392540 7.080354 -0.950964
v -1.060707 8.319525 -0.559440
v -1.046113 8.314713 -0.527669
v -1.023325 8.293807 -0.544673
v 0.416846 7.030628 -0.969821
v 0.381856 7.004653 -0.930833
v -1.084501 8.279054 -0.569691
v -1.079762 8.257480 -0.542166
v -1.047119 8.253336 -0.554924
v 0.591151 8.584004 -0.514859
v -1.058558 8.305421 -0.621376
v -1.088562 8.250909 -0.608427
v -1.085506 8.217676 -0.596946
v -1.051181 8.225191 -0.593660
v -1.005693 8.269052 -0.600492
v -0.289607 8.505132 -0.929135
v -1.070513 8.251576 -0.652956
v -1.059981 8.218620 -0.659921
v -1.033131 8.225859 -0.638190
v -0.264292 8.537450 -0.941117
v -0.300772 8.557598 -0.950717
v -1.040926 8.280665 -0.677195
v -1.018138 8.259759 -0.694199
v -1.003544 8.254948 -0.662428
v 0.562148 8.556630 -0.532725
v 0.179761 6.760227 1.382668
v -0.320587 8.533216 -0.999742
v 0.322792 7.135512 -0.780560
v 0.318208 7.108633 -0.728834
v 0.312109 7.059811 -0.760429
v -0.292314 8.502967 -1.010449
v -0.309422 8.480748 -0.978160
v 0.249388 7.137694 -0.811312
v 0.214398 7.111719 -0.772323
v 0.238704 7.061993 -0.791181
v 0.205814 6.706860 1.378383
v 0.323176 7.124702 -0.885307
v 0.217911 7.123081 -0.882966
v 0.169884 7.091053 -0.873658
v 0.207227 7.047380 -0.862835
v 0.308067 7.017644 -0.856837
v 0.583365 8.542445 -0.586476
v 0.246801 7.100234 -0.953550
v 0.210741 7.058743 -0.973478
v 0.236118 7.024533 -0.933419
v 0.621156 8.563944 -0.590874
v 0.596058 8.599279 -0.596464
v 0.319135 7.082536 -0.981715
v 0.313036 7.033713 -1.013310
v 0.308451 7.006835 -0.961584
v 0.172294 6.700123 1.329637
v 0.631449 8.587128 0.201108
v 0.572806 8.594878 -0.651058
v -0.378239 8.571305 -0.877320
v -0.373847 8.556834 -0.837317
v -0.367074 8.518838 -0.855737
v 0.588272 8.557719 -0.668081
v 0.560112 8.538043 -0.641069
v -0.430142 8.552600 -0.895942
v -0.447249 8.530381 -0.863654
v -0.418977 8.500133 -0.874360
v 0.644973 8.552045 0.217685
v -0.377677 8.553774 -0.952312
v -0.449957 8.528216 -0.944967
v -0.475272 8.495898 -0.932985
v -0.438792 8.475750 -0.923385
v -0.361887 8.479574 -0.921790
v 0.205786 6.746585 1.272262
v -0.426076 8.512440 -0.995676
v -0.441500 8.473586 -1.004699
v -0.414911 8.459972 -0.974094
v 0.253178 6.772568 1.297242
v 0.213252 6.806689 1.325293
v -0.372489 8.514510 -1.018365
v -0.365716 8.476514 -1.036785
v -0.361324 8.462043 -0.996783
v 0.617804 8.533925 0.192744
v -0.816335 8.550893 -0.071709
v 0.185001 6.858907 1.270088
v 0.521582 8.629124 -0.521292
v 0.515832 8.606150 -0.484565
v 0.508889 8.572289 -0.511304
v 0.213224 6.846415 1.219172
v 0.177534 6.798803 1.217057
v 0.467481 8.637084 -0.544749
v 0.439321 8.617408 -0.517737
v 0.454788 8.580249 -0.534760
v -0.780142 8.533031 -0.048310
v 0.522772 8.627751 -0.599972
v 0.444229 8.632682 -0.599342
v 0.406437 8.611183 -0.594944
v 0.431536 8.575848 -0.589354
v 0.504821 8.547376 -0.585846
v 0.639531 8.536448 0.141248
v 0.465446 8.618497 -0.653093
v 0.436443 8.591123 -0.670959
v 0.452753 8.561663 -0.643105
v 0.675700 8.555612 0.144858
v 0.653176 8.589650 0.149611
v 0.518704 8.602839 -0.674514
v 0.511762 8.568977 -0.701253
v 0.506011 8.546003 -0.664526
v -0.787656 8.494756 -0.073904
v -1.212078 7.036156 -0.176584
v 0.633402 8.602690 0.098923
v 0.104145 6.746736 1.408603
v 0.098878 6.687781 1.415062
v 0.096679 6.686632 1.355572
v 0.647734 8.574053 0.073174
v 0.619756 8.549488 0.090560
v 0.030701 6.774120 1.387908
v -0.004989 6.726508 1.385793
v 0.023235 6.714016 1.334877
v -1.155993 7.012738 -0.136004
v 0.109397 6.828961 1.339981
v 0.002449 6.826337 1.332703
v -0.044942 6.800354 1.307722
v -0.005017 6.766233 1.279672
v 0.098838 6.743961 1.264984
v -0.766498 8.507851 -0.132350
v 0.035941 6.872800 1.275328
v 0.002422 6.866063 1.226582
v 0.028474 6.812696 1.222297
v -0.750219 8.551550 -0.130964
v -0.795176 8.563988 -0.130154
v 0.111556 6.886291 1.249392
v 0.109358 6.885141 1.189903
v 0.104090 6.826187 1.196361
v -1.166080 6.948943 -0.170195
v 0.575891 8.621374 0.044741
v -0.817318 8.554978 -0.189007
v 0.580947 8.596600 0.223247
v 0.573552 8.565441 0.248995
v 0.567302 8.543398 0.214884
v -0.781532 8.538808 -0.214194
v -0.788639 8.498841 -0.191203
v 0.531254 8.612518 0.203060
v 0.503276 8.587954 0.220446
v 0.517608 8.559317 0.194697
v 0.589473 8.591516 0.061853
v 0.585154 8.618623 0.152724
v 0.511479 8.625559 0.152373
v 0.475310 8.606395 0.148763
v 0.497833 8.572356 0.144009
v 0.565856 8.543384 0.140896
v -1.130915 6.960726 -0.262530
v 0.533206 8.628081 0.100876
v 0.506037 8.609962 0.075936
v 0.519561 8.574879 0.092513
v -1.106262 7.029402 -0.266585
v -1.176913 7.047939 -0.268918
v 0.583708 8.618608 0.078737
v 0.577457 8.596565 0.044626
v 0.570063 8.565407 0.070373
v 0.565633 8.572572 0.040841
v -1.209138 7.024268 -0.360035
v -0.868399 8.523364 -0.047907
v -0.853772 8.494099 -0.014649
v -0.839721 8.467227 -0.050102
v -1.151835 6.995926 -0.395444
v -1.163140 6.937055 -0.353647
v -0.920871 8.497527 -0.072691
v -0.927978 8.457561 -0.049700
v -0.892192 8.441390 -0.074887
v -0.875034 8.537879 -0.130394
v -0.943012 8.488518 -0.131544
v -0.959291 8.444818 -0.132930
v -0.914334 8.432381 -0.133740
v -0.834476 8.458489 -0.133500
v 0.584877 8.572247 -0.005712
v -0.921854 8.501613 -0.189990
v -0.929368 8.463338 -0.215584
v -0.893175 8.445476 -0.192185
v 0.616688 8.591057 -0.003983
v 0.595135 8.621049 -0.001812
v -0.869789 8.529141 -0.213792
v -0.855738 8.502270 -0.249245
v -0.841111 8.473004 -0.215987
v 0.576644 8.628631 -0.048053
v -1.294034 6.995821 -0.137120
v -1.271896 6.955696 -0.080194
v -1.248036 6.908608 -0.130732
v 0.590539 8.601779 -0.069378
v 0.566386 8.579828 -0.051953
v -1.374772 6.950562 -0.173644
v -1.386077 6.891691 -0.131847
v -1.328774 6.863349 -0.167256
v -1.301482 7.005477 -0.268163
v -1.406997 6.926891 -0.264761
v -1.431651 6.858215 -0.260706
v -1.360999 6.839678 -0.258373
v -1.236431 6.882140 -0.259128
v -1.371833 6.938674 -0.357096
v -1.381920 6.874879 -0.391287
v -1.325835 6.851461 -0.350707
v -1.289877 6.979009 -0.396559
v -1.266017 6.931921 -0.447097
v -1.243879 6.891797 -0.390171
v 0.530186 8.629416 0.064336
v 0.524836 8.602889 0.089564
v 0.519927 8.580613 0.060436
v 0.484792 8.640463 0.045494
v 0.460640 8.618512 0.062918
v 0.474534 8.591660 0.041594
v 0.532843 8.644654 -0.000472
v 0.466302 8.648045 -0.000747
v 0.434490 8.629234 -0.002476
v 0.456043 8.599242 -0.004647
v 0.518336 8.575637 -0.005987
v 0.485545 8.647719 -0.047300
v 0.461705 8.628775 -0.068312
v 0.475287 8.598917 -0.051200
v 0.531251 8.639678 -0.066895
v 0.526342 8.617402 -0.096024
v 0.520993 8.590876 -0.070795
vn -0.0430 -0.9084 0.4159
vn 0.3212 0.2008 -0.9255
vn 0.1743 -0.9742 -0.1433
vn 0.1611 0.7240 -0.6707
vn 0.7122 0.3715 -0.5956
vn 0.5653 -0.8035 0.1866
vn 0.2543 0.7647 -0.5921
vn 0.0502 -0.8677 0.4946
vn 0.0543 -0.7968 0.6017
vn 0.7290 0.6688 -0.1459
vn 0.5821 -0.5063 0.6362
vn 0.2582 0.8356 -0.4849
vn -0.0333 -0.7373 0.6747
vn 0.3618 0.9184 0.1601
vn 0.2150 -0.2566 0.9423
vn 0.1708 0.8951 -0.4119
vn -0.1611 -0.7240 0.6707
vn -0.1743 0.9742 0.1433
vn -0.3212 -0.2008 0.9255
vn 0.0430 0.9084 -0.4159
vn -0.2543 -0.7647 0.5921
vn -0.5654 0.8035 -0.1866
vn -0.7122 -0.3716 0.5956
vn -0.0502 0.8677 -0.4946
vn -0.0543 0.7968 -0.6017
vn -0.2583 -0.8356 0.4849
vn -0.5822 0.5063 -0.6362
vn -0.7290 -0.6687 0.1459
vn -0.3618 -0.9184 -0.1601
vn 0.0333 0.7373 -0.6747
vn -0.1708 -0.8951 0.4119
vn -0.2150 0.2566 -0.9423
vn -0.2376 0.9598 -0.1497
vn 0.4917 -0.0214 -0.8705
vn 0.5369 -0.5697 -0.6223
vn -0.4763 0.7934 0.3791
vn 0.1431 0.9621 0.2323
vn 0.6276 -0.5692 -0.5312
vn 0.8724 -0.0191 -0.4885
vn -0.3856 0.7939 0.4701
vn 0.6474 -0.6344 -0.4223
vn 0.2263 0.6882 0.6894
vn 0.9556 -0.2930 -0.0314
vn -0.3657 0.7286 0.5791
vn -0.0366 0.2985 0.9537
vn 0.5848 -0.7273 -0.3593
vn -0.4284 0.6358 0.6421
vn 0.6926 -0.6826 0.2329
vn 0.2375 -0.9598 0.1497
vn -0.4917 0.0214 0.8705
vn 0.4763 -0.7934 -0.3791
vn -0.5369 0.5697 0.6223
vn -0.8724 0.0191 0.4885
vn 0.3856 -0.7939 -0.4701
vn -0.6276 0.5692 0.5312
vn -0.1431 -0.9621 -0.2323
vn -0.9556 0.2930 0.0314
vn 0.3657 -0.7286 -0.5791
vn -0.6474 0.6344 0.4223
vn -0.2263 -0.6882 -0.6894
vn 0.0366 -0.2985 -0.9537
vn -0.6926 0.6826 -0.2329
vn 0.4284 -0.6358 -0.6421
vn -0.5848 0.7273 0.3593
vn 0.4153 -0.2979 -0.8595
vn -0.2149 0.9455 0.2447
vn 0.3210 -0.7898 -0.5227
vn 0.0296 0.9512 -0.3072
vn 0.4134 -0.8004 -0.4341
vn 0.8031 -0.3426 -0.4875
vn -0.1225 0.9348 0.3333
vn 0.4174 0.9064 0.0649
vn 0.8334 -0.5525 0.0084
vn -0.1153 0.8848 0.4515
vn 0.4206 -0.8505 -0.3159
vn 0.4477 0.6965 0.5607
vn 0.1028 0.4444 0.8899
vn 0.4886 -0.8046 0.3375
vn -0.1975 0.8247 0.5300
vn 0.3384 -0.9106 -0.2374
vn -0.0296 -0.9512 0.3072
vn -0.3210 0.7898 0.5227
vn 0.2149 -0.9455 -0.2447
vn -0.4153 0.2979 0.8595
vn -0.4134 0.8004 0.4341
vn -0.4174 -0.9064 -0.0649
vn -0.8031 0.3426 0.4875
vn 0.1225 -0.9348 -0.3333
vn -0.4206 0.8505 0.3159
vn -0.4477 -0.6965 -0.5607
vn -0.8334 0.5525 -0.0084
vn 0.1153 -0.8848 -0.4515
vn 0.1975 -0.8247 -0.5300
vn -0.3384 0.9106 0.2374
vn -0.1028 -0.4444 -0.8899
vn -0.4886 0.8046 -0.3375
vn -0.2500 -0.9007 -0.3552
vn 0.3822 0.9229 0.0472
vn 0.0498 -0.6099 -0.7909
vn 0.5049 0.7027 -0.5012
vn 0.4652 0.8752 0.1331
vn 0.3978 -0.8100 -0.4308
vn 0.8529 0.5026 -0.1411
vn -0.1670 -0.9484 -0.2694
vn -0.1714 -0.9747 -0.1436
vn 0.8346 0.3925 0.3865
vn 0.4608 0.8489 0.2588
vn 0.3795 -0.9201 0.0968
vn 0.3717 0.8595 0.3509
vn -0.2605 -0.9641 -0.0516
vn 0.0056 -0.8757 0.4829
vn 0.4606 0.4370 0.7726
vn -0.5049 -0.7027 0.5012
vn -0.0498 0.6099 0.7909
vn -0.3822 -0.9229 -0.0472
vn 0.2500 0.9007 0.3552
vn -0.3978 0.8100 0.4308
vn -0.4652 -0.8752 -0.1331
vn 0.1671 0.9484 0.2694
vn -0.8529 -0.5026 0.1411
vn -0.3795 0.9201 -0.0968
vn -0.4608 -0.8489 -0.2588
vn 0.1714 0.9747 0.1436
vn -0.8346 -0.3925 -0.3865
vn -0.0056 0.8757 -0.4829
vn -0.3717 -0.8595 -0.3509
vn 0.2605 0.9641 0.0516
vn -0.4606 -0.4370 -0.7726
vn 0.2591 0.7873 -0.5595
vn 0.3794 0.2894 -0.8788
vn -0.1481 -0.9469 0.2855
vn 0.0863 -0.9588 -0.2705
vn -0.0550 -0.9267 0.3718
vn 0.4769 -0.8742 0.0915
vn 0.3523 0.8075 -0.4732
vn 0.7701 0.3741 -0.5168
vn 0.5023 -0.6430 0.5781
vn 0.3583 0.8626 -0.3572
vn -0.0490 -0.8716 0.4878
vn 0.7955 0.6052 -0.0302
vn 0.2738 0.9203 -0.2795
vn -0.1335 -0.8138 0.5655
vn 0.1476 -0.4008 0.9042
vn 0.4408 0.8474 0.2959
vn 0.1481 0.9469 -0.2855
vn -0.0863 0.9588 0.2705
vn -0.3794 -0.2894 0.8788
vn -0.2591 -0.7873 0.5595
vn 0.0550 0.9267 -0.3718
vn -0.7701 -0.3741 0.5168
vn -0.4769 0.8742 -0.0915
vn -0.3523 -0.8075 0.4732
vn 0.0490 0.8716 -0.4878
vn -0.7955 -0.6052 0.0302
vn -0.5023 0.6430 -0.5781
vn -0.3583 -0.8626 0.3572
vn 0.1335 0.8138 -0.5655
vn -0.4408 -0.8474 -0.2959
vn -0.1476 0.4008 -0.9042
vn -0.2738 -0.9203 0.2795
vn -0.2159 -0.9545 -0.2056
vn 0.4640 0.6366 -0.6160
vn 0.0628 -0.7228 -0.6882
vn 0.3415 0.9340 -0.1053
vn 0.4258 -0.8500 -0.3102
vn 0.8270 0.5094 -0.2380
vn -0.1294 -0.9848 -0.1155
vn 0.4280 0.9037 -0.0152
vn 0.4218 -0.8774 0.2284
vn -0.1303 -0.9914 0.0129
vn 0.8230 0.4820 0.3006
vn 0.4270 0.8971 0.1132
vn -0.2182 -0.9703 0.1043
vn 0.3392 0.9182 0.2046
vn 0.0533 -0.7890 0.6120
vn 0.4544 0.5704 0.6842
vn -0.3415 -0.9340 0.1053
vn 0.2159 0.9545 0.2056
vn -0.4640 -0.6366 0.6160
vn -0.0628 0.7228 0.6882
vn -0.4258 0.8500 0.3102
vn -0.4280 -0.9037 0.0152
vn 0.1294 0.9848 0.1155
vn -0.8270 -0.5094 0.2380
vn -0.4218 0.8774 -0.2284
vn -0.4270 -0.8971 -0.1132
vn 0.1303 0.9914 -0.0129
vn -0.8230 -0.4820 -0.3006
vn -0.0533 0.7890 -0.6120
vn -0.3392 -0.9182 -0.2046
vn 0.2182 0.9703 -0.1043
vn -0.4544 -0.5704 -0.6842
vn 0.0331 0.9987 0.0400
vn 0.2454 0.8308 -0.4995
vn 0.0944 -0.9342 -0.3440
vn 0.2896 -0.5605 -0.7759
vn 0.1855 -0.9491 -0.2546
vn 0.6719 -0.6229 -0.4007
vn 0.1242 0.9838 0.1294
vn 0.6278 0.7684 -0.1243
vn 0.1246 0.9587 0.2555
vn 0.1860 -0.9741 -0.1285
vn 0.6294 0.6634 0.4047
vn 0.6735 -0.7279 0.1283
vn 0.0341 0.9382 0.3444
vn 0.0954 -0.9947 -0.0396
vn 0.2936 -0.8140 0.5011
vn 0.2494 0.5773 0.7775
vn -0.0331 -0.9987 -0.0400
vn -0.2455 -0.8308 0.4995
vn -0.2896 0.5605 0.7759
vn -0.0944 0.9342 0.3440
vn -0.1856 0.9491 0.2546
vn -0.6278 -0.7684 0.1243
vn -0.6719 0.6229 0.4007
vn -0.1242 -0.9838 -0.1294
vn -0.1860 0.9741 0.1285
vn -0.6294 -0.6634 -0.4047
vn -0.6736 0.7279 -0.1283
vn -0.1246 -0.9587 -0.2555
vn -0.0954 0.9947 0.0396
vn -0.2495 -0.5773 -0.7775
vn -0.2936 0.8141 -0.5011
vn -0.0341 -0.9382 -0.3444
vn 0.7601 0.5673 -0.3170
vn -0.1365 -0.3479 -0.9276
vn 0.6971 0.6618 0.2758
vn -0.5485 -0.6095 -0.5724
vn 0.0893 -0.7528 -0.6521
vn 0.9859 0.1623 -0.0416
vn -0.4947 -0.7060 -0.5068
vn 0.7509 0.5653 0.3414
vn 0.0002 -0.9848 -0.1735
vn -0.5159 -0.7613 -0.3927
vn 0.8967 -0.0697 0.4370
vn 0.7297 0.5100 0.4555
vn 0.6458 0.5283 0.5512
vn -0.5997 -0.7430 -0.2970
vn 0.5449 0.0072 0.8384
vn -0.3516 -0.9080 0.2279
vn 0.5485 0.6095 0.5724
vn 0.1365 0.3479 0.9276
vn -0.6971 -0.6618 -0.2758
vn -0.7601 -0.5673 0.3170
vn -0.0893 0.7528 0.6521
vn -0.7509 -0.5653 -0.3414
vn 0.4947 0.7060 0.5068
vn -0.9859 -0.1623 0.0416
vn -0.0002 0.9848 0.1735
vn -0.7297 -0.5100 -0.4555
vn 0.5159 0.7613 0.3927
vn -0.8968 0.0697 -0.4370
vn 0.3516 0.9080 -0.2279
vn -0.6458 -0.5283 -0.5512
vn 0.5998 0.7430 0.2970
vn -0.5449 -0.0072 -0.8384
vn 0.3276 0.9368 -0.1224
vn 0.4534 0.6323 -0.6281
vn -0.2024 -0.9610 -0.1883
vn 0.0720 -0.7338 -0.6756
vn 0.4375 -0.8490 -0.2962
vn 0.4147 0.9094 -0.0320
vn 0.8190 0.5171 -0.2487
vn -0.1152 -0.9885 -0.0979
vn 0.4142 0.9051 0.0965
vn -0.1158 -0.9928 0.0306
vn 0.4350 -0.8671 0.2428
vn 0.8165 0.4990 0.2902
vn -0.2038 -0.9714 0.1218
vn 0.0660 -0.7773 0.6256
vn 0.4475 0.5888 0.6731
vn 0.3262 0.9265 0.1877
vn -0.3276 -0.9369 0.1224
vn 0.2024 0.9610 0.1883
vn -0.4535 -0.6323 0.6281
vn -0.0719 0.7338 0.6756
vn -0.8190 -0.5171 0.2487
vn -0.4375 0.8490 0.2962
vn -0.4147 -0.9094 0.0320
vn 0.1152 0.9885 0.0979
vn 0.1158 0.9928 -0.0306
vn -0.8165 -0.4991 -0.2902
vn -0.4350 0.8671 -0.2428
vn -0.4142 -0.9051 -0.0965
vn 0.2038 0.9714 -0.1218
vn -0.4475 -0.5888 -0.6731
vn -0.0660 0.7773 -0.6256
vn -0.3262 -0.9265 -0.1877
vn 0.4410 0.3273 -0.8357
vn -0.0019 -0.9336 -0.3582
vn 0.3599 0.8036 -0.4740
vn -0.2553 -0.9481 0.1894
vn 0.3810 -0.9243 0.0214
vn 0.8238 0.3366 -0.4560
vn -0.1640 -0.9459 0.2799
vn 0.4512 0.8058 -0.3835
vn 0.4110 -0.7429 0.5284
vn -0.1569 -0.9027 0.4007
vn 0.8538 0.5181 0.0509
vn 0.4583 0.8491 -0.2626
vn 0.5134 0.7653 0.3882
vn 0.3772 0.9080 -0.1822
vn 0.0705 -0.4956 0.8657
vn -0.2380 -0.8437 0.4811
vn -0.3600 -0.8036 0.4740
vn 0.0019 0.9336 0.3582
vn -0.4410 -0.3273 0.8357
vn 0.2553 0.9481 -0.1894
vn -0.4512 -0.8058 0.3835
vn 0.1640 0.9459 -0.2799
vn -0.8239 -0.3366 0.4560
vn -0.3810 0.9243 -0.0214
vn -0.4110 0.7429 -0.5284
vn -0.4584 -0.8491 0.2626
vn 0.1569 0.9027 -0.4007
vn -0.8538 -0.5181 -0.0509
vn -0.0705 0.4956 -0.8657
vn -0.3772 -0.9080 0.1822
vn 0.2380 0.8437 -0.4811
vn -0.5133 -0.7653 -0.3882
vn -0.0050 0.7965 -0.6047
vn 0.4061 -0.8887 -0.2128
vn 0.4955 -0.5288 -0.6891
vn -0.2892 0.9525 -0.0956
vn -0.2032 0.9791 -0.0039
vn 0.3559 0.9083 -0.2199
vn 0.4922 -0.8620 -0.1211
vn 0.8565 -0.4170 -0.3043
vn -0.2018 0.9715 0.1244
vn 0.4936 -0.8697 0.0072
vn 0.3618 0.8762 0.3184
vn 0.8623 -0.4491 0.2340
vn 0.0091 0.7191 0.6949
vn 0.4095 -0.9071 0.0970
vn -0.2859 0.9340 0.2142
vn 0.5096 -0.6063 0.6105
vn 0.2892 -0.9525 0.0956
vn -0.4955 0.5288 0.6891
vn 0.0050 -0.7965 0.6047
vn -0.4061 0.8887 0.2128
vn -0.8564 0.4170 0.3043
vn 0.2032 -0.9791 0.0039
vn -0.4922 0.8620 0.1211
vn -0.3559 -0.9083 0.2199
vn -0.3618 -0.8762 -0.3184
vn -0.8623 0.4491 -0.2340
vn 0.2018 -0.9715 -0.1244
vn -0.4936 0.8697 -0.0072
vn -0.4095 0.9071 -0.0970
vn -0.0091 -0.7190 -0.6949
vn -0.5096 0.6062 -0.6105
vn 0.2859 -0.9340 -0.2142
vn 0.3552 0.7985 -0.4861
vn 0.1966 -0.5783 -0.7918
vn 0.1759 0.9826 0.0600
vn -0.0444 -0.9301 -0.3646
vn 0.7294 0.6737 -0.1184
vn 0.0448 -0.9598 -0.2770
vn 0.2651 0.9528 0.1477
vn 0.5709 -0.7030 -0.4241
vn 0.7228 0.5576 0.4082
vn 0.5643 -0.8192 0.1025
vn 0.2635 0.9252 0.2732
vn 0.0433 -0.9875 -0.1515
vn -0.0482 -0.9969 -0.0616
vn 0.3393 0.5180 0.7852
vn 0.1721 0.9157 0.3631
vn 0.1807 -0.8587 0.4795
vn -0.1759 -0.9826 -0.0600
vn 0.0444 0.9301 0.3646
vn -0.3552 -0.7985 0.4861
vn -0.1966 0.5783 0.7918
vn -0.0448 0.9598 0.2770
vn -0.7294 -0.6737 0.1184
vn -0.5709 0.7030 0.4241
vn -0.2651 -0.9528 -0.1477
vn -0.2635 -0.9252 -0.2732
vn -0.0433 0.9875 0.1515
vn -0.7228 -0.5576 -0.4082
vn -0.5643 0.8192 -0.1025
vn -0.1807 0.8587 -0.4795
vn -0.1721 -0.9157 -0.3631
vn 0.0482 0.9969 0.0616
vn -0.3393 -0.5180 -0.7852
vn 0.0238 -0.8505 0.5254
vn 0.2325 -0.9722 -0.0276
vn 0.1002 0.6433 -0.7590
vn 0.2876 0.1031 -0.9522
vn 0.1923 0.6990 -0.6887
vn 0.1159 -0.7948 0.5957
vn 0.6741 0.3367 -0.6575
vn 0.6190 -0.7385 0.2671
vn 0.1177 -0.7111 0.6932
vn 0.6268 -0.3872 0.6762
vn 0.6818 0.6881 -0.2484
vn 0.1942 0.7828 -0.5912
vn 0.3063 0.9513 0.0354
vn 0.1047 0.8455 -0.5236
vn 0.0282 -0.6483 0.7608
vn 0.2513 -0.1240 0.9599
vn -0.2326 0.9722 0.0276
vn -0.1002 -0.6433 0.7590
vn -0.2876 -0.1031 0.9522
vn -0.0238 0.8505 -0.5254
vn -0.6190 0.7385 -0.2671
vn -0.1923 -0.6990 0.6887
vn -0.1159 0.7948 -0.5957
vn -0.6741 -0.3367 0.6575
vn -0.6268 0.3872 -0.6762
vn -0.1942 -0.7828 0.5912
vn -0.1177 0.7111 -0.6932
vn -0.6818 -0.6881 0.2484
vn -0.3063 -0.9513 -0.0354
vn -0.2513 0.1240 -0.9599
vn -0.1047 -0.8455 0.5236
vn -0.0282 0.6483 -0.7608
vn -0.0735 -0.9570 -0.2806
vn 0.4181 0.7326 -0.5371
vn -0.3256 -0.9074 0.2656
vn 0.4618 0.2235 -0.8584
vn -0.2341 -0.9047 0.3559
vn 0.3102 -0.9456 0.0982
vn 0.5096 0.7353 -0.4468
vn 0.8455 0.2349 -0.4796
vn 0.3554 -0.7260 0.5887
vn 0.5203 0.7877 -0.3299
vn 0.8907 0.4545 0.0109
vn -0.2233 -0.8524 0.4728
vn 0.4441 0.8590 -0.2548
vn 0.0356 -0.4269 0.9036
vn 0.5709 0.7536 0.3258
vn -0.2995 -0.7811 0.5479
vn -0.4181 -0.7326 0.5371
vn 0.0735 0.9570 0.2806
vn 0.3256 0.9074 -0.2656
vn -0.4618 -0.2235 0.8584
vn 0.2341 0.9047 -0.3559
vn -0.8455 -0.2350 0.4796
vn -0.3102 0.9456 -0.0982
vn -0.5096 -0.7353 0.4468
vn 0.2233 0.8524 -0.4728
vn -0.8907 -0.4545 -0.0109
vn -0.3554 0.7260 -0.5887
vn -0.5203 -0.7877 0.3299
vn -0.4441 -0.8590 0.2548
vn 0.2995 0.7811 -0.5479
vn -0.5709 -0.7536 -0.3258
vn -0.0356 0.4269 -0.9036
vn 0.4956 -0.7687 -0.4043
vn -0.4015 0.9088 0.1138
vn 0.5203 -0.3100 -0.7957
vn -0.1255 0.8975 -0.4228
vn -0.3149 0.9262 0.2072
vn 0.8836 -0.2367 -0.4040
vn 0.2378 0.9708 -0.0311
vn 0.5822 -0.7512 -0.3109
vn 0.9185 -0.3784 0.1152
vn 0.2727 0.8291 0.4881
vn 0.5905 -0.7850 -0.1871
vn -0.3066 0.8925 0.3309
vn -0.0414 0.5554 0.8306
vn -0.3815 0.8272 0.4126
vn 0.5157 -0.8503 -0.1055
vn 0.6044 -0.6521 0.4577
vn -0.4956 0.7687 0.4043
vn 0.4015 -0.9088 -0.1138
vn 0.1255 -0.8975 0.4228
vn -0.5203 0.3100 0.7957
vn -0.8836 0.2367 0.4040
vn 0.3149 -0.9262 -0.2072
vn -0.5822 0.7512 0.3109
vn -0.2379 -0.9708 0.0311
vn -0.9185 0.3784 -0.1152
vn 0.3066 -0.8925 -0.3309
vn -0.5905 0.7850 0.1871
vn -0.2727 -0.8291 -0.4881
vn -0.6044 0.6521 -0.4577
vn 0.3815 -0.8272 -0.4126
vn -0.5157 0.8503 0.1055
vn 0.0413 -0.5554 -0.8306
vn -0.1488 0.9770 -0.1530
vn 0.1109 0.7524 -0.6493
vn 0.2743 -0.9487 -0.1573
vn 0.4155 -0.6337 -0.6525
vn 0.3631 -0.9294 -0.0664
vn 0.7880 -0.5528 -0.2711
vn -0.0600 0.9963 -0.0620
vn 0.4835 0.8334 -0.2679
vn 0.3631 -0.9297 0.0621
vn -0.0600 0.9960 0.0665
vn 0.4836 0.8322 0.2714
vn 0.7882 -0.5540 0.2682
vn 0.4158 -0.6366 0.6495
vn 0.1112 0.7495 0.6526
vn -0.1487 0.9763 0.1574
vn 0.2744 -0.9494 0.1530
vn -0.1109 -0.7524 0.6493
vn -0.4155 0.6337 0.6525
vn -0.2743 0.9487 0.1573
vn 0.1488 -0.9770 0.1530
vn -0.3631 0.9294 0.0664
vn -0.4835 -0.8334 0.2679
vn -0.7880 0.5528 0.2711
vn 0.0600 -0.9963 0.0620
vn -0.3631 0.9297 -0.0621
vn -0.4836 -0.8322 -0.2714
vn -0.7882 0.5540 -0.2682
vn 0.0600 -0.9960 -0.0665
vn -0.2743 0.9494 -0.1530
vn -0.1112 -0.7495 -0.6526
vn -0.4158 0.6366 -0.6495
vn 0.1487 -0.9763 -0.1574
vn 0.8354 -0.5290 0.1494
vn -0.2913 0.3922 -0.8725
vn 0.8206 -0.3726 -0.4333
vn -0.7092 0.5337 -0.4607
vn 0.9898 0.0441 -0.1358
vn -0.1220 0.8090 -0.5750
vn 0.8757 -0.4296 0.2204
vn -0.6689 0.6330 -0.3898
vn 0.8554 -0.3899 0.3409
vn -0.2070 0.9759 -0.0693
vn -0.6891 0.6728 -0.2692
vn 0.9048 0.2110 0.3699
vn -0.7581 0.6297 -0.1697
vn 0.7865 -0.4329 0.4405
vn 0.6155 0.0303 0.7876
vn -0.4963 0.7951 0.3484
vn -0.8206 0.3727 0.4334
vn -0.8354 0.5290 -0.1494
vn 0.7092 -0.5337 0.4607
vn 0.2912 -0.3922 0.8725
vn -0.9898 -0.0441 0.1358
vn 0.6689 -0.6330 0.3898
vn -0.8757 0.4296 -0.2204
vn 0.1220 -0.8090 0.5750
vn -0.9048 -0.2110 -0.3699
vn 0.6891 -0.6728 0.2692
vn -0.8554 0.3899 -0.3409
vn 0.2070 -0.9759 0.0693
vn -0.6155 -0.0303 -0.7876
vn 0.7581 -0.6297 0.1697
vn -0.7865 0.4329 -0.4404
vn 0.4963 -0.7952 -0.3484
vn 0.1942 0.8957 -0.3999
vn 0.3516 0.4773 -0.8054
vn -0.0723 -0.9921 0.1021
vn 0.1598 -0.8817 -0.4440
vn 0.0194 -0.9813 0.1916
vn 0.5443 -0.8361 -0.0686
vn 0.2858 0.9066 -0.3104
vn 0.7361 0.5228 -0.4300
vn 0.2881 0.9393 -0.1861
vn 0.0216 -0.9485 0.3159
vn 0.5537 -0.6988 0.4528
vn 0.7455 0.6602 0.0915
vn -0.0668 -0.9131 0.4022
vn 0.1827 -0.5501 0.8148
vn 0.3745 0.8088 0.4535
vn 0.1996 0.9748 -0.0999
vn -0.3516 -0.4773 0.8054
vn 0.0723 0.9921 -0.1021
vn -0.1942 -0.8958 0.3999
vn -0.1598 0.8817 0.4440
vn -0.0194 0.9813 -0.1916
vn -0.7361 -0.5228 0.4300
vn -0.5443 0.8361 0.0686
vn -0.2858 -0.9066 0.3104
vn -0.0216 0.9485 -0.3159
vn -0.7455 -0.6602 -0.0915
vn -0.5538 0.6988 -0.4528
vn -0.2881 -0.9393 0.1861
vn 0.0668 0.9131 -0.4022
vn -0.3745 -0.8088 -0.4535
vn -0.1827 0.5501 -0.8148
vn -0.1996 -0.9748 0.0999
vn 0.1520 0.4530 -0.8785
vn 0.4260 -0.8348 -0.3488
vn -0.1215 0.8490 -0.5142
vn 0.2593 -0.9400 0.2217
vn 0.7855 -0.6188 -0.0097
vn 0.5114 0.6689 -0.5394
vn 0.3449 -0.8886 0.3025
vn -0.0358 0.9005 -0.4334
vn 0.7651 -0.4175 0.4902
vn 0.3400 -0.8406 0.4217
vn 0.4910 0.8702 -0.0395
vn -0.0406 0.9485 -0.3142
vn 0.2475 -0.8242 0.5094
vn 0.1028 0.9389 0.3284
vn 0.3768 -0.3488 0.8581
vn -0.1332 0.9649 -0.2266
vn 0.1215 -0.8490 0.5142
vn -0.1520 -0.4530 0.8785
vn -0.4260 0.8348 0.3488
vn -0.2593 0.9400 -0.2217
vn -0.7855 0.6188 0.0097
vn 0.0358 -0.9005 0.4334
vn -0.3449 0.8885 -0.3025
vn -0.5114 -0.6690 0.5394
vn -0.7651 0.4175 -0.4902
vn 0.0406 -0.9485 0.3142
vn -0.3401 0.8406 -0.4217
vn -0.4911 -0.8702 0.0395
vn -0.3768 0.3488 -0.8581
vn 0.1332 -0.9648 0.2266
vn -0.2475 0.8242 -0.5094
vn -0.1027 -0.9389 -0.3284
vn 0.2717 0.9082 -0.3184
vn 0.4037 0.5146 -0.7565
vn -0.1519 -0.9883 0.0149
vn 0.0988 -0.8505 -0.5165
vn 0.4782 -0.8680 -0.1337
vn 0.3621 0.9040 -0.2271
vn 0.7831 0.4971 -0.3736
vn -0.0615 -0.9924 0.1062
vn 0.3645 0.9258 -0.1004
vn -0.0591 -0.9707 0.2329
vn 0.4882 -0.7768 0.3977
vn 0.7931 0.5883 0.1578
vn -0.1461 -0.9358 0.3207
vn 0.1229 -0.6304 0.7664
vn 0.4278 0.7347 0.5265
vn 0.2774 0.9607 -0.0126
vn -0.4037 -0.5146 0.7565
vn -0.0988 0.8505 0.5166
vn -0.2717 -0.9082 0.3184
vn 0.1519 0.9883 -0.0149
vn -0.7831 -0.4971 0.3736
vn -0.4782 0.8680 0.1337
vn -0.3621 -0.9040 0.2271
vn 0.0614 0.9924 -0.1062
vn 0.0591 0.9707 -0.2329
vn -0.7931 -0.5883 -0.1578
vn -0.4882 0.7768 -0.3977
vn -0.3645 -0.9258 0.1004
vn 0.1461 0.9358 -0.3207
vn -0.4278 -0.7347 -0.5265
vn -0.1229 0.6304 -0.7664
vn -0.2774 -0.9607 0.0126
vn 0.3569 0.9336 -0.0312
vn 0.2253 -0.1260 -0.9661
vn 0.1608 0.8323 0.5305
vn -0.0220 -0.6398 -0.7683
vn 0.5914 -0.4125 -0.6929
vn 0.7230 0.6470 0.2420
vn 0.0652 -0.7081 -0.7031
vn 0.2481 0.7640 0.5957
vn 0.5725 -0.7678 -0.2876
vn 0.0607 -0.7927 -0.6065
vn 0.7042 0.2918 0.6473
vn 0.2436 0.6793 0.6923
vn 0.1797 -0.9836 0.0124
vn 0.3114 0.0759 0.9473
vn 0.1500 0.6278 0.7638
vn -0.0329 -0.8442 -0.5350
vn -0.2253 0.1260 0.9661
vn -0.3569 -0.9336 0.0312
vn 0.0220 0.6398 0.7683
vn -0.1608 -0.8323 -0.5305
vn -0.2481 -0.7640 -0.5957
vn -0.0652 0.7081 0.7031
vn -0.7230 -0.6470 -0.2420
vn -0.5914 0.4125 0.6929
vn -0.5725 0.7678 0.2876
vn -0.2436 -0.6793 -0.6923
vn -0.0607 0.7927 0.6065
vn -0.7041 -0.2918 -0.6473
vn -0.1797 0.9836 -0.0124
vn -0.1500 -0.6278 -0.7638
vn 0.0329 0.8442 0.5350
vn -0.3114 -0.0759 -0.9473
vn 0.4479 0.7113 -0.5417
vn -0.1769 -0.9364 -0.3030
vn 0.0994 -0.6477 -0.7553
vn 0.3074 0.9516 -0.0062
vn 0.3937 0.9156 0.0819
vn 0.8103 0.5602 -0.1720
vn -0.0905 -0.9724 -0.2149
vn 0.4617 -0.7988 -0.3856
vn 0.3913 0.8962 0.2090
vn 0.4516 -0.8800 0.1474
vn -0.0929 -0.9918 -0.0878
vn 0.8001 0.4790 0.3610
vn 0.4233 0.5153 0.7452
vn 0.3015 0.9049 0.3006
vn -0.1827 -0.9832 0.0038
vn 0.0748 -0.8437 0.5315
vn -0.3073 -0.9516 0.0062
vn -0.4479 -0.7113 0.5417
vn -0.0993 0.6477 0.7553
vn 0.1769 0.9364 0.3030
vn -0.4618 0.7988 0.3856
vn -0.3937 -0.9156 -0.0819
vn 0.0905 0.9724 0.2149
vn -0.8103 -0.5602 0.1720
vn -0.8001 -0.4790 -0.3611
vn -0.4515 0.8800 -0.1474
vn -0.3913 -0.8962 -0.2090
vn 0.0929 0.9918 0.0878
vn 0.1827 0.9832 -0.0038
vn -0.4233 -0.5153 -0.7452
vn -0.0748 0.8437 -0.5315
vn -0.3015 -0.9049 -0.3006
vn -0.0879 0.7768 -0.6236
vn 0.5573 -0.4863 -0.6730
vn -0.3923 0.9120 -0.1202
vn 0.5041 -0.8427 -0.1888
vn 0.2548 0.9369 -0.2393
vn 0.5859 -0.8046 -0.0972
vn -0.3105 0.9501 -0.0286
vn 0.9001 -0.3262 -0.2887
vn 0.9047 -0.3449 0.2502
vn -0.3095 0.9457 0.0998
vn 0.2594 0.9181 0.2996
vn 0.5869 -0.8090 0.0312
vn 0.5067 -0.8535 0.1213
vn -0.0770 0.7315 0.6775
vn -0.3897 0.9012 0.1899
vn 0.5682 -0.5316 0.6281
vn -0.5573 0.4863 0.6730
vn -0.5042 0.8427 0.1888
vn 0.0879 -0.7768 0.6236
vn 0.3923 -0.9120 0.1202
vn -0.5859 0.8046 0.0972
vn -0.2549 -0.9369 0.2393
vn -0.9002 0.3261 0.2887
vn 0.3105 -0.9501 0.0286
vn 0.3095 -0.9457 -0.0998
vn -0.5869 0.8090 -0.0312
vn -0.2594 -0.9181 -0.2996
vn -0.9047 0.3449 -0.2502
vn -0.5682 0.5316 -0.6281
vn 0.3897 -0.9012 -0.1899
vn -0.5067 0.8535 -0.1213
vn 0.0770 -0.7315 -0.6775
vn 0.5183 -0.8502 -0.0921
vn 0.5793 -0.5429 -0.6080
vn -0.3996 0.8900 -0.2196
vn -0.0813 0.7098 -0.6997
vn -0.3206 0.9382 -0.1303
vn 0.5973 -0.8020 -0.0029
vn 0.2500 0.9120 -0.3253
vn 0.9107 -0.3407 -0.2336
vn 0.5952 -0.7937 0.1254
vn 0.9021 -0.3058 0.3045
vn 0.2414 0.9468 0.2128
vn -0.3226 0.9465 -0.0021
vn -0.1021 0.7939 0.5993
vn -0.4045 0.9101 0.0901
vn 0.5133 -0.8302 0.2175
vn 0.5585 -0.4587 0.6911
vn -0.5794 0.5429 0.6080
vn 0.3996 -0.8900 0.2196
vn 0.0813 -0.7098 0.6997
vn -0.5183 0.8502 0.0921
vn -0.9107 0.3407 0.2336
vn 0.3206 -0.9382 0.1303
vn -0.5973 0.8020 0.0029
vn -0.2500 -0.9119 0.3253
vn -0.9021 0.3058 -0.3045
vn 0.3227 -0.9465 0.0021
vn -0.5952 0.7937 -0.1254
vn -0.2414 -0.9468 -0.2128
vn 0.1021 -0.7939 -0.5993
vn -0.5585 0.4587 -0.6911
vn 0.4045 -0.9101 -0.0901
vn -0.5133 0.8302 -0.2175
vn 0.1237 -0.6969 -0.7065
vn 0.2663 0.9607 -0.0784
vn -0.1380 -0.9629 -0.2321
vn 0.4147 0.6878 -0.5958
vn -0.0498 -0.9886 -0.1422
vn 0.4938 -0.8048 -0.3294
vn 0.3545 0.9350 0.0115
vn 0.7848 0.5798 -0.2188
vn 0.4894 -0.8468 0.2082
vn 0.3535 0.9249 0.1397
vn 0.7804 0.5378 0.3189
vn -0.0508 -0.9986 -0.0140
vn 0.1131 -0.7984 0.5915
vn 0.4041 0.5863 0.7021
vn 0.2638 0.9365 0.2310
vn -0.1405 -0.9871 0.0773
vn -0.2663 -0.9607 0.0784
vn -0.1236 0.6969 0.7065
vn 0.1380 0.9629 0.2321
vn -0.4147 -0.6878 0.5958
vn 0.0498 0.9886 0.1422
vn -0.7848 -0.5798 0.2188
vn -0.4938 0.8048 0.3294
vn -0.3546 -0.9350 -0.0115
vn 0.0509 0.9986 0.0140
vn -0.7805 -0.5378 -0.3189
vn -0.4894 0.8468 -0.2082
vn -0.3535 -0.9250 -0.1397
vn -0.2638 -0.9365 -0.2310
vn 0.1405 0.9871 -0.0773
vn -0.4041 -0.5863 -0.7021
vn -0.1131 0.7984 -0.5915
vn 0.7122 0.3716 -0.5956
vn 0.5654 -0.8035 0.1866
vn 0.5822 -0.5063 0.6362
vn 0.2149 -0.2566 0.9423
vn -0.5653 0.8035 -0.1866
vn -0.7122 -0.3715 0.5956
vn -0.7290 -0.6688 0.1459
vn -0.2375 0.9598 -0.1497
vn -0.0367 0.2985 0.9537
vn 0.2376 -0.9598 0.1497
vn 0.0295 0.9512 -0.3072
vn 0.4173 0.9064 0.0649
vn -0.4173 -0.9064 -0.0649
vn 0.5049 0.7028 -0.5012
vn 0.4607 0.4370 0.7726
vn 0.7701 0.3741 -0.5167
vn -0.7701 -0.3741 0.5167
vn -0.4407 -0.8475 -0.2959
vn -0.4219 0.8774 -0.2284
vn 0.6736 -0.7279 0.1283
vn 0.2936 -0.8141 0.5011
vn -0.2454 -0.8308 0.4995
vn -0.2494 -0.5773 -0.7775
vn -0.2936 0.8140 -0.5011
vn 0.8968 -0.0697 0.4370
vn 0.3517 0.9080 -0.2279
vn -0.5449 -0.0071 -0.8384
vn 0.0719 -0.7338 -0.6756
vn -0.4534 -0.6323 0.6281
vn -0.8165 -0.4990 -0.2902
vn 0.8239 0.3366 -0.4560
vn 0.5133 0.7653 0.3882
vn -0.8238 -0.3366 0.4560
vn -0.5134 -0.7653 -0.3882
vn 0.4955 -0.5288 -0.6890
vn 0.8564 -0.4170 -0.3043
vn 0.0091 0.7190 0.6949
vn 0.5096 -0.6062 0.6105
vn -0.8565 0.4170 0.3043
vn 0.2326 -0.9722 -0.0276
vn -0.2325 0.9722 0.0276
vn -0.8455 -0.2349 0.4796
vn 0.2379 0.9708 -0.0311
vn -0.2378 -0.9708 0.0311
vn 0.0414 -0.5554 -0.8306
vn -0.4835 -0.8333 0.2679
vn -0.7881 0.5540 -0.2682
vn -0.2912 0.3922 -0.8725
vn 0.8206 -0.3727 -0.4334
vn -0.1221 0.8090 -0.5750
vn -0.4964 0.7951 0.3484
vn -0.8206 0.3726 0.4333
vn 0.1221 -0.8090 0.5750
vn 0.4964 -0.7951 -0.3484
vn 0.7360 0.5228 -0.4300
vn 0.5538 -0.6988 0.4528
vn 0.5114 0.6690 -0.5394
vn 0.4911 0.8702 -0.0395
vn -0.5114 -0.6689 0.5394
vn -0.4910 -0.8702 0.0395
vn -0.1028 -0.9389 -0.3284
vn 0.0988 -0.8505 -0.5166
vn -0.0988 0.8505 0.5165
vn 0.7041 0.2918 0.6473
vn -0.7042 -0.2918 -0.6473
vn 0.0993 -0.6477 -0.7553
vn 0.4515 -0.8800 0.1474
vn 0.0747 -0.8437 0.5315
vn -0.0993 0.6478 0.7553
vn -0.4617 0.7988 0.3856
vn -0.8001 -0.4790 -0.3610
vn -0.4516 0.8800 -0.1474
vn -0.0747 0.8437 -0.5315
vn 0.2550 0.9369 -0.2393
vn 0.9002 -0.3262 -0.2887
vn -0.9001 0.3262 0.2887
vn 0.5794 -0.5429 -0.6080
vn 0.1021 -0.7940 -0.5993
vn 0.1236 -0.6969 -0.7065
vn 0.7805 0.5378 0.3189
vn 0.4042 0.5863 0.7021
vn -0.1237 0.6969 0.7065
vn -0.4042 -0.5863 -0.7021
s 0
usemtl flesh_dot
f 1532//2882 1546//2882 1511//2882
f 1545//2883 1509//2883 1510//2883
f 1546//2884 1510//2884 1511//2884
f 1544//2885 1543//2885 1509//2885
f 1510//2886 1514//2886 1515//2886
f 1510//2887 1516//2887 1511//2887
f 1509//2888 1543//2888 1514//2888
f 1532//2889 1511//2889 1516//2889
f 1532//2890 1516//2890 1521//2890
f 1515//2891 1519//2891 1520//2891
f 1516//2892 1520//2892 1521//2892
f 1514//2893 1543//2893 1519//2893
f 1532//2894 1521//2894 1526//2894
f 1519//2895 1525//2895 1520//2895
f 1521//2896 1525//2896 1526//2896
f 1519//2897 1543//2897 1524//2897
f 1532//2898 1526//2898 1531//2898
f 1524//2899 1530//2899 1525//2899
f 1526//2900 1530//2900 1531//2900
f 1524//2901 1543//2901 1529//2901
f 1532//2902 1531//2902 1536//2902
f 1530//2903 1534//2903 1535//2903
f 1530//2904 1536//2904 1531//2904
f 1529//2905 1543//2905 1534//2905
f 1534//2906 1543//2906 1539//2906
f 1532//2907 1536//2907 1541//2907
f 1534//2908 1540//2908 1535//2908
f 1536//2909 1540//2909 1541//2909
f 1540//2910 1546//2910 1541//2910
f 1539//2911 1543//2911 1544//2911
f 1532//2912 1541//2912 1546//2912
f 1539//2913 1545//2913 1540//2913
f 1569//2914 1523//2914 1570//2914
f 1571//2915 1523//2915 1527//2915
f 1562//2916 1571//2916 1527//2916
f 1569//2917 1558//2917 1522//2917
f 1523//2918 1513//2918 1512//2918
f 1562//2919 1527//2919 1508//2919
f 1523//2920 1508//2920 1527//2920
f 1522//2921 1558//2921 1513//2921
f 1562//2922 1508//2922 1505//2922
f 1512//2923 1503//2923 1504//2923
f 1512//2924 1505//2924 1508//2924
f 1513//2925 1558//2925 1503//2925
f 1504//2926 1549//2926 1550//2926
f 1562//2927 1505//2927 1551//2927
f 1503//2928 1558//2928 1549//2928
f 1505//2929 1550//2929 1551//2929
f 1550//2930 1556//2930 1551//2930
f 1550//2931 1554//2931 1555//2931
f 1562//2932 1551//2932 1556//2932
f 1549//2933 1558//2933 1554//2933
f 1554//2934 1560//2934 1555//2934
f 1562//2935 1556//2935 1561//2935
f 1554//2936 1558//2936 1559//2936
f 1556//2937 1560//2937 1561//2937
f 1560//2938 1564//2938 1565//2938
f 1562//2939 1561//2939 1566//2939
f 1559//2940 1558//2940 1564//2940
f 1560//2941 1566//2941 1561//2941
f 1565//2942 1571//2942 1566//2942
f 1565//2943 1569//2943 1570//2943
f 1562//2944 1566//2944 1571//2944
f 1564//2945 1558//2945 1569//2945
f 1597//2946 1552//2946 1553//2946
f 1595//2947 1584//2947 1548//2947
f 1588//2948 1597//2948 1553//2948
f 1596//2949 1548//2949 1552//2949
f 1588//2950 1553//2950 1533//2950
f 1553//2951 1537//2951 1533//2951
f 1548//2952 1584//2952 1538//2952
f 1552//2953 1538//2953 1537//2953
f 1537//2954 1517//2954 1533//2954
f 1538//2955 1584//2955 1506//2955
f 1588//2956 1533//2956 1517//2956
f 1538//2957 1507//2957 1537//2957
f 1506//2958 1576//2958 1507//2958
f 1507//2959 1577//2959 1517//2959
f 1506//2960 1584//2960 1575//2960
f 1588//2961 1517//2961 1577//2961
f 1576//2962 1582//2962 1577//2962
f 1575//2963 1584//2963 1580//2963
f 1588//2964 1577//2964 1582//2964
f 1575//2965 1581//2965 1576//2965
f 1580//2966 1584//2966 1585//2966
f 1582//2967 1586//2967 1587//2967
f 1581//2968 1585//2968 1586//2968
f 1588//2969 1582//2969 1587//2969
f 1585//2970 1584//2970 1590//2970
f 1587//2971 1591//2971 1592//2971
f 1585//2972 1591//2972 1586//2972
f 1588//2973 1587//2973 1592//2973
f 1588//2974 1592//2974 1597//2974
f 1590//2975 1584//2975 1595//2975
f 1591//2976 1597//2976 1592//2976
f 1590//2977 1596//2977 1591//2977
f 1614//2978 1623//2978 1579//2978
f 1621//2979 1610//2979 1574//2979
f 1623//2980 1578//2980 1579//2980
f 1622//2981 1574//2981 1578//2981
f 1574//2982 1610//2982 1568//2982
f 1579//2983 1567//2983 1563//2983
f 1574//2984 1567//2984 1578//2984
f 1614//2985 1579//2985 1563//2985
f 1614//2986 1563//2986 1542//2986
f 1567//2987 1518//2987 1528//2987
f 1568//2988 1610//2988 1518//2988
f 1567//2989 1542//2989 1563//2989
f 1518//2990 1610//2990 1601//2990
f 1614//2991 1542//2991 1603//2991
f 1528//2992 1603//2992 1542//2992
f 1518//2993 1602//2993 1528//2993
f 1603//2994 1607//2994 1608//2994
f 1601//2995 1607//2995 1602//2995
f 1614//2996 1603//2996 1608//2996
f 1601//2997 1610//2997 1606//2997
f 1606//2998 1612//2998 1607//2998
f 1614//2999 1608//2999 1613//2999
f 1606//3000 1610//3000 1611//3000
f 1607//3001 1613//3001 1608//3001
f 1611//3002 1617//3002 1612//3002
f 1614//3003 1613//3003 1618//3003
f 1611//3004 1610//3004 1616//3004
f 1612//3005 1618//3005 1613//3005
f 1617//3006 1621//3006 1622//3006
f 1614//3007 1618//3007 1623//3007
f 1616//3008 1610//3008 1621//3008
f 1617//3009 1623//3009 1618//3009
f 1647//3010 1636//3010 1600//3010
f 1647//3011 1604//3011 1648//3011
f 1640//3012 1649//3012 1605//3012
f 1648//3013 1605//3013 1649//3013
f 1640//3014 1605//3014 1589//3014
f 1605//3015 1593//3015 1589//3015
f 1600//3016 1636//3016 1594//3016
f 1604//3017 1594//3017 1593//3017
f 1593//3018 1572//3018 1589//3018
f 1594//3019 1636//3019 1547//3019
f 1640//3020 1589//3020 1572//3020
f 1593//3021 1547//3021 1557//3021
f 1547//3022 1636//3022 1627//3022
f 1640//3023 1572//3023 1629//3023
f 1557//3024 1629//3024 1572//3024
f 1557//3025 1627//3025 1628//3025
f 1627//3026 1636//3026 1632//3026
f 1628//3027 1632//3027 1633//3027
f 1629//3028 1633//3028 1634//3028
f 1640//3029 1629//3029 1634//3029
f 1632//3030 1636//3030 1637//3030
f 1633//3031 1639//3031 1634//3031
f 1632//3032 1638//3032 1633//3032
f 1640//3033 1634//3033 1639//3033
f 1637//3034 1636//3034 1642//3034
f 1638//3035 1644//3035 1639//3035
f 1638//3036 1642//3036 1643//3036
f 1640//3037 1639//3037 1644//3037
f 1642//3038 1636//3038 1647//3038
f 1644//3039 1648//3039 1649//3039
f 1643//3040 1647//3040 1648//3040
f 1640//3041 1644//3041 1649//3041
f 1666//3042 1675//3042 1631//3042
f 1674//3043 1626//3043 1630//3043
f 1675//3044 1630//3044 1631//3044
f 1673//3045 1662//3045 1626//3045
f 1630//3046 1615//3046 1631//3046
f 1626//3047 1619//3047 1630//3047
f 1666//3048 1631//3048 1615//3048
f 1626//3049 1662//3049 1620//3049
f 1619//3050 1598//3050 1615//3050
f 1666//3051 1615//3051 1598//3051
f 1620//3052 1583//3052 1619//3052
f 1620//3053 1662//3053 1573//3053
f 1666//3054 1598//3054 1655//3054
f 1573//3055 1662//3055 1653//3055
f 1583//3056 1655//3056 1598//3056
f 1583//3057 1653//3057 1654//3057
f 1666//3058 1655//3058 1660//3058
f 1653//3059 1662//3059 1658//3059
f 1654//3060 1660//3060 1655//3060
f 1653//3061 1659//3061 1654//3061
f 1658//3062 1664//3062 1659//3062
f 1666//3063 1660//3063 1665//3063
f 1658//3064 1662//3064 1663//3064
f 1660//3065 1664//3065 1665//3065
f 1664//3066 1668//3066 1669//3066
f 1666//3067 1665//3067 1670//3067
f 1663//3068 1662//3068 1668//3068
f 1664//3069 1670//3069 1665//3069
f 1668//3070 1674//3070 1669//3070
f 1666//3071 1670//3071 1675//3071
f 1668//3072 1662//3072 1673//3072
f 1670//3073 1674//3073 1675//3073
f 1699//3074 1688//3074 1652//3074
f 1699//3075 1656//3075 1700//3075
f 1692//3076 1701//3076 1657//3076
f 1700//3077 1657//3077 1701//3077
f 1692//3078 1657//3078 1641//3078
f 1656//3079 1641//3079 1657//3079
f 1652//3080 1688//3080 1646//3080
f 1652//3081 1645//3081 1656//3081
f 1646//3082 1688//3082 1599//3082
f 1692//3083 1641//3083 1624//3083
f 1646//3084 1609//3084 1645//3084
f 1641//3085 1609//3085 1624//3085
f 1599//3086 1688//3086 1679//3086
f 1692//3087 1624//3087 1681//3087
f 1609//3088 1681//3088 1624//3088
f 1609//3089 1679//3089 1680//3089
f 1692//3090 1681//3090 1686//3090
f 1680//3091 1686//3091 1681//3091
f 1680//3092 1684//3092 1685//3092
f 1679//3093 1688//3093 1684//3093
f 1684//3094 1688//3094 1689//3094
f 1686//3095 1690//3095 1691//3095
f 1685//3096 1689//3096 1690//3096
f 1692//3097 1686//3097 1691//3097
f 1689//3098 1688//3098 1694//3098
f 1690//3099 1696//3099 1691//3099
f 1689//3100 1695//3100 1690//3100
f 1692//3101 1691//3101 1696//3101
f 1694//3102 1688//3102 1699//3102
f 1695//3103 1701//3103 1696//3103
f 1695//3104 1699//3104 1700//3104
f 1692//3105 1696//3105 1701//3105
f 1726//3106 1678//3106 1682//3106
f 1727//3107 1682//3107 1683//3107
f 1725//3108 1714//3108 1678//3108
f 1718//3109 1727//3109 1683//3109
f 1683//3110 1671//3110 1667//3110
f 1678//3111 1671//3111 1682//3111
f 1718//3112 1683//3112 1667//3112
f 1678//3113 1714//3113 1672//3113
f 1671//3114 1650//3114 1667//3114
f 1718//3115 1667//3115 1650//3115
f 1672//3116 1635//3116 1671//3116
f 1672//3117 1714//3117 1625//3117
f 1625//3118 1714//3118 1705//3118
f 1718//3119 1650//3119 1707//3119
f 1625//3120 1706//3120 1635//3120
f 1635//3121 1707//3121 1650//3121
f 1705//3122 1714//3122 1710//3122
f 1706//3123 1710//3123 1711//3123
f 1718//3124 1707//3124 1712//3124
f 1706//3125 1712//3125 1707//3125
f 1710//3126 1716//3126 1711//3126
f 1718//3127 1712//3127 1717//3127
f 1710//3128 1714//3128 1715//3128
f 1711//3129 1717//3129 1712//3129
f 1716//3130 1720//3130 1721//3130
f 1718//3131 1717//3131 1722//3131
f 1715//3132 1714//3132 1720//3132
f 1717//3133 1721//3133 1722//3133
f 1721//3134 1725//3134 1726//3134
f 1718//3135 1722//3135 1727//3135
f 1720//3136 1714//3136 1725//3136
f 1722//3137 1726//3137 1727//3137
f 1751//3138 1740//3138 1704//3138
f 1751//3139 1708//3139 1752//3139
f 1744//3140 1753//3140 1709//3140
f 1752//3141 1709//3141 1753//3141
f 1708//3142 1693//3142 1709//3142
f 1704//3143 1740//3143 1698//3143
f 1704//3144 1697//3144 1708//3144
f 1744//3145 1709//3145 1693//3145
f 1698//3146 1740//3146 1651//3146
f 1744//3147 1693//3147 1676//3147
f 1693//3148 1661//3148 1676//3148
f 1697//3149 1651//3149 1661//3149
f 1744//3150 1676//3150 1733//3150
f 1676//3151 1732//3151 1733//3151
f 1651//3152 1732//3152 1661//3152
f 1651//3153 1740//3153 1731//3153
f 1744//3154 1733//3154 1738//3154
f 1731//3155 1740//3155 1736//3155
f 1732//3156 1738//3156 1733//3156
f 1732//3157 1736//3157 1737//3157
f 1738//3158 1742//3158 1743//3158
f 1737//3159 1741//3159 1742//3159
f 1744//3160 1738//3160 1743//3160
f 1736//3161 1740//3161 1741//3161
f 1741//3162 1740//3162 1746//3162
f 1742//3163 1748//3163 1743//3163
f 1741//3164 1747//3164 1742//3164
f 1744//3165 1743//3165 1748//3165
f 1746//3166 1740//3166 1751//3166
f 1748//3167 1752//3167 1753//3167
f 1747//3168 1751//3168 1752//3168
f 1744//3169 1748//3169 1753//3169
f 1777//3170 1734//3170 1778//3170
f 1778//3171 1735//3171 1779//3171
f 1777//3172 1766//3172 1730//3172
f 1770//3173 1779//3173 1735//3173
f 1734//3174 1719//3174 1735//3174
f 1730//3175 1723//3175 1734//3175
f 1770//3176 1735//3176 1719//3176
f 1730//3177 1766//3177 1724//3177
f 1719//3178 1687//3178 1702//3178
f 1770//3179 1719//3179 1702//3179
f 1724//3180 1687//3180 1723//3180
f 1724//3181 1766//3181 1677//3181
f 1687//3182 1757//3182 1758//3182
f 1677//3183 1766//3183 1757//3183
f 1702//3184 1758//3184 1759//3184
f 1770//3185 1702//3185 1759//3185
f 1770//3186 1759//3186 1764//3186
f 1757//3187 1763//3187 1758//3187
f 1758//3188 1764//3188 1759//3188
f 1757//3189 1766//3189 1762//3189
f 1770//3190 1764//3190 1769//3190
f 1762//3191 1766//3191 1767//3191
f 1764//3192 1768//3192 1769//3192
f 1762//3193 1768//3193 1763//3193
f 1767//3194 1773//3194 1768//3194
f 1770//3195 1769//3195 1774//3195
f 1767//3196 1766//3196 1772//3196
f 1769//3197 1773//3197 1774//3197
f 1772//3198 1778//3198 1773//3198
f 1770//3199 1774//3199 1779//3199
f 1772//3200 1766//3200 1777//3200
f 1773//3201 1779//3201 1774//3201
f 1804//3202 1756//3202 1760//3202
f 1796//3203 1805//3203 1761//3203
f 1805//3204 1760//3204 1761//3204
f 1803//3205 1792//3205 1756//3205
f 1756//3206 1792//3206 1750//3206
f 1760//3207 1750//3207 1749//3207
f 1796//3208 1761//3208 1745//3208
f 1761//3209 1749//3209 1745//3209
f 1750//3210 1792//3210 1703//3210
f 1796//3211 1745//3211 1728//3211
f 1749//3212 1703//3212 1713//3212
f 1745//3213 1713//3213 1728//3213
f 1713//3214 1783//3214 1784//3214
f 1796//3215 1728//3215 1785//3215
f 1703//3216 1792//3216 1783//3216
f 1728//3217 1784//3217 1785//3217
f 1796//3218 1785//3218 1790//3218
f 1783//3219 1789//3219 1784//3219
f 1785//3220 1789//3220 1790//3220
f 1783//3221 1792//3221 1788//3221
f 1788//3222 1794//3222 1789//3222
f 1796//3223 1790//3223 1795//3223
f 1788//3224 1792//3224 1793//3224
f 1790//3225 1794//3225 1795//3225
f 1794//3226 1800//3226 1795//3226
f 1793//3227 1799//3227 1794//3227
f 1796//3228 1795//3228 1800//3228
f 1793//3229 1792//3229 1798//3229
f 1798//3230 1792//3230 1803//3230
f 1800//3231 1804//3231 1805//3231
f 1798//3232 1804//3232 1799//3232
f 1796//3233 1800//3233 1805//3233
f 1829//3234 1786//3234 1830//3234
f 1830//3235 1787//3235 1831//3235
f 1829//3236 1818//3236 1782//3236
f 1822//3237 1831//3237 1787//3237
f 1786//3238 1776//3238 1775//3238
f 1822//3239 1787//3239 1771//3239
f 1782//3240 1818//3240 1776//3240
f 1786//3241 1771//3241 1787//3241
f 1775//3242 1729//3242 1739//3242
f 1771//3243 1739//3243 1754//3243
f 1776//3244 1818//3244 1729//3244
f 1822//3245 1771//3245 1754//3245
f 1822//3246 1754//3246 1811//3246
f 1739//3247 1809//3247 1810//3247
f 1729//3248 1818//3248 1809//3248
f 1739//3249 1811//3249 1754//3249
f 1822//3250 1811//3250 1816//3250
f 1809//3251 1818//3251 1814//3251
f 1811//3252 1815//3252 1816//3252
f 1809//3253 1815//3253 1810//3253
f 1814//3254 1818//3254 1819//3254
f 1816//3255 1820//3255 1821//3255
f 1815//3256 1819//3256 1820//3256
f 1822//3257 1816//3257 1821//3257
f 1822//3258 1821//3258 1826//3258
f 1819//3259 1818//3259 1824//3259
f 1821//3260 1825//3260 1826//3260
f 1819//3261 1825//3261 1820//3261
f 1825//3262 1829//3262 1830//3262
f 1822//3263 1826//3263 1831//3263
f 1824//3264 1818//3264 1829//3264
f 1825//3265 1831//3265 1826//3265
f 1848//3266 1857//3266 1813//3266
f 1857//3267 1812//3267 1813//3267
f 1855//3268 1844//3268 1808//3268
f 1856//3269 1808//3269 1812//3269
f 1808//3270 1844//3270 1802//3270
f 1848//3271 1813//3271 1797//3271
f 1808//3272 1801//3272 1812//3272
f 1813//3273 1801//3273 1797//3273
f 1848//3274 1797//3274 1780//3274
f 1801//3275 1780//3275 1797//3275
f 1802//3276 1765//3276 1801//3276
f 1802//3277 1844//3277 1755//3277
f 1765//3278 1835//3278 1836//3278
f 1755//3279 1844//3279 1835//3279
f 1848//3280 1780//3280 1837//3280
f 1780//3281 1836//3281 1837//3281
f 1835//3282 1841//3282 1836//3282
f 1848//3283 1837//3283 1842//3283
f 1837//3284 1841//3284 1842//3284
f 1835//3285 1844//3285 1840//3285
f 1841//3286 1845//3286 1846//3286
f 1848//3287 1842//3287 1847//3287
f 1840//3288 1844//3288 1845//3288
f 1842//3289 1846//3289 1847//3289
f 1846//3290 1850//3290 1851//3290
f 1848//3291 1847//3291 1852//3291
f 1845//3292 1844//3292 1850//3292
f 1846//3293 1852//3293 1847//3293
f 1851//3294 1857//3294 1852//3294
f 1851//3295 1855//3295 1856//3295
f 1848//3296 1852//3296 1857//3296
f 1850//3297 1844//3297 1855//3297
f 1883//3298 1838//3298 1839//3298
f 1881//3299 1870//3299 1834//3299
f 1874//3300 1883//3300 1839//3300
f 1882//3301 1834//3301 1838//3301
f 1874//3302 1839//3302 1823//3302
f 1839//3303 1827//3303 1823//3303
f 1834//3304 1870//3304 1828//3304
f 1834//3305 1827//3305 1838//3305
f 1827//3306 1806//3306 1823//3306
f 1828//3307 1870//3307 1781//3307
f 1827//3308 1781//3308 1791//3308
f 1874//3309 1823//3309 1806//3309
f 1781//3310 1870//3310 1861//3310
f 1806//3311 1862//3311 1863//3311
f 1781//3312 1862//3312 1791//3312
f 1874//3313 1806//3313 1863//3313
f 1874//3314 1863//3314 1868//3314
f 1862//3315 1866//3315 1867//3315
f 1861//3316 1870//3316 1866//3316
f 1862//3317 1868//3317 1863//3317
f 1866//3318 1870//3318 1871//3318
f 1868//3319 1872//3319 1873//3319
f 1866//3320 1872//3320 1867//3320
f 1874//3321 1868//3321 1873//3321
f 1871//3322 1870//3322 1876//3322
f 1872//3323 1878//3323 1873//3323
f 1872//3324 1876//3324 1877//3324
f 1874//3325 1873//3325 1878//3325
f 1874//3326 1878//3326 1883//3326
f 1876//3327 1870//3327 1881//3327
f 1878//3328 1882//3328 1883//3328
f 1877//3329 1881//3329 1882//3329
f 1900//3330 1909//3330 1865//3330
f 1907//3331 1896//3331 1860//3331
f 1908//3332 1865//3332 1909//3332
f 1908//3333 1860//3333 1864//3333
f 1860//3334 1896//3334 1854//3334
f 1864//3335 1849//3335 1865//3335
f 1860//3336 1853//3336 1864//3336
f 1900//3337 1865//3337 1849//3337
f 1849//3338 1817//3338 1832//3338
f 1853//3339 1807//3339 1817//3339
f 1900//3340 1849//3340 1832//3340
f 1854//3341 1896//3341 1807//3341
f 1807//3342 1888//3342 1817//3342
f 1807//3343 1896//3343 1887//3343
f 1900//3344 1832//3344 1889//3344
f 1817//3345 1889//3345 1832//3345
f 1887//3346 1896//3346 1892//3346
f 1900//3347 1889//3347 1894//3347
f 1888//3348 1894//3348 1889//3348
f 1888//3349 1892//3349 1893//3349
f 1892//3350 1898//3350 1893//3350
f 1900//3351 1894//3351 1899//3351
f 1892//3352 1896//3352 1897//3352
f 1894//3353 1898//3353 1899//3353
f 1897//3354 1903//3354 1898//3354
f 1900//3355 1899//3355 1904//3355
f 1897//3356 1896//3356 1902//3356
f 1898//3357 1904//3357 1899//3357
f 1902//3358 1908//3358 1903//3358
f 1900//3359 1904//3359 1909//3359
f 1902//3360 1896//3360 1907//3360
f 1904//3361 1908//3361 1909//3361
f 1933//3362 1922//3362 1886//3362
f 1933//3363 1890//3363 1934//3363
f 1926//3364 1935//3364 1891//3364
f 1935//3365 1890//3365 1891//3365
f 1926//3366 1891//3366 1875//3366
f 1890//3367 1875//3367 1891//3367
f 1886//3368 1922//3368 1880//3368
f 1886//3369 1879//3369 1890//3369
f 1926//3370 1875//3370 1858//3370
f 1880//3371 1922//3371 1833//3371
f 1879//3372 1833//3372 1843//3372
f 1879//3373 1858//3373 1875//3373
f 1858//3374 1914//3374 1915//3374
f 1843//3375 1913//3375 1914//3375
f 1833//3376 1922//3376 1913//3376
f 1926//3377 1858//3377 1915//3377
f 1915//3378 1919//3378 1920//3378
f 1914//3379 1918//3379 1919//3379
f 1913//3380 1922//3380 1918//3380
f 1926//3381 1915//3381 1920//3381
f 1918//3382 1922//3382 1923//3382
f 1919//3383 1925//3383 1920//3383
f 1918//3384 1924//3384 1919//3384
f 1926//3385 1920//3385 1925//3385
f 1923//3386 1922//3386 1928//3386
f 1924//3387 1930//3387 1925//3387
f 1923//3388 1929//3388 1924//3388
f 1926//3389 1925//3389 1930//3389
f 1928//3390 1922//3390 1933//3390
f 1929//3391 1935//3391 1930//3391
f 1929//3392 1933//3392 1934//3392
f 1926//3393 1930//3393 1935//3393
f 1952//3394 1961//3394 1917//3394
f 1960//3395 1912//3395 1916//3395
f 1960//3396 1917//3396 1961//3396
f 1959//3397 1948//3397 1912//3397
f 1917//3398 1905//3398 1901//3398
f 1912//3399 1905//3399 1916//3399
f 1952//3400 1917//3400 1901//3400
f 1912//3401 1948//3401 1906//3401
f 1952//3402 1901//3402 1884//3402
f 1905//3403 1859//3403 1869//3403
f 1906//3404 1948//3404 1859//3404
f 1905//3405 1884//3405 1901//3405
f 1859//3406 1948//3406 1939//3406
f 1952//3407 1884//3407 1941//3407
f 1869//3408 1941//3408 1884//3408
f 1869//3409 1939//3409 1940//3409
f 1940//3410 1944//3410 1945//3410
f 1939//3411 1948//3411 1944//3411
f 1952//3412 1941//3412 1946//3412
f 1940//3413 1946//3413 1941//3413
f 1944//3414 1950//3414 1945//3414
f 1952//3415 1946//3415 1951//3415
f 1944//3416 1948//3416 1949//3416
f 1946//3417 1950//3417 1951//3417
f 1949//3418 1955//3418 1950//3418
f 1952//3419 1951//3419 1956//3419
f 1949//3420 1948//3420 1954//3420
f 1950//3421 1956//3421 1951//3421
f 1955//3422 1959//3422 1960//3422
f 1952//3423 1956//3423 1961//3423
f 1954//3424 1948//3424 1959//3424
f 1956//3425 1960//3425 1961//3425
f 1985//3426 1974//3426 1938//3426
f 1985//3427 1942//3427 1986//3427
f 1978//3428 1987//3428 1943//3428
f 1986//3429 1943//3429 1987//3429
f 1978//3430 1943//3430 1927//3430
f 1942//3431 1927//3431 1943//3431
f 1938//3432 1974//3432 1932//3432
f 1942//3433 1932//3433 1931//3433
f 1932//3434 1974//3434 1885//3434
f 1978//3435 1927//3435 1910//3435
f 1927//3436 1895//3436 1910//3436
f 1932//3437 1895//3437 1931//3437
f 1978//3438 1910//3438 1967//3438
f 1910//3439 1966//3439 1967//3439
f 1895//3440 1965//3440 1966//3440
f 1885//3441 1974//3441 1965//3441
f 1967//3442 1971//3442 1972//3442
f 1965//3443 1974//3443 1970//3443
f 1978//3444 1967//3444 1972//3444
f 1965//3445 1971//3445 1966//3445
f 1970//3446 1974//3446 1975//3446
f 1972//3447 1976//3447 1977//3447
f 1971//3448 1975//3448 1976//3448
f 1978//3449 1972//3449 1977//3449
f 1975//3450 1974//3450 1980//3450
f 1976//3451 1982//3451 1977//3451
f 1975//3452 1981//3452 1976//3452
f 1978//3453 1977//3453 1982//3453
f 1980//3454 1974//3454 1985//3454
f 1981//3455 1987//3455 1982//3455
f 1981//3456 1985//3456 1986//3456
f 1978//3457 1982//3457 1987//3457
f 2011//3458 1968//3458 2012//3458
f 2013//3459 1968//3459 1969//3459
f 2011//3460 2000//3460 1964//3460
f 2004//3461 2013//3461 1969//3461
f 1969//3462 1957//3462 1953//3462
f 1964//3463 1957//3463 1968//3463
f 2004//3464 1969//3464 1953//3464
f 1964//3465 2000//3465 1958//3465
f 1953//3466 1921//3466 1936//3466
f 2004//3467 1953//3467 1936//3467
f 1958//3468 1921//3468 1957//3468
f 1958//3469 2000//3469 1911//3469
f 2004//3470 1936//3470 1993//3470
f 1921//3471 1991//3471 1992//3471
f 1921//3472 1993//3472 1936//3472
f 1911//3473 2000//3473 1991//3473
f 2004//3474 1993//3474 1998//3474
f 1993//3475 1997//3475 1998//3475
f 1991//3476 1997//3476 1992//3476
f 1991//3477 2000//3477 1996//3477
f 1997//3478 2001//3478 2002//3478
f 2004//3479 1998//3479 2003//3479
f 1996//3480 2000//3480 2001//3480
f 1998//3481 2002//3481 2003//3481
f 2001//3482 2007//3482 2002//3482
f 2004//3483 2003//3483 2008//3483
f 2001//3484 2000//3484 2006//3484
f 2002//3485 2008//3485 2003//3485
f 2007//3486 2011//3486 2012//3486
f 2004//3487 2008//3487 2013//3487
f 2006//3488 2000//3488 2011//3488
f 2008//3489 2012//3489 2013//3489
f 2037//3490 2026//3490 1990//3490
f 2037//3491 1994//3491 2038//3491
f 2030//3492 2039//3492 1995//3492
f 2039//3493 1994//3493 1995//3493
f 1994//3494 1979//3494 1995//3494
f 1990//3495 2026//3495 1984//3495
f 1990//3496 1983//3496 1994//3496
f 2030//3497 1995//3497 1979//3497
f 1984//3498 2026//3498 1937//3498
f 2030//3499 1979//3499 1962//3499
f 1979//3500 1947//3500 1962//3500
f 1983//3501 1937//3501 1947//3501
f 2030//3502 1962//3502 2019//3502
f 1962//3503 2018//3503 2019//3503
f 1937//3504 2018//3504 1947//3504
f 1937//3505 2026//3505 2017//3505
f 2019//3506 2023//3506 2024//3506
f 2017//3507 2023//3507 2018//3507
f 2030//3508 2019//3508 2024//3508
f 2017//3509 2026//3509 2022//3509
f 2024//3510 2028//3510 2029//3510
f 2022//3511 2028//3511 2023//3511
f 2030//3512 2024//3512 2029//3512
f 2022//3513 2026//3513 2027//3513
f 2027//3514 2026//3514 2032//3514
f 2029//3515 2033//3515 2034//3515
f 2027//3516 2033//3516 2028//3516
f 2030//3517 2029//3517 2034//3517
f 2032//3518 2026//3518 2037//3518
f 2034//3519 2038//3519 2039//3519
f 2032//3520 2038//3520 2033//3520
f 2030//3521 2034//3521 2039//3521
f 2064//3522 2016//3522 2020//3522
f 2065//3523 2020//3523 2021//3523
f 2063//3524 2052//3524 2016//3524
f 2056//3525 2065//3525 2021//3525
f 2020//3526 2005//3526 2021//3526
f 2016//3527 2009//3527 2020//3527
f 2056//3528 2021//3528 2005//3528
f 2016//3529 2052//3529 2010//3529
f 2005//3530 1973//3530 1988//3530
f 2056//3531 2005//3531 1988//3531
f 2010//3532 1973//3532 2009//3532
f 2010//3533 2052//3533 1963//3533
f 1988//3534 2044//3534 2045//3534
f 1963//3535 2044//3535 1973//3535
f 1963//3536 2052//3536 2043//3536
f 2056//3537 1988//3537 2045//3537
f 2044//3538 2048//3538 2049//3538
f 2045//3539 2049//3539 2050//3539
f 2043//3540 2052//3540 2048//3540
f 2056//3541 2045//3541 2050//3541
f 2056//3542 2050//3542 2055//3542
f 2048//3543 2052//3543 2053//3543
f 2050//3544 2054//3544 2055//3544
f 2049//3545 2053//3545 2054//3545
f 2054//3546 2058//3546 2059//3546
f 2056//3547 2055//3547 2060//3547
f 2053//3548 2052//3548 2058//3548
f 2055//3549 2059//3549 2060//3549
f 2059//3550 2063//3550 2064//3550
f 2056//3551 2060//3551 2065//3551
f 2058//3552 2052//3552 2063//3552
f 2059//3553 2065//3553 2060//3553
f 2090//3554 2042//3554 2046//3554
f 2082//3555 2091//3555 2047//3555
f 2090//3556 2047//3556 2091//3556
f 2089//3557 2078//3557 2042//3557
f 2042//3558 2078//3558 2036//3558
f 2042//3559 2035//3559 2046//3559
f 2082//3560 2047//3560 2031//3560
f 2047//3561 2035//3561 2031//3561
f 2036//3562 2078//3562 1989//3562
f 2031//3563 1999//3563 2014//3563
f 2082//3564 2031//3564 2014//3564
f 2036//3565 1999//3565 2035//3565
f 1999//3566 2069//3566 2070//3566
f 1989//3567 2078//3567 2069//3567
f 2082//3568 2014//3568 2071//3568
f 1999//3569 2071//3569 2014//3569
f 2082//3570 2071//3570 2076//3570
f 2070//3571 2076//3571 2071//3571
f 2070//3572 2074//3572 2075//3572
f 2069//3573 2078//3573 2074//3573
f 2074//3574 2080//3574 2075//3574
f 2082//3575 2076//3575 2081//3575
f 2074//3576 2078//3576 2079//3576
f 2075//3577 2081//3577 2076//3577
f 2081//3578 2085//3578 2086//3578
f 2079//3579 2085//3579 2080//3579
f 2082//3580 2081//3580 2086//3580
f 2079//3581 2078//3581 2084//3581
f 2084//3582 2078//3582 2089//3582
f 2085//3583 2091//3583 2086//3583
f 2085//3584 2089//3584 2090//3584
f 2082//3585 2086//3585 2091//3585
f 2113//3586 2072//3586 2114//3586
f 2114//3587 2073//3587 2115//3587
f 2113//3588 2102//3588 2068//3588
f 2106//3589 2115//3589 2073//3589
f 2072//3590 2062//3590 2061//3590
f 2106//3591 2073//3591 2057//3591
f 2068//3592 2102//3592 2062//3592
f 2072//3593 2057//3593 2073//3593
f 2061//3594 2040//3594 2057//3594
f 2062//3595 2102//3595 2015//3595
f 2062//3596 2025//3596 2061//3596
f 2106//3597 2057//3597 2040//3597
f 2106//3598 2040//3598 2096//3598
f 2025//3599 2094//3599 2095//3599
f 2015//3600 2102//3600 2094//3600
f 2025//3601 2096//3601 2040//3601
f 2095//3602 2099//3602 2100//3602
f 2094//3603 2102//3603 2099//3603
f 2096//3604 2100//3604 2101//3604
f 2106//3605 2096//3605 2101//3605
f 2099//3606 2102//3606 2103//3606
f 2100//3607 2105//3607 2101//3607
f 2100//3608 2103//3608 2104//3608
f 2106//3609 2101//3609 2105//3609
f 2106//3610 2105//3610 2110//3610
f 2103//3611 2102//3611 2108//3611
f 2105//3612 2109//3612 2110//3612
f 2104//3613 2108//3613 2109//3613
f 2109//3614 2113//3614 2114//3614
f 2106//3615 2110//3615 2115//3615
f 2108//3616 2102//3616 2113//3616
f 2110//3617 2114//3617 2115//3617
f 2129//3618 2135//3618 2098//3618
f 2135//3619 2097//3619 2098//3619
f 2133//3620 2125//3620 2093//3620
f 2133//3621 2097//3621 2134//3621
f 2093//3622 2125//3622 2088//3622
f 2129//3623 2098//3623 2083//3623
f 2097//3624 2088//3624 2087//3624
f 2097//3625 2083//3625 2098//3625
f 2129//3626 2083//3626 2066//3626
f 2083//3627 2051//3627 2066//3627
f 2088//3628 2051//3628 2087//3628
f 2088//3629 2125//3629 2041//3629
f 2041//3630 2118//3630 2051//3630
f 2041//3631 2125//3631 2117//3631
f 2129//3632 2066//3632 2119//3632
f 2051//3633 2119//3633 2066//3633
f 2118//3634 2122//3634 2123//3634
f 2129//3635 2119//3635 2124//3635
f 2118//3636 2124//3636 2119//3636
f 2117//3637 2125//3637 2122//3637
f 2122//3638 2127//3638 2123//3638
f 2129//3639 2124//3639 2128//3639
f 2122//3640 2125//3640 2126//3640
f 2123//3641 2128//3641 2124//3641
f 2126//3642 2131//3642 2127//3642
f 2129//3643 2128//3643 2132//3643
f 2126//3644 2125//3644 2130//3644
f 2128//3645 2131//3645 2132//3645
f 2131//3646 2135//3646 2132//3646
f 2131//3647 2133//3647 2134//3647
f 2129//3648 2132//3648 2135//3648
f 2130//3649 2125//3649 2133//3649
f 2151//3650 2121//3650 2152//3650
f 2150//3651 2142//3651 2116//3651
f 2146//3652 2152//3652 2121//3652
f 2151//3653 2116//3653 2120//3653
f 2146//3654 2121//3654 2107//3654
f 2120//3655 2107//3655 2121//3655
f 2116//3656 2142//3656 2112//3656
f 2116//3657 2111//3657 2120//3657
f 2111//3658 2092//3658 2107//3658
f 2112//3659 2142//3659 2067//3659
f 2112//3660 2077//3660 2111//3660
f 2146//3661 2107//3661 2092//3661
f 2092//3662 2137//3662 2138//3662
f 2067//3663 2137//3663 2077//3663
f 2067//3664 2142//3664 2136//3664
f 2146//3665 2092//3665 2138//3665
f 2146//3666 2138//3666 2141//3666
f 2137//3667 2139//3667 2140//3667
f 2136//3668 2142//3668 2139//3668
f 2138//3669 2140//3669 2141//3669
f 2139//3670 2142//3670 2143//3670
f 2141//3671 2144//3671 2145//3671
f 2140//3672 2143//3672 2144//3672
f 2146//3673 2141//3673 2145//3673
f 2143//3674 2142//3674 2147//3674
f 2144//3675 2149//3675 2145//3675
f 2144//3676 2147//3676 2148//3676
f 2146//3677 2145//3677 2149//3677
f 2146//3678 2149//3678 2152//3678
f 2147//3679 2142//3679 2150//3679
f 2148//3680 2152//3680 2149//3680
f 2148//3681 2150//3681 2151//3681
f 1545//2883 1544//2883 1509//2883
f 1546//2884 1545//2884 1510//2884
f 1510//3682 1509//3682 1514//3682
f 1510//3683 1515//3683 1516//3683
f 1515//2891 1514//2891 1519//2891
f 1516//3684 1515//3684 1520//3684
f 1519//2895 1524//2895 1525//2895
f 1521//3685 1520//3685 1525//3685
f 1524//2899 1529//2899 1530//2899
f 1526//2900 1525//2900 1530//2900
f 1530//3686 1529//3686 1534//3686
f 1530//3687 1535//3687 1536//3687
f 1534//2908 1539//2908 1540//2908
f 1536//3688 1535//3688 1540//3688
f 1540//2910 1545//2910 1546//2910
f 1539//2913 1544//2913 1545//2913
f 1569//3689 1522//3689 1523//3689
f 1571//2915 1570//2915 1523//2915
f 1523//2918 1522//2918 1513//2918
f 1523//2920 1512//2920 1508//2920
f 1512//2923 1513//2923 1503//2923
f 1512//2924 1504//2924 1505//2924
f 1504//3690 1503//3690 1549//3690
f 1505//2929 1504//2929 1550//2929
f 1550//3691 1555//3691 1556//3691
f 1550//2931 1549//2931 1554//2931
f 1554//2934 1559//2934 1560//2934
f 1556//2937 1555//2937 1560//2937
f 1560//2938 1559//2938 1564//2938
f 1560//2941 1565//2941 1566//2941
f 1565//2942 1570//2942 1571//2942
f 1565//2943 1564//2943 1569//2943
f 1597//2946 1596//2946 1552//2946
f 1596//3692 1595//3692 1548//3692
f 1553//2951 1552//2951 1537//2951
f 1552//3693 1548//3693 1538//3693
f 1537//2954 1507//2954 1517//2954
f 1538//2957 1506//2957 1507//2957
f 1506//2958 1575//2958 1576//2958
f 1507//2959 1576//2959 1577//2959
f 1576//2962 1581//2962 1582//2962
f 1575//2965 1580//2965 1581//2965
f 1582//3694 1581//3694 1586//3694
f 1581//2968 1580//2968 1585//2968
f 1587//2971 1586//2971 1591//2971
f 1585//2972 1590//2972 1591//2972
f 1591//2976 1596//2976 1597//2976
f 1590//2977 1595//2977 1596//2977
f 1623//2980 1622//2980 1578//2980
f 1622//3695 1621//3695 1574//3695
f 1579//2983 1578//2983 1567//2983
f 1574//2984 1568//2984 1567//2984
f 1567//2987 1568//2987 1518//2987
f 1567//2989 1528//2989 1542//2989
f 1528//2992 1602//2992 1603//2992
f 1518//3696 1601//3696 1602//3696
f 1603//2994 1602//2994 1607//2994
f 1601//2995 1606//2995 1607//2995
f 1606//2998 1611//2998 1612//2998
f 1607//3001 1612//3001 1613//3001
f 1611//3002 1616//3002 1617//3002
f 1612//3005 1617//3005 1618//3005
f 1617//3006 1616//3006 1621//3006
f 1617//3009 1622//3009 1623//3009
f 1647//3011 1600//3011 1604//3011
f 1648//3013 1604//3013 1605//3013
f 1605//3015 1604//3015 1593//3015
f 1604//3697 1600//3697 1594//3697
f 1593//3018 1557//3018 1572//3018
f 1593//3021 1594//3021 1547//3021
f 1557//3024 1628//3024 1629//3024
f 1557//3025 1547//3025 1627//3025
f 1628//3027 1627//3027 1632//3027
f 1629//3028 1628//3028 1633//3028
f 1633//3698 1638//3698 1639//3698
f 1632//3032 1637//3032 1638//3032
f 1638//3035 1643//3035 1644//3035
f 1638//3036 1637//3036 1642//3036
f 1644//3699 1643//3699 1648//3699
f 1643//3040 1642//3040 1647//3040
f 1674//3043 1673//3043 1626//3043
f 1675//3044 1674//3044 1630//3044
f 1630//3046 1619//3046 1615//3046
f 1626//3047 1620//3047 1619//3047
f 1619//3050 1583//3050 1598//3050
f 1620//3052 1573//3052 1583//3052
f 1583//3056 1654//3056 1655//3056
f 1583//3057 1573//3057 1653//3057
f 1654//3060 1659//3060 1660//3060
f 1653//3061 1658//3061 1659//3061
f 1658//3062 1663//3062 1664//3062
f 1660//3065 1659//3065 1664//3065
f 1664//3700 1663//3700 1668//3700
f 1664//3069 1669//3069 1670//3069
f 1668//3070 1673//3070 1674//3070
f 1670//3073 1669//3073 1674//3073
f 1699//3075 1652//3075 1656//3075
f 1700//3077 1656//3077 1657//3077
f 1656//3079 1645//3079 1641//3079
f 1652//3081 1646//3081 1645//3081
f 1646//3084 1599//3084 1609//3084
f 1641//3701 1645//3701 1609//3701
f 1609//3702 1680//3702 1681//3702
f 1609//3089 1599//3089 1679//3089
f 1680//3703 1685//3703 1686//3703
f 1680//3092 1679//3092 1684//3092
f 1686//3095 1685//3095 1690//3095
f 1685//3096 1684//3096 1689//3096
f 1690//3099 1695//3099 1696//3099
f 1689//3100 1694//3100 1695//3100
f 1695//3704 1700//3704 1701//3704
f 1695//3705 1694//3705 1699//3705
f 1726//3106 1725//3106 1678//3106
f 1727//3107 1726//3107 1682//3107
f 1683//3110 1682//3110 1671//3110
f 1678//3111 1672//3111 1671//3111
f 1671//3114 1635//3114 1650//3114
f 1672//3706 1625//3706 1635//3706
f 1625//3120 1705//3120 1706//3120
f 1635//3121 1706//3121 1707//3121
f 1706//3123 1705//3123 1710//3123
f 1706//3125 1711//3125 1712//3125
f 1710//3126 1715//3126 1716//3126
f 1711//3129 1716//3129 1717//3129
f 1716//3130 1715//3130 1720//3130
f 1717//3133 1716//3133 1721//3133
f 1721//3707 1720//3707 1725//3707
f 1722//3708 1721//3708 1726//3708
f 1751//3139 1704//3139 1708//3139
f 1752//3709 1708//3709 1709//3709
f 1708//3142 1697//3142 1693//3142
f 1704//3144 1698//3144 1697//3144
f 1693//3148 1697//3148 1661//3148
f 1697//3149 1698//3149 1651//3149
f 1676//3151 1661//3151 1732//3151
f 1651//3152 1731//3152 1732//3152
f 1732//3710 1737//3710 1738//3710
f 1732//3157 1731//3157 1736//3157
f 1738//3158 1737//3158 1742//3158
f 1737//3159 1736//3159 1741//3159
f 1742//3711 1747//3711 1748//3711
f 1741//3164 1746//3164 1747//3164
f 1748//3167 1747//3167 1752//3167
f 1747//3168 1746//3168 1751//3168
f 1777//3170 1730//3170 1734//3170
f 1778//3171 1734//3171 1735//3171
f 1734//3174 1723//3174 1719//3174
f 1730//3712 1724//3712 1723//3712
f 1719//3178 1723//3178 1687//3178
f 1724//3180 1677//3180 1687//3180
f 1687//3713 1677//3713 1757//3713
f 1702//3184 1687//3184 1758//3184
f 1757//3187 1762//3187 1763//3187
f 1758//3188 1763//3188 1764//3188
f 1764//3714 1763//3714 1768//3714
f 1762//3193 1767//3193 1768//3193
f 1767//3194 1772//3194 1773//3194
f 1769//3197 1768//3197 1773//3197
f 1772//3198 1777//3198 1778//3198
f 1773//3715 1778//3715 1779//3715
f 1804//3202 1803//3202 1756//3202
f 1805//3716 1804//3716 1760//3716
f 1760//3207 1756//3207 1750//3207
f 1761//3717 1760//3717 1749//3717
f 1749//3212 1750//3212 1703//3212
f 1745//3213 1749//3213 1713//3213
f 1713//3718 1703//3718 1783//3718
f 1728//3719 1713//3719 1784//3719
f 1783//3219 1788//3219 1789//3219
f 1785//3220 1784//3220 1789//3220
f 1788//3720 1793//3720 1794//3720
f 1790//3225 1789//3225 1794//3225
f 1794//3226 1799//3226 1800//3226
f 1793//3227 1798//3227 1799//3227
f 1800//3231 1799//3231 1804//3231
f 1798//3232 1803//3232 1804//3232
f 1829//3234 1782//3234 1786//3234
f 1830//3235 1786//3235 1787//3235
f 1786//3238 1782//3238 1776//3238
f 1786//3241 1775//3241 1771//3241
f 1775//3242 1776//3242 1729//3242
f 1771//3243 1775//3243 1739//3243
f 1739//3247 1729//3247 1809//3247
f 1739//3249 1810//3249 1811//3249
f 1811//3252 1810//3252 1815//3252
f 1809//3253 1814//3253 1815//3253
f 1816//3255 1815//3255 1820//3255
f 1815//3256 1814//3256 1819//3256
f 1821//3260 1820//3260 1825//3260
f 1819//3261 1824//3261 1825//3261
f 1825//3262 1824//3262 1829//3262
f 1825//3265 1830//3265 1831//3265
f 1857//3721 1856//3721 1812//3721
f 1856//3269 1855//3269 1808//3269
f 1808//3272 1802//3272 1801//3272
f 1813//3273 1812//3273 1801//3273
f 1801//3275 1765//3275 1780//3275
f 1802//3276 1755//3276 1765//3276
f 1765//3278 1755//3278 1835//3278
f 1780//3281 1765//3281 1836//3281
f 1835//3722 1840//3722 1841//3722
f 1837//3284 1836//3284 1841//3284
f 1841//3286 1840//3286 1845//3286
f 1842//3289 1841//3289 1846//3289
f 1846//3290 1845//3290 1850//3290
f 1846//3293 1851//3293 1852//3293
f 1851//3294 1856//3294 1857//3294
f 1851//3295 1850//3295 1855//3295
f 1883//3298 1882//3298 1838//3298
f 1882//3301 1881//3301 1834//3301
f 1839//3303 1838//3303 1827//3303
f 1834//3305 1828//3305 1827//3305
f 1827//3306 1791//3306 1806//3306
f 1827//3308 1828//3308 1781//3308
f 1806//3311 1791//3311 1862//3311
f 1781//3312 1861//3312 1862//3312
f 1862//3315 1861//3315 1866//3315
f 1862//3317 1867//3317 1868//3317
f 1868//3723 1867//3723 1872//3723
f 1866//3320 1871//3320 1872//3320
f 1872//3323 1877//3323 1878//3323
f 1872//3324 1871//3324 1876//3324
f 1878//3328 1877//3328 1882//3328
f 1877//3329 1876//3329 1881//3329
f 1908//3332 1864//3332 1865//3332
f 1908//3333 1907//3333 1860//3333
f 1864//3335 1853//3335 1849//3335
f 1860//3724 1854//3724 1853//3724
f 1849//3338 1853//3338 1817//3338
f 1853//3339 1854//3339 1807//3339
f 1807//3342 1887//3342 1888//3342
f 1817//3345 1888//3345 1889//3345
f 1888//3348 1893//3348 1894//3348
f 1888//3349 1887//3349 1892//3349
f 1892//3350 1897//3350 1898//3350
f 1894//3725 1893//3725 1898//3725
f 1897//3354 1902//3354 1903//3354
f 1898//3357 1903//3357 1904//3357
f 1902//3358 1907//3358 1908//3358
f 1904//3726 1903//3726 1908//3726
f 1933//3363 1886//3363 1890//3363
f 1935//3365 1934//3365 1890//3365
f 1890//3367 1879//3367 1875//3367
f 1886//3369 1880//3369 1879//3369
f 1879//3372 1880//3372 1833//3372
f 1879//3373 1843//3373 1858//3373
f 1858//3374 1843//3374 1914//3374
f 1843//3375 1833//3375 1913//3375
f 1915//3378 1914//3378 1919//3378
f 1914//3379 1913//3379 1918//3379
f 1919//3727 1924//3727 1925//3727
f 1918//3384 1923//3384 1924//3384
f 1924//3387 1929//3387 1930//3387
f 1923//3728 1928//3728 1929//3728
f 1929//3391 1934//3391 1935//3391
f 1929//3392 1928//3392 1933//3392
f 1960//3729 1959//3729 1912//3729
f 1960//3730 1916//3730 1917//3730
f 1917//3398 1916//3398 1905//3398
f 1912//3731 1906//3731 1905//3731
f 1905//3403 1906//3403 1859//3403
f 1905//3405 1869//3405 1884//3405
f 1869//3408 1940//3408 1941//3408
f 1869//3732 1859//3732 1939//3732
f 1940//3733 1939//3733 1944//3733
f 1940//3413 1945//3413 1946//3413
f 1944//3414 1949//3414 1950//3414
f 1946//3734 1945//3734 1950//3734
f 1949//3418 1954//3418 1955//3418
f 1950//3421 1955//3421 1956//3421
f 1955//3422 1954//3422 1959//3422
f 1956//3735 1955//3735 1960//3735
f 1985//3427 1938//3427 1942//3427
f 1986//3429 1942//3429 1943//3429
f 1942//3431 1931//3431 1927//3431
f 1942//3736 1938//3736 1932//3736
f 1927//3737 1931//3737 1895//3737
f 1932//3437 1885//3437 1895//3437
f 1910//3439 1895//3439 1966//3439
f 1895//3440 1885//3440 1965//3440
f 1967//3442 1966//3442 1971//3442
f 1965//3445 1970//3445 1971//3445
f 1972//3447 1971//3447 1976//3447
f 1971//3448 1970//3448 1975//3448
f 1976//3451 1981//3451 1982//3451
f 1975//3452 1980//3452 1981//3452
f 1981//3455 1986//3455 1987//3455
f 1981//3456 1980//3456 1985//3456
f 2011//3458 1964//3458 1968//3458
f 2013//3459 2012//3459 1968//3459
f 1969//3462 1968//3462 1957//3462
f 1964//3738 1958//3738 1957//3738
f 1953//3466 1957//3466 1921//3466
f 1958//3739 1911//3739 1921//3739
f 1921//3471 1911//3471 1991//3471
f 1921//3472 1992//3472 1993//3472
f 1993//3475 1992//3475 1997//3475
f 1991//3476 1996//3476 1997//3476
f 1997//3478 1996//3478 2001//3478
f 1998//3740 1997//3740 2002//3740
f 2001//3482 2006//3482 2007//3482
f 2002//3741 2007//3741 2008//3741
f 2007//3486 2006//3486 2011//3486
f 2008//3742 2007//3742 2012//3742
f 2037//3491 1990//3491 1994//3491
f 2039//3743 2038//3743 1994//3743
f 1994//3494 1983//3494 1979//3494
f 1990//3496 1984//3496 1983//3496
f 1979//3500 1983//3500 1947//3500
f 1983//3501 1984//3501 1937//3501
f 1962//3503 1947//3503 2018//3503
f 1937//3504 2017//3504 2018//3504
f 2019//3506 2018//3506 2023//3506
f 2017//3744 2022//3744 2023//3744
f 2024//3510 2023//3510 2028//3510
f 2022//3511 2027//3511 2028//3511
f 2029//3515 2028//3515 2033//3515
f 2027//3516 2032//3516 2033//3516
f 2034//3519 2033//3519 2038//3519
f 2032//3520 2037//3520 2038//3520
f 2064//3522 2063//3522 2016//3522
f 2065//3523 2064//3523 2020//3523
f 2020//3526 2009//3526 2005//3526
f 2016//3527 2010//3527 2009//3527
f 2005//3530 2009//3530 1973//3530
f 2010//3745 1963//3745 1973//3745
f 1988//3534 1973//3534 2044//3534
f 1963//3535 2043//3535 2044//3535
f 2044//3538 2043//3538 2048//3538
f 2045//3539 2044//3539 2049//3539
f 2050//3544 2049//3544 2054//3544
f 2049//3545 2048//3545 2053//3545
f 2054//3546 2053//3546 2058//3546
f 2055//3746 2054//3746 2059//3746
f 2059//3550 2058//3550 2063//3550
f 2059//3553 2064//3553 2065//3553
f 2090//3554 2089//3554 2042//3554
f 2090//3747 2046//3747 2047//3747
f 2042//3559 2036//3559 2035//3559
f 2047//3561 2046//3561 2035//3561
f 2031//3748 2035//3748 1999//3748
f 2036//3565 1989//3565 1999//3565
f 1999//3566 1989//3566 2069//3566
f 1999//3749 2070//3749 2071//3749
f 2070//3571 2075//3571 2076//3571
f 2070//3750 2069//3750 2074//3750
f 2074//3751 2079//3751 2080//3751
f 2075//3577 2080//3577 2081//3577
f 2081//3752 2080//3752 2085//3752
f 2079//3753 2084//3753 2085//3753
f 2085//3583 2090//3583 2091//3583
f 2085//3754 2084//3754 2089//3754
f 2113//3586 2068//3586 2072//3586
f 2114//3587 2072//3587 2073//3587
f 2072//3755 2068//3755 2062//3755
f 2072//3756 2061//3756 2057//3756
f 2061//3594 2025//3594 2040//3594
f 2062//3596 2015//3596 2025//3596
f 2025//3599 2015//3599 2094//3599
f 2025//3601 2095//3601 2096//3601
f 2095//3602 2094//3602 2099//3602
f 2096//3604 2095//3604 2100//3604
f 2100//3607 2104//3607 2105//3607
f 2100//3757 2099//3757 2103//3757
f 2105//3612 2104//3612 2109//3612
f 2104//3613 2103//3613 2108//3613
f 2109//3614 2108//3614 2113//3614
f 2110//3617 2109//3617 2114//3617
f 2135//3758 2134//3758 2097//3758
f 2133//3621 2093//3621 2097//3621
f 2097//3624 2093//3624 2088//3624
f 2097//3625 2087//3625 2083//3625
f 2083//3627 2087//3627 2051//3627
f 2088//3628 2041//3628 2051//3628
f 2041//3630 2117//3630 2118//3630
f 2051//3633 2118//3633 2119//3633
f 2118//3634 2117//3634 2122//3634
f 2118//3636 2123//3636 2124//3636
f 2122//3638 2126//3638 2127//3638
f 2123//3641 2127//3641 2128//3641
f 2126//3642 2130//3642 2131//3642
f 2128//3645 2127//3645 2131//3645
f 2131//3759 2134//3759 2135//3759
f 2131//3647 2130//3647 2133//3647
f 2151//3760 2120//3760 2121//3760
f 2151//3653 2150//3653 2116//3653
f 2120//3655 2111//3655 2107//3655
f 2116//3657 2112//3657 2111//3657
f 2111//3658 2077//3658 2092//3658
f 2112//3761 2067//3761 2077//3761
f 2092//3662 2077//3662 2137//3662
f 2067//3762 2136//3762 2137//3762
f 2137//3763 2136//3763 2139//3763
f 2138//3669 2137//3669 2140//3669
f 2141//3671 2140//3671 2144//3671
f 2140//3672 2139//3672 2143//3672
f 2144//3675 2148//3675 2149//3675
f 2144//3676 2143//3676 2147//3676
f 2148//3764 2151//3764 2152//3764
f 2148//3681 2147//3681 2150//3681
