# Blender 4.4.3
# www.blender.org
mtllib bulb_lamp.mtl
o bulb_lamp_body
v 0.267940 0.135147 0.000105
v 0.259508 0.135147 -0.063849
v 0.237571 0.135147 -0.124563
v 0.202253 0.135147 -0.179043
v 0.153488 0.135147 -0.222208
v 0.094553 0.135147 -0.249113
v 0.031673 0.135147 -0.260439
v -0.031647 0.135147 -0.260837
v -0.095055 0.135147 -0.250631
v -0.154993 0.135147 -0.224495
v -0.203600 0.135147 -0.180301
v -0.237741 0.135147 -0.124691
v -0.259490 0.135147 -0.063863
v -0.269067 0.135147 0.000105
v -0.263340 0.135147 0.065021
v -0.239523 0.135147 0.125835
v -0.199411 0.135147 0.176801
v -0.149264 0.135147 0.216405
v -0.093882 0.135147 0.247748
v -0.032550 0.135147 0.268481
v 0.032988 0.135147 0.271482
v 0.096075 0.135147 0.253336
v 0.151116 0.135147 0.218981
v 0.198343 0.135147 0.175789
v 0.236655 0.135147 0.124291
v 0.260934 0.135147 0.064410
v 0.400708 0.146007 0.000122
v 0.388096 0.146007 -0.095524
v 0.355284 0.146007 -0.186323
v 0.302460 0.146007 -0.267795
v 0.229527 0.146007 -0.332342
v 0.141388 0.146007 -0.372574
v 0.047352 0.146007 -0.389498
v -0.047336 0.146007 -0.390079
v -0.142154 0.146007 -0.374820
v -0.231796 0.146007 -0.335755
v -0.304504 0.146007 -0.269683
v -0.355574 0.146007 -0.186520
v -0.388110 0.146007 -0.095549
v -0.402443 0.146007 0.000122
v -0.393884 0.146007 0.097217
v -0.358256 0.146007 0.188172
v -0.298245 0.146007 0.264382
v -0.223229 0.146007 0.323588
v -0.140408 0.146007 0.370463
v -0.048692 0.146007 0.401496
v 0.049327 0.146007 0.406008
v 0.143682 0.146007 0.378867
v 0.225994 0.146007 0.327468
v 0.296621 0.146007 0.262867
v 0.353921 0.146007 0.185852
v 0.390233 0.146007 0.096296
v 0.593326 0.173761 0.000173
v 0.574645 0.173761 -0.141449
v 0.526049 0.173761 -0.275886
v 0.447812 0.173761 -0.396499
v 0.339808 0.173761 -0.492035
v 0.209314 0.173761 -0.551581
v 0.070092 0.173761 -0.576582
v -0.070066 0.173761 -0.577379
v -0.210410 0.173761 -0.554793
v -0.343137 0.173761 -0.497035
v -0.450840 0.173761 -0.399291
v -0.526494 0.173761 -0.276185
v -0.574699 0.173761 -0.141493
v -0.595970 0.173761 0.000173
v -0.583325 0.173761 0.143965
v -0.530549 0.173761 0.278659
v -0.441613 0.173761 0.391462
v -0.330475 0.173761 0.479037
v -0.207869 0.173761 0.548440
v -0.072101 0.173761 0.594483
v 0.073045 0.173761 0.601246
v 0.212775 0.173761 0.561052
v 0.334632 0.173761 0.484883
v 0.439197 0.173761 0.389214
v 0.524052 0.173761 0.275185
v 0.577824 0.173761 0.142579
v 0.826812 0.228061 0.000298
v 0.800771 0.228061 -0.197048
v 0.733013 0.228061 -0.384362
v 0.623930 0.228061 -0.552362
v 0.473395 0.228061 -0.685381
v 0.291592 0.228061 -0.768288
v 0.097637 0.228061 -0.802949
v -0.097536 0.228061 -0.803848
v -0.292920 0.228061 -0.772346
v -0.477793 0.228061 -0.692057
v -0.627937 0.228061 -0.556099
v -0.733420 0.228061 -0.384685
v -0.800668 0.228061 -0.197075
v -0.830455 0.228061 0.000298
v -0.812954 0.228061 0.200699
v -0.739415 0.228061 0.388428
v -0.615335 0.228061 0.545531
v -0.460331 0.228061 0.667355
v -0.289545 0.228061 0.764043
v -0.100443 0.228061 0.828392
v 0.101820 0.228061 0.837995
v 0.296561 0.228061 0.781987
v 0.466323 0.228061 0.675731
v 0.612008 0.228061 0.542397
v 0.730269 0.228061 0.383518
v 0.805211 0.228061 0.198739
v 1.072828 0.308908 0.000547
v 1.039060 0.308908 -0.255510
v 0.951053 0.308908 -0.498502
v 0.809372 0.308908 -0.716322
v 0.613994 0.308908 -0.888697
v 0.378185 0.308908 -0.996134
v 0.126625 0.308908 -1.040714
v -0.126317 0.308908 -1.041355
v -0.379359 0.308908 -1.000250
v -0.618871 0.308908 -0.896322
v -0.813592 0.308908 -0.720404
v -0.950448 0.308908 -0.498388
v -1.037833 0.308908 -0.255303
v -1.076829 0.308908 0.000547
v -1.054490 0.308908 0.260503
v -0.959280 0.308908 0.504118
v -0.798211 0.308908 0.707872
v -0.596953 0.308908 0.865663
v -0.375447 0.308908 0.991028
v -0.130230 0.308908 1.074679
v 0.132153 0.308908 1.087332
v 0.384820 0.308908 1.014726
v 0.605038 0.308908 0.876816
v 0.794046 0.308908 0.703840
v 0.947481 0.308908 0.497722
v 1.044745 0.308908 0.258006
v 1.300868 0.414491 0.000985
v 1.260021 0.414491 -0.309496
v 1.153114 0.414491 -0.604033
v 0.981017 0.414491 -0.867811
v 0.744019 0.414491 -1.076408
v 0.458266 0.414491 -1.206446
v 0.153433 0.414491 -1.259785
v -0.152702 0.414491 -1.259495
v -0.458506 0.414491 -1.208914
v -0.747862 0.414491 -1.082984
v -0.983335 0.414491 -0.870482
v -1.148960 0.414491 -0.602218
v -1.255112 0.414491 -0.308458
v -1.303173 0.414491 0.000985
v -1.277086 0.414491 0.315845
v -1.162475 0.414491 0.611282
v -0.967504 0.414491 0.858427
v -0.723460 0.414491 1.049603
v -0.454901 0.414491 1.201379
v -0.157698 0.414491 1.302608
v 0.160252 0.414491 1.317915
v 0.466486 0.414491 1.230090
v 0.733525 0.414491 1.063176
v 0.962719 0.414491 0.853572
v 1.148637 0.414491 0.603654
v 1.266606 0.414491 0.313090
v 1.498473 0.559895 0.001798
v 1.451336 0.559895 -0.355768
v 1.327632 0.559895 -0.694664
v 1.128719 0.559895 -0.997598
v 0.855614 0.559895 -1.236853
v 0.527101 0.559895 -1.386379
v 0.176578 0.559895 -1.447227
v -0.175118 0.559895 -1.445656
v -0.525744 0.559895 -1.386149
v -0.857087 0.559895 -1.240826
v -1.126868 0.559895 -0.997082
v -1.316771 0.559895 -0.689630
v -1.439450 0.559895 -0.353151
v -1.496647 0.559895 0.001798
v -1.469091 0.559895 0.364053
v -1.339206 0.559895 0.705001
v -1.115475 0.559895 0.990585
v -0.834110 0.559895 1.211135
v -0.524158 0.559895 1.385562
v -0.181429 0.559895 1.501230
v 0.184760 0.559895 1.518203
v 0.537458 0.559895 1.417284
v 0.845398 0.559895 1.225648
v 1.109376 0.559895 0.984057
v 1.323023 0.559895 0.695841
v 1.458780 0.559895 0.361198
v 1.643220 0.772269 0.003421
v 1.590967 0.772269 -0.388420
v 1.454062 0.772269 -0.759097
v 1.234577 0.772269 -1.089250
v 0.935012 0.772269 -1.349429
v 0.576443 0.772269 -1.513352
v 0.193529 0.772269 -1.580493
v -0.190817 0.772269 -1.578047
v -0.573123 0.772269 -1.510964
v -0.933323 0.772269 -1.350481
v -1.226444 0.772269 -1.084184
v -1.432837 0.772269 -0.749224
v -1.568035 0.772269 -0.383363
v -1.634293 0.772269 0.003421
v -1.609075 0.772269 0.400320
v -1.470997 0.772269 0.776093
v -1.227384 0.772269 1.091858
v -0.918074 0.772269 1.335230
v -0.576224 0.772269 1.525982
v -0.198781 0.772269 1.650476
v 0.203214 0.772269 1.667095
v 0.590234 0.772269 1.556555
v 0.928901 0.772269 1.347416
v 1.218082 0.772269 1.081477
v 1.451053 0.772269 0.764358
v 1.599500 0.772269 0.397364
v 1.731134 1.013603 0.005892
v 1.675234 1.013603 -0.406503
v 1.529528 1.013603 -0.795774
v 1.296669 1.013603 -1.141013
v 0.981119 1.013603 -1.412490
v 0.605739 1.013603 -1.585824
v 0.204224 1.013603 -1.658911
v -0.199867 1.013603 -1.657291
v -0.601247 1.013603 -1.584951
v -0.977857 1.013603 -1.413791
v -1.283760 1.013603 -1.133262
v -1.498951 1.013603 -0.781909
v -1.641773 1.013603 -0.399281
v -1.715038 1.013603 0.005892
v -1.693804 1.013603 0.423890
v -1.553235 1.013603 0.822185
v -1.298783 1.013603 1.158357
v -0.972225 1.013603 1.417417
v -0.609386 1.013603 1.618196
v -0.209228 1.013603 1.746171
v 0.215148 1.013603 1.760666
v 0.623348 1.013603 1.644042
v 0.981380 1.013603 1.424654
v 1.285185 1.013603 1.142624
v 1.528778 1.013603 0.807165
v 1.684796 1.013603 0.420645
v 1.748589 1.247094 0.008920
v 1.691534 1.247094 -0.407230
v 1.543401 1.247094 -0.799467
v 1.306939 1.247094 -1.146137
v 0.988375 1.247094 -1.418427
v 0.611375 1.247094 -1.594842
v 0.207297 1.247094 -1.672394
v -0.201097 1.247094 -1.673199
v -0.606715 1.247094 -1.599158
v -0.985806 1.247094 -1.423829
v -1.293002 1.247094 -1.139370
v -1.508661 1.247094 -0.784539
v -1.652567 1.247094 -0.399177
v -1.727919 1.247094 0.008920
v -1.709342 1.247094 0.431011
v -1.570478 1.247094 0.834823
v -1.315402 1.247094 1.177054
v -0.985713 1.247094 1.441534
v -0.617244 1.247094 1.644762
v -0.210846 1.247094 1.771328
v 0.218576 1.247094 1.783122
v 0.631199 1.247094 1.664953
v 0.993609 1.247094 1.443849
v 1.299098 1.247094 1.157031
v 1.543487 1.247094 0.817352
v 1.701207 1.247094 0.427453
v 1.709114 1.496272 0.012840
v 1.653290 1.496272 -0.393542
v 1.508307 1.496272 -0.776401
v 1.276456 1.496272 -1.113986
v 0.965375 1.496272 -1.379180
v 0.598608 1.496272 -1.553608
v 0.204515 1.496272 -1.634158
v -0.195975 1.496272 -1.638491
v -0.594155 1.496272 -1.565770
v -0.965023 1.496272 -1.391803
v -1.264848 1.496272 -1.111733
v -1.474694 1.496272 -0.763518
v -1.614066 1.496272 -0.386108
v -1.686327 1.496272 0.012840
v -1.667771 1.496272 0.425026
v -1.532778 1.496272 0.819683
v -1.285062 1.496272 1.155321
v -0.964262 1.496272 1.416382
v -0.603500 1.496272 1.616090
v -0.204936 1.496272 1.737967
v 0.215123 1.496272 1.747206
v 0.618318 1.496272 1.631259
v 0.972506 1.496272 1.415191
v 1.269120 1.496272 1.133166
v 1.506703 1.496272 0.801240
v 1.661714 1.496272 0.421299
v 1.619096 1.779839 0.018168
v 1.566999 1.779839 -0.366481
v 1.430488 1.779839 -0.729244
v 1.210868 1.779839 -1.048885
v 0.916581 1.779839 -1.300436
v 0.570065 1.779839 -1.468059
v 0.196729 1.779839 -1.549216
v -0.184861 1.779839 -1.557120
v -0.564941 1.779839 -1.488371
v -0.918155 1.779839 -1.321300
v -1.203285 1.779839 -1.053532
v -1.402133 1.779839 -0.721094
v -1.531895 1.779839 -0.360991
v -1.595807 1.779839 0.018168
v -1.573899 1.779839 0.407680
v -1.443787 1.779839 0.779292
v -1.210215 1.779839 1.096007
v -0.909374 1.779839 1.344916
v -0.569111 1.779839 1.535701
v -0.191814 1.779839 1.650718
v 0.205568 1.779839 1.658353
v 0.586677 1.779839 1.548197
v 0.920989 1.779839 1.343159
v 1.199491 1.779839 1.075143
v 1.423917 1.779839 0.762132
v 1.572466 1.779839 0.404166
v 1.490473 2.075474 0.024705
v 1.444104 2.075474 -0.329085
v 1.320071 2.075474 -0.663544
v 1.118611 2.075474 -0.958572
v 0.848144 2.075474 -1.191408
v 0.529125 2.075474 -1.347487
v 0.184738 2.075474 -1.424923
v -0.168416 2.075474 -1.434153
v -0.520579 2.075474 -1.370945
v -0.847757 2.075474 -1.216118
v -1.112073 2.075474 -0.968232
v -1.295959 2.075474 -0.660044
v -1.412882 2.075474 -0.325689
v -1.465690 2.075474 0.024705
v -1.438962 2.075474 0.381527
v -1.315050 2.075474 0.719474
v -1.100569 2.075474 1.007451
v -0.827633 2.075474 1.236373
v -0.517942 2.075474 1.413401
v -0.172882 2.075474 1.520340
v 0.191243 2.075474 1.527905
v 0.540411 2.075474 1.426656
v 0.845908 2.075474 1.237580
v 1.099976 2.075474 0.991473
v 1.306700 2.075474 0.705937
v 1.445518 2.075474 0.378844
v 1.327254 2.371108 0.032245
v 1.287641 2.371108 -0.282325
v 1.178589 2.371108 -0.580352
v 1.000184 2.371108 -0.843757
v 0.760086 2.371108 -1.052440
v 0.475736 2.371108 -1.192155
v 0.168404 2.371108 -1.260942
v -0.146543 2.371108 -1.268389
v -0.460380 2.371108 -1.211691
v -0.752413 2.371108 -1.074304
v -0.989187 2.371108 -0.854183
v -1.154010 2.371108 -0.579401
v -1.256344 2.371108 -0.280222
v -1.298558 2.371108 0.032245
v -1.269073 2.371108 0.347848
v -1.154824 2.371108 0.644317
v -0.963951 2.371108 0.896315
v -0.724382 2.371108 1.098184
v -0.452773 2.371108 1.256122
v -0.148975 2.371108 1.352909
v 0.172746 2.371108 1.361192
v 0.481434 2.371108 1.271669
v 0.750881 2.371108 1.103593
v 0.975676 2.371108 0.886534
v 1.160253 2.371108 0.635218
v 1.285494 2.371108 0.346285
v 1.147712 2.654676 0.040418
v 1.114356 2.654676 -0.230729
v 1.020323 2.654676 -0.487600
v 0.867072 2.654676 -0.715101
v 0.661120 2.654676 -0.896709
v 0.415807 2.654676 -1.018354
v 0.150029 2.654676 -1.077678
v -0.122193 2.654676 -1.083437
v -0.393340 2.654676 -1.034357
v -0.646284 2.654676 -0.916557
v -0.852361 2.654676 -0.727349
v -0.996274 2.654676 -0.489955
v -1.083788 2.654676 -0.230228
v -1.116972 2.654676 0.040418
v -1.087128 2.654676 0.311888
v -0.984865 2.654676 0.564804
v -0.819336 2.654676 0.778927
v -0.614337 2.654676 0.951110
v -0.382689 2.654676 1.087107
v -0.123103 2.654676 1.171772
v 0.152643 2.654676 1.180041
v 0.417246 2.654676 1.102984
v 0.647873 2.654676 0.958353
v 0.841405 2.654676 0.773197
v 1.001234 2.654676 0.558418
v 1.110468 2.654676 0.310607
v 0.973100 2.909886 0.048563
v 0.945115 2.909886 -0.180161
v 0.865095 2.909886 -0.396477
v 0.735986 2.909886 -0.588276
v 0.563154 2.909886 -0.742470
v 0.356331 2.909886 -0.845801
v 0.131795 2.909886 -0.895682
v -0.098032 2.909886 -0.899990
v -0.326870 2.909886 -0.858526
v -0.540840 2.909886 -0.759816
v -0.715981 2.909886 -0.600928
v -0.838830 2.909886 -0.400686
v -0.912771 2.909886 -0.180640
v -0.939766 2.909886 0.048563
v -0.912672 2.909886 0.277742
v -0.824187 2.909886 0.490127
v -0.683408 2.909886 0.669198
v -0.510672 2.909886 0.813235
v -0.316261 2.909886 0.927676
v -0.098357 2.909886 0.999789
v 0.133553 2.909886 1.007285
v 0.356005 2.909886 0.942068
v 0.549780 2.909886 0.820221
v 0.713246 2.909886 0.665256
v 0.848395 2.909886 0.484838
v 0.941069 2.909886 0.276290
v 0.809295 3.137344 0.056452
v 0.786055 3.137344 -0.132382
v 0.719171 3.137344 -0.310539
v 0.612493 3.137344 -0.468515
v 0.470366 3.137344 -0.596121
v 0.299829 3.137344 -0.681586
v 0.114493 3.137344 -0.722363
v -0.075007 3.137344 -0.725406
v -0.263592 3.137344 -0.691130
v -0.440230 3.137344 -0.610202
v -0.585394 3.137344 -0.479817
v -0.687689 3.137344 -0.314934
v -0.749253 3.137344 -0.133134
v -0.772003 3.137344 0.056452
v -0.749560 3.137344 0.246114
v -0.675661 3.137344 0.421525
v -0.558498 3.137344 0.568892
v -0.415448 3.137344 0.687203
v -0.255041 3.137344 0.781485
v -0.075377 3.137344 0.841358
v 0.116001 3.137344 0.847680
v 0.299455 3.137344 0.793503
v 0.459259 3.137344 0.692933
v 0.594544 3.137344 0.565517
v 0.706119 3.137344 0.416592
v 0.782652 3.137344 0.244446
v 0.671753 3.330411 0.063613
v 0.652450 3.330411 -0.091666
v 0.596784 3.330411 -0.237817
v 0.508881 3.330411 -0.367321
v 0.392277 3.330411 -0.472165
v 0.252238 3.330411 -0.542271
v 0.100036 3.330411 -0.575311
v -0.055373 3.330411 -0.577366
v -0.209926 3.330411 -0.549127
v -0.354843 3.330411 -0.482999
v -0.474314 3.330411 -0.376487
v -0.558849 3.330411 -0.241479
v -0.610047 3.330411 -0.092285
v -0.629758 3.330411 0.063613
v -0.612058 3.330411 0.220007
v -0.551229 3.330411 0.364707
v -0.454251 3.330411 0.485939
v -0.336056 3.330411 0.583007
v -0.203893 3.330411 0.660448
v -0.056009 3.330411 0.709834
v 0.101548 3.330411 0.714993
v 0.252479 3.330411 0.670133
v 0.383987 3.330411 0.587381
v 0.495509 3.330411 0.482702
v 0.587097 3.330411 0.359960
v 0.649838 3.330411 0.218249
v 0.554236 3.494519 0.070037
v 0.538347 3.494519 -0.056560
v 0.492515 3.494519 -0.175479
v 0.420671 3.494519 -0.280742
v 0.325697 3.494519 -0.365997
v 0.211660 3.494519 -0.422874
v 0.087790 3.494519 -0.449361
v -0.038502 3.494519 -0.450677
v -0.164002 3.494519 -0.427593
v -0.281748 3.494519 -0.373964
v -0.379050 3.494519 -0.287675
v -0.448128 3.494519 -0.178135
v -0.490332 3.494519 -0.056913
v -0.507383 3.494519 0.070037
v -0.493844 3.494519 0.197852
v -0.444484 3.494519 0.316296
v -0.365038 3.494519 0.415336
v -0.268217 3.494519 0.494435
v -0.160170 3.494519 0.557562
v -0.039370 3.494519 0.597898
v 0.089319 3.494519 0.602027
v 0.212523 3.494519 0.565222
v 0.319903 3.494519 0.497678
v 0.411005 3.494519 0.412252
v 0.485487 3.494519 0.311864
v 0.536417 3.494519 0.196158
v 0.453316 3.635096 0.075785
v 0.440429 3.635096 -0.026177
v 0.403248 3.635096 -0.121815
v 0.345245 3.635096 -0.206374
v 0.268754 3.635096 -0.274814
v 0.176988 3.635096 -0.320352
v 0.077399 3.635096 -0.341320
v -0.023988 3.635096 -0.342106
v -0.124658 3.635096 -0.323452
v -0.219134 3.635096 -0.280444
v -0.297349 3.635096 -0.211344
v -0.353019 3.635096 -0.123534
v -0.387333 3.635096 -0.026278
v -0.401828 3.635096 0.075785
v -0.391666 3.635096 0.178916
v -0.352190 3.635096 0.274670
v -0.287991 3.635096 0.354624
v -0.209708 3.635096 0.418359
v -0.122462 3.635096 0.469232
v -0.024971 3.635096 0.501767
v 0.078873 3.635096 0.505028
v 0.178243 3.635096 0.475231
v 0.264869 3.635096 0.420756
v 0.338341 3.635096 0.351828
v 0.398168 3.635096 0.270719
v 0.439009 3.635096 0.177397
v 0.374917 3.745506 0.080459
v 0.364412 3.745506 -0.002360
v 0.334081 3.745506 -0.079973
v 0.286877 3.745506 -0.148529
v 0.224717 3.745506 -0.203951
v 0.150216 3.745506 -0.240735
v 0.069440 3.745506 -0.257512
v -0.012689 3.745506 -0.257963
v -0.094178 3.745506 -0.242760
v -0.170660 3.745506 -0.207934
v -0.234059 3.745506 -0.152062
v -0.279263 3.745506 -0.081016
v -0.307324 3.745506 -0.002290
v -0.319582 3.745506 0.080459
v -0.311821 3.745506 0.164317
v -0.279970 3.745506 0.242305
v -0.227722 3.745506 0.307366
v -0.163978 3.745506 0.359171
v -0.092987 3.745506 0.400536
v -0.013675 3.745506 0.426999
v 0.070798 3.745506 0.429613
v 0.151608 3.745506 0.405324
v 0.222059 3.745506 0.361018
v 0.281775 3.745506 0.304927
v 0.330259 3.745506 0.238885
v 0.363319 3.745506 0.163008
v 0.326107 3.819113 0.083652
v 0.317109 3.819113 0.012771
v 0.291099 3.819113 -0.053630
v 0.250652 3.819113 -0.112245
v 0.197422 3.819113 -0.159581
v 0.133670 3.819113 -0.190943
v 0.064598 3.819113 -0.205157
v -0.005572 3.819113 -0.205437
v -0.075160 3.819113 -0.192392
v -0.140472 3.819113 -0.162638
v -0.194652 3.819113 -0.114956
v -0.233319 3.819113 -0.054302
v -0.257425 3.819113 0.012924
v -0.268162 3.819113 0.083652
v -0.261776 3.819113 0.155453
v -0.234636 3.819113 0.222297
v -0.189881 3.819113 0.278033
v -0.135262 3.819113 0.322395
v -0.074453 3.819113 0.357832
v -0.006515 3.819113 0.380507
v 0.065845 3.819113 0.382732
v 0.135057 3.819113 0.361903
v 0.195395 3.819113 0.323949
v 0.246511 3.819113 0.275881
v 0.287946 3.819113 0.219279
v 0.316186 3.819113 0.154307
v 0.299695 3.861346 0.085513
v 0.291520 3.861346 0.021100
v 0.267867 3.861346 -0.039231
v 0.231089 3.861346 -0.092471
v 0.182697 3.861346 -0.135436
v 0.124766 3.861346 -0.163871
v 0.062027 3.861346 -0.176712
v -0.001677 3.861346 -0.176909
v -0.064833 3.861346 -0.165035
v -0.124108 3.861346 -0.138022
v -0.173300 3.861346 -0.094761
v -0.208423 3.861346 -0.039720
v -0.230369 3.861346 0.021291
v -0.240243 3.861346 0.085513
v -0.234565 3.861346 0.150768
v -0.209962 3.861346 0.211553
v -0.169278 3.861346 0.262223
v -0.119622 3.861346 0.302549
v -0.064345 3.861346 0.334773
v -0.002583 3.861346 0.355395
v 0.063202 3.861346 0.357414
v 0.126121 3.861346 0.338469
v 0.180970 3.861346 0.303960
v 0.227419 3.861346 0.260245
v 0.265042 3.861346 0.208774
v 0.290679 3.861346 0.149718
v 0.000000 0.086880 0.000000
v 0.030187 3.890306 0.085513
vn 0.1259 -0.9920 -0.0014
vn 0.1230 -0.9920 -0.0300
vn 0.1128 -0.9920 -0.0561
vn 0.0943 -0.9922 -0.0812
vn 0.0677 -0.9923 -0.1041
vn 0.0379 -0.9919 -0.1209
vn 0.0120 -0.9916 -0.1291
vn -0.0100 -0.9916 -0.1292
vn -0.0356 -0.9920 -0.1209
vn -0.0666 -0.9925 -0.1028
vn -0.0951 -0.9923 -0.0788
vn -0.1138 -0.9920 -0.0546
vn -0.1231 -0.9919 -0.0309
vn -0.1254 -0.9921 -0.0037
vn -0.1205 -0.9923 0.0283
vn -0.1076 -0.9923 0.0616
vn -0.0899 -0.9919 0.0896
vn -0.0723 -0.9916 0.1076
vn -0.0523 -0.9917 0.1172
vn -0.0229 -0.9922 0.1223
vn 0.0143 -0.9925 0.1213
vn 0.0504 -0.9923 0.1135
vn 0.0772 -0.9918 0.1018
vn 0.0950 -0.9918 0.0858
vn 0.1099 -0.9920 0.0618
vn 0.1212 -0.9922 0.0305
vn 0.1144 -0.9934 -0.0013
vn 0.1112 -0.9934 -0.0271
vn 0.1023 -0.9935 -0.0507
vn 0.0863 -0.9935 -0.0742
vn 0.0621 -0.9935 -0.0958
vn 0.0342 -0.9933 -0.1102
vn 0.0106 -0.9932 -0.1158
vn -0.0088 -0.9932 -0.1158
vn -0.0320 -0.9934 -0.1104
vn -0.0614 -0.9936 -0.0953
vn -0.0873 -0.9936 -0.0721
vn -0.1028 -0.9935 -0.0492
vn -0.1108 -0.9935 -0.0278
vn -0.1139 -0.9935 -0.0036
vn -0.1105 -0.9935 0.0259
vn -0.0987 -0.9935 0.0568
vn -0.0814 -0.9933 0.0816
vn -0.0646 -0.9933 0.0962
vn -0.0473 -0.9933 0.1053
vn -0.0214 -0.9935 0.1120
vn 0.0132 -0.9936 0.1122
vn 0.0465 -0.9935 0.1038
vn 0.0695 -0.9934 0.0914
vn 0.0855 -0.9933 0.0773
vn 0.1001 -0.9934 0.0564
vn 0.1110 -0.9934 0.0280
vn 0.1879 -0.9822 -0.0022
vn 0.1827 -0.9822 -0.0445
vn 0.1681 -0.9822 -0.0834
vn 0.1417 -0.9824 -0.1220
vn 0.1019 -0.9823 -0.1573
vn 0.0562 -0.9819 -0.1811
vn 0.0174 -0.9815 -0.1904
vn -0.0146 -0.9816 -0.1905
vn -0.0527 -0.9820 -0.1815
vn -0.1008 -0.9825 -0.1566
vn -0.1434 -0.9825 -0.1186
vn -0.1690 -0.9823 -0.0809
vn -0.1822 -0.9822 -0.0458
vn -0.1871 -0.9823 -0.0059
vn -0.1813 -0.9825 0.0424
vn -0.1620 -0.9824 0.0932
vn -0.1335 -0.9819 0.1341
vn -0.1061 -0.9817 0.1581
vn -0.0778 -0.9818 0.1731
vn -0.0353 -0.9823 0.1839
vn 0.0215 -0.9827 0.1840
vn 0.0764 -0.9824 0.1703
vn 0.1142 -0.9821 0.1500
vn 0.1404 -0.9819 0.1269
vn 0.1643 -0.9821 0.0926
vn 0.1821 -0.9822 0.0459
vn 0.2728 -0.9621 -0.0032
vn 0.2654 -0.9620 -0.0647
vn 0.2441 -0.9621 -0.1213
vn 0.2057 -0.9624 -0.1773
vn 0.1480 -0.9622 -0.2285
vn 0.0816 -0.9613 -0.2633
vn 0.0251 -0.9604 -0.2773
vn -0.0215 -0.9604 -0.2777
vn -0.0769 -0.9613 -0.2644
vn -0.1466 -0.9625 -0.2281
vn -0.2086 -0.9626 -0.1730
vn -0.2462 -0.9620 -0.1181
vn -0.2653 -0.9618 -0.0669
vn -0.2721 -0.9622 -0.0088
vn -0.2633 -0.9627 0.0615
vn -0.2350 -0.9625 0.1353
vn -0.1937 -0.9615 0.1948
vn -0.1542 -0.9609 0.2300
vn -0.1131 -0.9612 0.2516
vn -0.0513 -0.9624 0.2669
vn 0.0311 -0.9632 0.2669
vn 0.1108 -0.9626 0.2471
vn 0.1660 -0.9617 0.2180
vn 0.2039 -0.9615 0.1843
vn 0.2384 -0.9618 0.1344
vn 0.2642 -0.9622 0.0666
vn 0.3706 -0.9288 -0.0043
vn 0.3605 -0.9286 -0.0880
vn 0.3317 -0.9288 -0.1651
vn 0.2797 -0.9292 -0.2416
vn 0.2014 -0.9287 -0.3113
vn 0.1108 -0.9269 -0.3586
vn 0.0337 -0.9252 -0.3779
vn -0.0301 -0.9249 -0.3790
vn -0.1056 -0.9263 -0.3617
vn -0.2010 -0.9283 -0.3129
vn -0.2859 -0.9283 -0.2376
vn -0.3371 -0.9274 -0.1622
vn -0.3630 -0.9272 -0.0920
vn -0.3719 -0.9282 -0.0126
vn -0.3594 -0.9295 0.0832
vn -0.3200 -0.9294 0.1839
vn -0.2630 -0.9277 0.2648
vn -0.2092 -0.9266 0.3124
vn -0.1537 -0.9271 0.3417
vn -0.0699 -0.9292 0.3630
vn 0.0422 -0.9307 0.3634
vn 0.1506 -0.9297 0.3362
vn 0.2256 -0.9281 0.2962
vn 0.2770 -0.9277 0.2503
vn 0.3239 -0.9283 0.1826
vn 0.3591 -0.9289 0.0907
vn 0.5147 -0.8574 -0.0057
vn 0.5006 -0.8570 -0.1223
vn 0.4611 -0.8569 -0.2303
vn 0.3896 -0.8567 -0.3380
vn 0.2812 -0.8552 -0.4353
vn 0.1540 -0.8521 -0.5002
vn 0.0451 -0.8490 -0.5265
vn -0.0433 -0.8478 -0.5285
vn -0.1493 -0.8493 -0.5063
vn -0.2836 -0.8519 -0.4403
vn -0.4025 -0.8519 -0.3351
vn -0.4735 -0.8505 -0.2288
vn -0.5089 -0.8509 -0.1301
vn -0.5205 -0.8536 -0.0195
vn -0.5018 -0.8574 0.1138
vn -0.4447 -0.8589 0.2541
vn -0.3634 -0.8570 0.3654
vn -0.2879 -0.8555 0.4304
vn -0.2116 -0.8560 0.4717
vn -0.0964 -0.8587 0.5034
vn 0.0588 -0.8607 0.5057
vn 0.2086 -0.8592 0.4672
vn 0.3120 -0.8570 0.4101
vn 0.3833 -0.8562 0.3464
vn 0.4495 -0.8567 0.2530
vn 0.4988 -0.8575 0.1261
vn 0.7260 -0.6876 -0.0081
vn 0.7068 -0.6857 -0.1739
vn 0.6522 -0.6836 -0.3275
vn 0.5516 -0.6805 -0.4823
vn 0.3998 -0.6760 -0.6190
vn 0.2184 -0.6720 -0.7076
vn 0.0619 -0.6686 -0.7410
vn -0.0636 -0.6665 -0.7428
vn -0.2142 -0.6661 -0.7144
vn -0.4056 -0.6668 -0.6251
vn -0.5736 -0.6655 -0.4777
vn -0.6727 -0.6638 -0.3269
vn -0.7216 -0.6665 -0.1873
vn -0.7374 -0.6747 -0.0322
vn -0.7111 -0.6854 0.1566
vn -0.6285 -0.6935 0.3522
vn -0.5082 -0.6954 0.5082
vn -0.3997 -0.6945 0.5983
vn -0.2929 -0.6940 0.6577
vn -0.1324 -0.6952 0.7066
vn 0.0839 -0.6958 0.7133
vn 0.2920 -0.6938 0.6583
vn 0.4369 -0.6918 0.5749
vn 0.5379 -0.6894 0.4852
vn 0.6330 -0.6881 0.3547
vn 0.7035 -0.6881 0.1777
vn 0.8920 -0.4520 -0.0104
vn 0.8678 -0.4475 -0.2160
vn 0.8000 -0.4408 -0.4069
vn 0.6764 -0.4328 -0.5960
vn 0.4907 -0.4258 -0.7602
vn 0.2697 -0.4233 -0.8649
vn 0.0759 -0.4234 -0.9028
vn -0.0807 -0.4229 -0.9026
vn -0.2653 -0.4207 -0.8675
vn -0.4984 -0.4176 -0.7597
vn -0.7009 -0.4126 -0.5819
vn -0.8206 -0.4083 -0.3999
vn -0.8797 -0.4137 -0.2345
vn -0.9017 -0.4298 -0.0480
vn -0.8737 -0.4507 0.1832
vn -0.7754 -0.4682 0.4237
vn -0.6249 -0.4760 0.6188
vn -0.4876 -0.4772 0.7311
vn -0.3539 -0.4755 0.8054
vn -0.1568 -0.4729 0.8671
vn 0.1055 -0.4698 0.8764
vn 0.3566 -0.4668 0.8093
vn 0.5356 -0.4649 0.7050
vn 0.6612 -0.4594 0.5931
vn 0.7783 -0.4548 0.4330
vn 0.8641 -0.4536 0.2182
vn 0.9781 -0.2078 -0.0119
vn 0.9497 -0.2021 -0.2393
vn 0.8718 -0.1938 -0.4498
vn 0.7349 -0.1825 -0.6532
vn 0.5342 -0.1738 -0.8273
vn 0.2983 -0.1763 -0.9381
vn 0.0866 -0.1851 -0.9789
vn -0.0892 -0.1903 -0.9777
vn -0.2924 -0.1870 -0.9378
vn -0.5437 -0.1801 -0.8197
vn -0.7599 -0.1736 -0.6264
vn -0.8863 -0.1686 -0.4314
vn -0.9502 -0.1726 -0.2595
vn -0.9806 -0.1863 -0.0613
vn -0.9597 -0.2065 0.1905
vn -0.8589 -0.2252 0.4600
vn -0.6950 -0.2380 0.6785
vn -0.5385 -0.2463 0.8058
vn -0.3849 -0.2456 0.8897
vn -0.1654 -0.2380 0.9571
vn 0.1197 -0.2305 0.9657
vn 0.3909 -0.2279 0.8918
vn 0.5895 -0.2276 0.7751
vn 0.7299 -0.2182 0.6478
vn 0.8553 -0.2105 0.4735
vn 0.9480 -0.2094 0.2396
vn 0.9991 0.0413 -0.0120
vn 0.9682 0.0458 -0.2458
vn 0.8858 0.0527 -0.4611
vn 0.7434 0.0628 -0.6659
vn 0.5419 0.0690 -0.8376
vn 0.3092 0.0622 -0.9490
vn 0.0955 0.0468 -0.9943
vn -0.0899 0.0367 -0.9953
vn -0.3020 0.0399 -0.9525
vn -0.5552 0.0489 -0.8303
vn -0.7731 0.0540 -0.6319
vn -0.8984 0.0570 -0.4355
vn -0.9625 0.0571 -0.2650
vn -0.9963 0.0540 -0.0670
vn -0.9810 0.0461 0.1883
vn -0.8834 0.0339 0.4675
vn -0.7197 0.0201 0.6940
vn -0.5577 0.0080 0.8300
vn -0.3933 0.0060 0.9194
vn -0.1638 0.0142 0.9864
vn 0.1262 0.0223 0.9918
vn 0.4012 0.0237 0.9157
vn 0.6065 0.0235 0.7948
vn 0.7508 0.0328 0.6597
vn 0.8745 0.0401 0.4834
vn 0.9684 0.0409 0.2460
vn 0.9733 0.2291 -0.0104
vn 0.9430 0.2310 -0.2397
vn 0.8615 0.2345 -0.4505
vn 0.7216 0.2406 -0.6491
vn 0.5285 0.2432 -0.8134
vn 0.3073 0.2371 -0.9216
vn 0.1044 0.2216 -0.9695
vn -0.0843 0.2092 -0.9742
vn -0.2985 0.2104 -0.9309
vn -0.5457 0.2177 -0.8092
vn -0.7577 0.2200 -0.6144
vn -0.8791 0.2201 -0.4228
vn -0.9402 0.2245 -0.2561
vn -0.9702 0.2344 -0.0620
vn -0.9533 0.2414 0.1812
vn -0.8590 0.2401 0.4522
vn -0.7034 0.2307 0.6723
vn -0.5473 0.2171 0.8082
vn -0.3829 0.2117 0.8992
vn -0.1553 0.2163 0.9639
vn 0.1252 0.2211 0.9672
vn 0.3922 0.2200 0.8932
vn 0.5937 0.2189 0.7744
vn 0.7347 0.2261 0.6396
vn 0.8513 0.2309 0.4711
vn 0.9425 0.2302 0.2422
vn 0.9367 0.3501 -0.0069
vn 0.9084 0.3497 -0.2290
vn 0.8303 0.3507 -0.4332
vn 0.6957 0.3534 -0.6254
vn 0.5121 0.3536 -0.7828
vn 0.3040 0.3470 -0.8872
vn 0.1109 0.3373 -0.9348
vn -0.0759 0.3327 -0.9400
vn -0.2882 0.3344 -0.8973
vn -0.5290 0.3385 -0.7782
vn -0.7331 0.3363 -0.5911
vn -0.8517 0.3328 -0.4048
vn -0.9101 0.3384 -0.2393
vn -0.9343 0.3533 -0.0476
vn -0.9122 0.3687 0.1788
vn -0.8185 0.3759 0.4345
vn -0.6734 0.3712 0.6393
vn -0.5277 0.3594 0.7696
vn -0.3688 0.3516 0.8605
vn -0.1472 0.3507 0.9249
vn 0.1217 0.3517 0.9282
vn 0.3781 0.3497 0.8572
vn 0.5728 0.3491 0.7417
vn 0.7077 0.3521 0.6126
vn 0.8173 0.3527 0.4556
vn 0.9055 0.3516 0.2375
vn 0.8978 0.4404 -0.0021
vn 0.8717 0.4398 -0.2160
vn 0.7973 0.4407 -0.4124
vn 0.6687 0.4422 -0.5977
vn 0.4936 0.4419 -0.7491
vn 0.2972 0.4403 -0.8472
vn 0.1097 0.4382 -0.8921
vn -0.0688 0.4391 -0.8958
vn -0.2733 0.4432 -0.8537
vn -0.5039 0.4454 -0.7401
vn -0.6994 0.4396 -0.5636
vn -0.8162 0.4326 -0.3831
vn -0.8734 0.4354 -0.2182
vn -0.8947 0.4456 -0.0319
vn -0.8683 0.4602 0.1850
vn -0.7757 0.4704 0.4207
vn -0.6416 0.4676 0.6081
vn -0.5078 0.4586 0.7292
vn -0.3560 0.4525 0.8176
vn -0.1426 0.4506 0.8813
vn 0.1167 0.4485 0.8862
vn 0.3633 0.4448 0.8187
vn 0.5511 0.4424 0.7075
vn 0.6777 0.4413 0.5883
vn 0.7817 0.4405 0.4415
vn 0.8667 0.4408 0.2336
vn 0.8610 0.5086 0.0026
vn 0.8359 0.5099 -0.2034
vn 0.7640 0.5130 -0.3913
vn 0.6414 0.5154 -0.5683
vn 0.4739 0.5150 -0.7143
vn 0.2845 0.5142 -0.8091
vn 0.1042 0.5152 -0.8507
vn -0.0658 0.5195 -0.8519
vn -0.2583 0.5255 -0.8106
vn -0.4765 0.5273 -0.7035
vn -0.6637 0.5199 -0.5378
vn -0.7795 0.5103 -0.3634
vn -0.8373 0.5091 -0.1992
vn -0.8563 0.5161 -0.0188
vn -0.8283 0.5257 0.1937
vn -0.7403 0.5305 0.4128
vn -0.6152 0.5276 0.5858
vn -0.4909 0.5228 0.6969
vn -0.3461 0.5201 0.7809
vn -0.1416 0.5188 0.8431
vn 0.1102 0.5165 0.8491
vn 0.3501 0.5119 0.7845
vn 0.5306 0.5074 0.6790
vn 0.6499 0.5038 0.5691
vn 0.7492 0.5039 0.4299
vn 0.8308 0.5069 0.2301
vn 0.8355 0.5495 0.0058
vn 0.8100 0.5528 -0.1958
vn 0.7390 0.5585 -0.3769
vn 0.6214 0.5627 -0.5451
vn 0.4603 0.5634 -0.6861
vn 0.2753 0.5626 -0.7796
vn 0.0992 0.5631 -0.8204
vn -0.0646 0.5670 -0.8212
vn -0.2476 0.5728 -0.7814
vn -0.4557 0.5748 -0.6796
vn -0.6370 0.5677 -0.5215
vn -0.7525 0.5576 -0.3505
vn -0.8118 0.5536 -0.1858
vn -0.8315 0.5555 -0.0066
vn -0.8041 0.5593 0.2015
vn -0.7189 0.5594 0.4127
vn -0.5997 0.5548 0.5767
vn -0.4811 0.5511 0.6818
vn -0.3426 0.5509 0.7610
vn -0.1427 0.5523 0.8213
vn 0.1058 0.5517 0.8273
vn 0.3428 0.5471 0.7637
vn 0.5173 0.5412 0.6630
vn 0.6315 0.5375 0.5588
vn 0.7275 0.5399 0.4234
vn 0.8064 0.5456 0.2282
vn 0.8187 0.5742 0.0072
vn 0.7924 0.5789 -0.1925
vn 0.7217 0.5855 -0.3692
vn 0.6080 0.5912 -0.5300
vn 0.4513 0.5938 -0.6662
vn 0.2686 0.5941 -0.7582
vn 0.0951 0.5949 -0.7982
vn -0.0639 0.5985 -0.7986
vn -0.2394 0.6044 -0.7599
vn -0.4392 0.6072 -0.6621
vn -0.6155 0.6013 -0.5095
vn -0.7304 0.5915 -0.3416
vn -0.7911 0.5851 -0.1780
vn -0.8129 0.5824 -0.0007
vn -0.7880 0.5804 0.2055
vn -0.7055 0.5754 0.4136
vn -0.5899 0.5684 0.5735
vn -0.4749 0.5646 0.6750
vn -0.3408 0.5657 0.7509
vn -0.1437 0.5690 0.8097
vn 0.1038 0.5697 0.8153
vn 0.3392 0.5650 0.7522
vn 0.5091 0.5586 0.6549
vn 0.6206 0.5559 0.5530
vn 0.7144 0.5604 0.4190
vn 0.7909 0.5685 0.2266
vn 0.8129 0.5824 0.0075
vn 0.7857 0.5877 -0.1931
vn 0.7147 0.5945 -0.3684
vn 0.6030 0.6010 -0.5247
vn 0.4480 0.6053 -0.6579
vn 0.2652 0.6069 -0.7493
vn 0.0922 0.6078 -0.7887
vn -0.0644 0.6114 -0.7887
vn -0.2356 0.6175 -0.7505
vn -0.4305 0.6212 -0.6548
vn -0.6040 0.6165 -0.5051
vn -0.7188 0.6070 -0.3389
vn -0.7807 0.5994 -0.1769
vn -0.8046 0.5938 -0.0010
vn -0.7820 0.5882 0.2061
vn -0.7010 0.5796 0.4155
vn -0.5865 0.5702 0.5753
vn -0.4729 0.5656 0.6756
vn -0.3410 0.5671 0.7498
vn -0.1448 0.5716 0.8077
vn 0.1038 0.5731 0.8129
vn 0.3393 0.5680 0.7498
vn 0.5068 0.5613 0.6542
vn 0.6180 0.5597 0.5521
vn 0.7111 0.5658 0.4174
vn 0.7860 0.5754 0.2260
vn 0.8138 0.5811 0.0071
vn 0.7858 0.5868 -0.1954
vn 0.7142 0.5933 -0.3714
vn 0.6030 0.6000 -0.5256
vn 0.4482 0.6055 -0.6576
vn 0.2639 0.6079 -0.7489
vn 0.0899 0.6091 -0.7880
vn -0.0658 0.6125 -0.7877
vn -0.2351 0.6186 -0.7497
vn -0.4278 0.6228 -0.6550
vn -0.6005 0.6190 -0.5062
vn -0.7153 0.6102 -0.3406
vn -0.7778 0.6021 -0.1801
vn -0.8033 0.5956 -0.0051
vn -0.7824 0.5884 0.2042
vn -0.7016 0.5777 0.4171
vn -0.5863 0.5668 0.5788
vn -0.4730 0.5614 0.6791
vn -0.3420 0.5626 0.7527
vn -0.1455 0.5673 0.8105
vn 0.1050 0.5690 0.8156
vn 0.3412 0.5637 0.7523
vn 0.5078 0.5571 0.6570
vn 0.6198 0.5563 0.5535
vn 0.7134 0.5630 0.4173
vn 0.7875 0.5734 0.2260
vn 0.8128 0.5825 0.0066
vn 0.7843 0.5883 -0.1971
vn 0.7123 0.5944 -0.3734
vn 0.6016 0.6009 -0.5262
vn 0.4469 0.6070 -0.6572
vn 0.2620 0.6095 -0.7482
vn 0.0873 0.6106 -0.7871
vn -0.0673 0.6140 -0.7864
vn -0.2350 0.6200 -0.7486
vn -0.4258 0.6246 -0.6546
vn -0.5975 0.6215 -0.5067
vn -0.7119 0.6132 -0.3423
vn -0.7743 0.6054 -0.1842
vn -0.8005 0.5992 -0.0108
vn -0.7808 0.5921 0.1997
vn -0.7001 0.5807 0.4155
vn -0.5842 0.5687 0.5791
vn -0.4714 0.5625 0.6793
vn -0.3412 0.5633 0.7525
vn -0.1452 0.5681 0.8101
vn 0.1057 0.5696 0.8151
vn 0.3415 0.5640 0.7518
vn 0.5073 0.5576 0.6570
vn 0.6200 0.5573 0.5523
vn 0.7137 0.5641 0.4153
vn 0.7870 0.5745 0.2248
vn 0.8139 0.5810 0.0060
vn 0.7850 0.5868 -0.1988
vn 0.7125 0.5924 -0.3760
vn 0.6018 0.5988 -0.5285
vn 0.4466 0.6050 -0.6592
vn 0.2608 0.6079 -0.7499
vn 0.0849 0.6088 -0.7888
vn -0.0690 0.6117 -0.7881
vn -0.2360 0.6177 -0.7502
vn -0.4260 0.6224 -0.6566
vn -0.5974 0.6197 -0.5090
vn -0.7118 0.6118 -0.3451
vn -0.7739 0.6045 -0.1889
vn -0.8004 0.5992 -0.0168
vn -0.7813 0.5928 0.1954
vn -0.7003 0.5814 0.4142
vn -0.5835 0.5687 0.5798
vn -0.4709 0.5619 0.6801
vn -0.3410 0.5623 0.7533
vn -0.1450 0.5669 0.8109
vn 0.1066 0.5682 0.8159
vn 0.3423 0.5623 0.7527
vn 0.5080 0.5560 0.6579
vn 0.6215 0.5559 0.5520
vn 0.7156 0.5626 0.4140
vn 0.7884 0.5729 0.2241
vn 0.8242 0.5663 0.0058
vn 0.7947 0.5723 -0.2023
vn 0.7211 0.5778 -0.3823
vn 0.6088 0.5842 -0.5367
vn 0.4514 0.5907 -0.6689
vn 0.2624 0.5937 -0.7607
vn 0.0841 0.5943 -0.7998
vn -0.0714 0.5970 -0.7991
vn -0.2399 0.6030 -0.7608
vn -0.4317 0.6079 -0.6664
vn -0.6051 0.6053 -0.5171
vn -0.7207 0.5975 -0.3517
vn -0.7831 0.5905 -0.1951
vn -0.8101 0.5859 -0.0219
vn -0.7910 0.5802 0.1939
vn -0.7085 0.5689 0.4176
vn -0.5896 0.5554 0.5864
vn -0.4758 0.5479 0.6880
vn -0.3449 0.5480 0.7620
vn -0.1466 0.5524 0.8206
vn 0.1084 0.5535 0.8258
vn 0.3467 0.5473 0.7618
vn 0.5142 0.5410 0.6655
vn 0.6296 0.5410 0.5576
vn 0.7251 0.5476 0.4176
vn 0.7985 0.5580 0.2260
vn 0.8405 0.5418 0.0058
vn 0.8105 0.5481 -0.2066
vn 0.7352 0.5539 -0.3907
vn 0.6206 0.5605 -0.5484
vn 0.4597 0.5672 -0.6833
vn 0.2665 0.5704 -0.7769
vn 0.0846 0.5711 -0.8165
vn -0.0739 0.5738 -0.8157
vn -0.2455 0.5797 -0.7770
vn -0.4409 0.5845 -0.6811
vn -0.6178 0.5819 -0.5288
vn -0.7353 0.5741 -0.3602
vn -0.7985 0.5673 -0.2014
vn -0.8261 0.5630 -0.0253
vn -0.8069 0.5575 0.1954
vn -0.7222 0.5459 0.4248
vn -0.6002 0.5320 0.5973
vn -0.4843 0.5240 0.7006
vn -0.3513 0.5237 0.7761
vn -0.1493 0.5276 0.8363
vn 0.1108 0.5283 0.8418
vn 0.3534 0.5220 0.7763
vn 0.5240 0.5159 0.6777
vn 0.6417 0.5161 0.5673
vn 0.7393 0.5226 0.4246
vn 0.8142 0.5331 0.2300
vn 0.5564 0.8309 0.0055
vn 0.5347 0.8342 -0.1350
vn 0.4835 0.8371 -0.2557
vn 0.4086 0.8388 -0.3597
vn 0.3040 0.8394 -0.4506
vn 0.1754 0.8413 -0.5113
vn 0.0551 0.8446 -0.5326
vn -0.0479 0.8460 -0.5310
vn -0.1603 0.8452 -0.5098
vn -0.2911 0.8443 -0.4500
vn -0.4080 0.8441 -0.3480
vn -0.4812 0.8446 -0.2347
vn -0.5201 0.8440 -0.1310
vn -0.5424 0.8400 -0.0167
vn -0.5349 0.8348 0.1305
vn -0.4784 0.8309 0.2841
vn -0.3933 0.8307 0.3941
vn -0.3153 0.8315 0.4575
vn -0.2310 0.8283 0.5105
vn -0.0996 0.8246 0.5569
vn 0.0748 0.8230 0.5631
vn 0.2358 0.8239 0.5154
vn 0.3450 0.8262 0.4454
vn 0.4213 0.8267 0.3730
vn 0.4874 0.8266 0.2813
vn 0.5399 0.8274 0.1544
vn 0.0003 -1.0000 -0.0002
vn 0.0005 1.0000 -0.0001
s 1
usemtl plaster_gourd
f 1//1 28//28 27//27
f 3//3 28//28 2//2
f 4//4 29//29 3//3
f 4//4 31//31 30//30
f 5//5 32//32 31//31
f 6//6 33//33 32//32
f 8//8 33//33 7//7
f 9//9 34//34 8//8
f 10//10 35//35 9//9
f 10//10 37//37 36//36
f 11//11 38//38 37//37
f 12//12 39//39 38//38
f 14//14 39//39 13//13
f 15//15 40//40 14//14
f 15//15 42//42 41//41
f 16//16 43//43 42//42
f 17//17 44//44 43//43
f 19//19 44//44 18//18
f 20//20 45//45 19//19
f 21//21 46//46 20//20
f 21//21 48//48 47//47
f 22//22 49//49 48//48
f 23//23 50//50 49//49
f 25//25 50//50 24//24
f 26//26 51//51 25//25
f 26//26 27//27 52//52
f 27//27 54//54 53//53
f 29//29 54//54 28//28
f 30//30 55//55 29//29
f 30//30 57//57 56//56
f 31//31 58//58 57//57
f 32//32 59//59 58//58
f 34//34 59//59 33//33
f 35//35 60//60 34//34
f 36//36 61//61 35//35
f 36//36 63//63 62//62
f 37//37 64//64 63//63
f 38//38 65//65 64//64
f 40//40 65//65 39//39
f 41//41 66//66 40//40
f 41//41 68//68 67//67
f 42//42 69//69 68//68
f 43//43 70//70 69//69
f 45//45 70//70 44//44
f 46//46 71//71 45//45
f 47//47 72//72 46//46
f 47//47 74//74 73//73
f 48//48 75//75 74//74
f 49//49 76//76 75//75
f 51//51 76//76 50//50
f 52//52 77//77 51//51
f 52//52 53//53 78//78
f 53//53 80//80 79//79
f 55//55 80//80 54//54
f 56//56 81//81 55//55
f 56//56 83//83 82//82
f 57//57 84//84 83//83
f 58//58 85//85 84//84
f 60//60 85//85 59//59
f 61//61 86//86 60//60
f 62//62 87//87 61//61
f 62//62 89//89 88//88
f 63//63 90//90 89//89
f 64//64 91//91 90//90
f 66//66 91//91 65//65
f 67//67 92//92 66//66
f 67//67 94//94 93//93
f 68//68 95//95 94//94
f 69//69 96//96 95//95
f 71//71 96//96 70//70
f 72//72 97//97 71//71
f 73//73 98//98 72//72
f 73//73 100//100 99//99
f 74//74 101//101 100//100
f 75//75 102//102 101//101
f 77//77 102//102 76//76
f 78//78 103//103 77//77
f 78//78 79//79 104//104
f 79//79 106//106 105//105
f 81//81 106//106 80//80
f 82//82 107//107 81//81
f 82//82 109//109 108//108
f 83//83 110//110 109//109
f 84//84 111//111 110//110
f 86//86 111//111 85//85
f 87//87 112//112 86//86
f 88//88 113//113 87//87
f 88//88 115//115 114//114
f 89//89 116//116 115//115
f 90//90 117//117 116//116
f 92//92 117//117 91//91
f 93//93 118//118 92//92
f 93//93 120//120 119//119
f 94//94 121//121 120//120
f 95//95 122//122 121//121
f 97//97 122//122 96//96
f 98//98 123//123 97//97
f 99//99 124//124 98//98
f 99//99 126//126 125//125
f 100//100 127//127 126//126
f 101//101 128//128 127//127
f 103//103 128//128 102//102
f 104//104 129//129 103//103
f 104//104 105//105 130//130
f 105//105 132//132 131//131
f 107//107 132//132 106//106
f 108//108 133//133 107//107
f 108//108 135//135 134//134
f 109//109 136//136 135//135
f 110//110 137//137 136//136
f 112//112 137//137 111//111
f 113//113 138//138 112//112
f 114//114 139//139 113//113
f 114//114 141//141 140//140
f 115//115 142//142 141//141
f 116//116 143//143 142//142
f 118//118 143//143 117//117
f 119//119 144//144 118//118
f 119//119 146//146 145//145
f 120//120 147//147 146//146
f 121//121 148//148 147//147
f 123//123 148//148 122//122
f 124//124 149//149 123//123
f 125//125 150//150 124//124
f 125//125 152//152 151//151
f 126//126 153//153 152//152
f 127//127 154//154 153//153
f 129//129 154//154 128//128
f 130//130 155//155 129//129
f 130//130 131//131 156//156
f 131//131 158//158 157//157
f 133//133 158//158 132//132
f 134//134 159//159 133//133
f 134//134 161//161 160//160
f 135//135 162//162 161//161
f 136//136 163//163 162//162
f 137//137 164//164 163//163
f 139//139 164//164 138//138
f 140//140 165//165 139//139
f 140//140 167//167 166//166
f 141//141 168//168 167//167
f 142//142 169//169 168//168
f 144//144 169//169 143//143
f 145//145 170//170 144//144
f 145//145 172//172 171//171
f 146//146 173//173 172//172
f 147//147 174//174 173//173
f 149//149 174//174 148//148
f 150//150 175//175 149//149
f 151//151 176//176 150//150
f 151//151 178//178 177//177
f 152//152 179//179 178//178
f 153//153 180//180 179//179
f 155//155 180//180 154//154
f 156//156 181//181 155//155
f 156//156 157//157 182//182
f 157//157 184//184 183//183
f 158//158 185//185 184//184
f 160//160 185//185 159//159
f 160//160 187//187 186//186
f 161//161 188//188 187//187
f 162//162 189//189 188//188
f 163//163 190//190 189//189
f 165//165 190//190 164//164
f 166//166 191//191 165//165
f 166//166 193//193 192//192
f 167//167 194//194 193//193
f 168//168 195//195 194//194
f 170//170 195//195 169//169
f 171//171 196//196 170//170
f 172//172 197//197 171//171
f 172//172 199//199 198//198
f 173//173 200//200 199//199
f 175//175 200//200 174//174
f 176//176 201//201 175//175
f 177//177 202//202 176//176
f 177//177 204//204 203//203
f 178//178 205//205 204//204
f 179//179 206//206 205//205
f 181//181 206//206 180//180
f 182//182 207//207 181//181
f 182//182 183//183 208//208
f 183//183 210//210 209//209
f 184//184 211//211 210//210
f 185//185 212//212 211//211
f 186//186 213//213 212//212
f 187//187 214//214 213//213
f 188//188 215//215 214//214
f 189//189 216//216 215//215
f 191//191 216//216 190//190
f 192//192 217//217 191//191
f 192//192 219//219 218//218
f 193//193 220//220 219//219
f 195//195 220//220 194//194
f 196//196 221//221 195//195
f 197//197 222//222 196//196
f 198//198 223//223 197//197
f 198//198 225//225 224//224
f 199//199 226//226 225//225
f 201//201 226//226 200//200
f 202//202 227//227 201//201
f 203//203 228//228 202//202
f 203//203 230//230 229//229
f 204//204 231//231 230//230
f 205//205 232//232 231//231
f 207//207 232//232 206//206
f 207//207 234//234 233//233
f 208//208 209//209 234//234
f 209//209 236//236 235//235
f 210//210 237//237 236//236
f 211//211 238//238 237//237
f 212//212 239//239 238//238
f 213//213 240//240 239//239
f 214//214 241//241 240//240
f 215//215 242//242 241//241
f 217//217 242//242 216//216
f 218//218 243//243 217//217
f 219//219 244//244 218//218
f 220//220 245//245 219//219
f 221//221 246//246 220//220
f 222//222 247//247 221//221
f 223//223 248//248 222//222
f 224//224 249//249 223//223
f 225//225 250//250 224//224
f 226//226 251//251 225//225
f 227//227 252//252 226//226
f 228//228 253//253 227//227
f 229//229 254//254 228//228
f 229//229 256//256 255//255
f 230//230 257//257 256//256
f 231//231 258//258 257//257
f 232//232 259//259 258//258
f 233//233 260//260 259//259
f 234//234 235//235 260//260
f 235//235 262//262 261//261
f 236//236 263//263 262//262
f 237//237 264//264 263//263
f 238//238 265//265 264//264
f 239//239 266//266 265//265
f 240//240 267//267 266//266
f 241//241 268//268 267//267
f 242//242 269//269 268//268
f 243//243 270//270 269//269
f 245//245 270//270 244//244
f 246//246 271//271 245//245
f 247//247 272//272 246//246
f 248//248 273//273 247//247
f 249//249 274//274 248//248
f 250//250 275//275 249//249
f 251//251 276//276 250//250
f 252//252 277//277 251//251
f 253//253 278//278 252//252
f 254//254 279//279 253//253
f 255//255 280//280 254//254
f 256//256 281//281 255//255
f 257//257 282//282 256//256
f 257//257 284//284 283//283
f 258//258 285//285 284//284
f 259//259 286//286 285//285
f 260//260 261//261 286//286
f 261//261 288//288 287//287
f 262//262 289//289 288//288
f 263//263 290//290 289//289
f 264//264 291//291 290//290
f 265//265 292//292 291//291
f 267//267 292//292 266//266
f 267//267 294//294 293//293
f 268//268 295//295 294//294
f 269//269 296//296 295//295
f 271//271 296//296 270//270
f 272//272 297//297 271//271
f 273//273 298//298 272//272
f 274//274 299//299 273//273
f 274//274 301//301 300//300
f 276//276 301//301 275//275
f 277//277 302//302 276//276
f 278//278 303//303 277//277
f 279//279 304//304 278//278
f 279//279 306//306 305//305
f 280//280 307//307 306//306
f 282//282 307//307 281//281
f 283//283 308//308 282//282
f 284//284 309//309 283//283
f 284//284 311//311 310//310
f 285//285 312//312 311//311
f 286//286 287//287 312//312
f 287//287 314//314 313//313
f 288//288 315//315 314//314
f 289//289 316//316 315//315
f 290//290 317//317 316//316
f 291//291 318//318 317//317
f 292//292 319//319 318//318
f 293//293 320//320 319//319
f 294//294 321//321 320//320
f 295//295 322//322 321//321
f 297//297 322//322 296//296
f 298//298 323//323 297//297
f 299//299 324//324 298//298
f 300//300 325//325 299//299
f 300//300 327//327 326//326
f 302//302 327//327 301//301
f 303//303 328//328 302//302
f 304//304 329//329 303//303
f 305//305 330//330 304//304
f 305//305 332//332 331//331
f 306//306 333//333 332//332
f 308//308 333//333 307//307
f 309//309 334//334 308//308
f 310//310 335//335 309//309
f 310//310 337//337 336//336
f 311//311 338//338 337//337
f 312//312 313//313 338//338
f 313//313 340//340 339//339
f 314//314 341//341 340//340
f 315//315 342//342 341//341
f 316//316 343//343 342//342
f 317//317 344//344 343//343
f 318//318 345//345 344//344
f 319//319 346//346 345//345
f 320//320 347//347 346//346
f 321//321 348//348 347//347
f 323//323 348//348 322//322
f 324//324 349//349 323//323
f 325//325 350//350 324//324
f 326//326 351//351 325//325
f 327//327 352//352 326//326
f 328//328 353//353 327//327
f 329//329 354//354 328//328
f 330//330 355//355 329//329
f 330//330 357//357 356//356
f 331//331 358//358 357//357
f 332//332 359//359 358//358
f 334//334 359//359 333//333
f 335//335 360//360 334//334
f 336//336 361//361 335//335
f 336//336 363//363 362//362
f 337//337 364//364 363//363
f 338//338 339//339 364//364
f 339//339 366//366 365//365
f 340//340 367//367 366//366
f 341//341 368//368 367//367
f 342//342 369//369 368//368
f 343//343 370//370 369//369
f 344//344 371//371 370//370
f 345//345 372//372 371//371
f 346//346 373//373 372//372
f 347//347 374//374 373//373
f 349//349 374//374 348//348
f 350//350 375//375 349//349
f 351//351 376//376 350//350
f 352//352 377//377 351//351
f 353//353 378//378 352//352
f 354//354 379//379 353//353
f 355//355 380//380 354//354
f 356//356 381//381 355//355
f 356//356 383//383 382//382
f 357//357 384//384 383//383
f 358//358 385//385 384//384
f 360//360 385//385 359//359
f 361//361 386//386 360//360
f 362//362 387//387 361//361
f 362//362 389//389 388//388
f 363//363 390//390 389//389
f 364//364 365//365 390//390
f 365//365 392//392 391//391
f 366//366 393//393 392//392
f 367//367 394//394 393//393
f 368//368 395//395 394//394
f 369//369 396//396 395//395
f 370//370 397//397 396//396
f 371//371 398//398 397//397
f 372//372 399//399 398//398
f 373//373 400//400 399//399
f 375//375 400//400 374//374
f 376//376 401//401 375//375
f 377//377 402//402 376//376
f 378//378 403//403 377//377
f 379//379 404//404 378//378
f 380//380 405//405 379//379
f 381//381 406//406 380//380
f 382//382 407//407 381//381
f 382//382 409//409 408//408
f 383//383 410//410 409//409
f 384//384 411//411 410//410
f 386//386 411//411 385//385
f 387//387 412//412 386//386
f 388//388 413//413 387//387
f 388//388 415//415 414//414
f 389//389 416//416 415//415
f 390//390 391//391 416//416
f 391//391 418//418 417//417
f 392//392 419//419 418//418
f 393//393 420//420 419//419
f 394//394 421//421 420//420
f 395//395 422//422 421//421
f 396//396 423//423 422//422
f 397//397 424//424 423//423
f 398//398 425//425 424//424
f 399//399 426//426 425//425
f 401//401 426//426 400//400
f 402//402 427//427 401//401
f 403//403 428//428 402//402
f 404//404 429//429 403//403
f 405//405 430//430 404//404
f 406//406 431//431 405//405
f 407//407 432//432 406//406
f 408//408 433//433 407//407
f 408//408 435//435 434//434
f 409//409 436//436 435//435
f 410//410 437//437 436//436
f 412//412 437//437 411//411
f 413//413 438//438 412//412
f 414//414 439//439 413//413
f 414//414 441//441 440//440
f 415//415 442//442 441//441
f 416//416 417//417 442//442
f 417//417 444//444 443//443
f 418//418 445//445 444//444
f 419//419 446//446 445//445
f 420//420 447//447 446//446
f 421//421 448//448 447//447
f 422//422 449//449 448//448
f 423//423 450//450 449//449
f 424//424 451//451 450//450
f 425//425 452//452 451//451
f 427//427 452//452 426//426
f 428//428 453//453 427//427
f 429//429 454//454 428//428
f 430//430 455//455 429//429
f 431//431 456//456 430//430
f 432//432 457//457 431//431
f 433//433 458//458 432//432
f 434//434 459//459 433//433
f 434//434 461//461 460//460
f 435//435 462//462 461//461
f 436//436 463//463 462//462
f 438//438 463//463 437//437
f 439//439 464//464 438//438
f 440//440 465//465 439//439
f 440//440 467//467 466//466
f 441//441 468//468 467//467
f 442//442 443//443 468//468
f 443//443 470//470 469//469
f 444//444 471//471 470//470
f 445//445 472//472 471//471
f 446//446 473//473 472//472
f 447//447 474//474 473//473
f 448//448 475//475 474//474
f 449//449 476//476 475//475
f 450//450 477//477 476//476
f 451//451 478//478 477//477
f 453//453 478//478 452//452
f 454//454 479//479 453//453
f 455//455 480//480 454//454
f 456//456 481//481 455//455
f 457//457 482//482 456//456
f 458//458 483//483 457//457
f 459//459 484//484 458//458
f 460//460 485//485 459//459
f 460//460 487//487 486//486
f 461//461 488//488 487//487
f 462//462 489//489 488//488
f 464//464 489//489 463//463
f 465//465 490//490 464//464
f 466//466 491//491 465//465
f 466//466 493//493 492//492
f 467//467 494//494 493//493
f 468//468 469//469 494//494
f 469//469 496//496 495//495
f 470//470 497//497 496//496
f 471//471 498//498 497//497
f 472//472 499//499 498//498
f 473//473 500//500 499//499
f 475//475 500//500 474//474
f 475//475 502//502 501//501
f 476//476 503//503 502//502
f 477//477 504//504 503//503
f 479//479 504//504 478//478
f 480//480 505//505 479//479
f 481//481 506//506 480//480
f 482//482 507//507 481//481
f 483//483 508//508 482//482
f 484//484 509//509 483//483
f 485//485 510//510 484//484
f 486//486 511//511 485//485
f 487//487 512//512 486//486
f 487//487 514//514 513//513
f 488//488 515//515 514//514
f 490//490 515//515 489//489
f 491//491 516//516 490//490
f 492//492 517//517 491//491
f 492//492 519//519 518//518
f 493//493 520//520 519//519
f 494//494 495//495 520//520
f 495//495 522//522 521//521
f 496//496 523//523 522//522
f 497//497 524//524 523//523
f 498//498 525//525 524//524
f 499//499 526//526 525//525
f 501//501 526//526 500//500
f 501//501 528//528 527//527
f 502//502 529//529 528//528
f 503//503 530//530 529//529
f 505//505 530//530 504//504
f 506//506 531//531 505//505
f 507//507 532//532 506//506
f 508//508 533//533 507//507
f 509//509 534//534 508//508
f 510//510 535//535 509//509
f 511//511 536//536 510//510
f 512//512 537//537 511//511
f 513//513 538//538 512//512
f 513//513 540//540 539//539
f 514//514 541//541 540//540
f 516//516 541//541 515//515
f 517//517 542//542 516//516
f 518//518 543//543 517//517
f 518//518 545//545 544//544
f 519//519 546//546 545//545
f 520//520 521//521 546//546
f 521//521 548//548 547//547
f 522//522 549//549 548//548
f 523//523 550//550 549//549
f 524//524 551//551 550//550
f 525//525 552//552 551//551
f 527//527 552//552 526//526
f 527//527 554//554 553//553
f 528//528 555//555 554//554
f 529//529 556//556 555//555
f 531//531 556//556 530//530
f 532//532 557//557 531//531
f 533//533 558//558 532//532
f 534//534 559//559 533//533
f 535//535 560//560 534//534
f 536//536 561//561 535//535
f 537//537 562//562 536//536
f 538//538 563//563 537//537
f 539//539 564//564 538//538
f 539//539 566//566 565//565
f 540//540 567//567 566//566
f 542//542 567//567 541//541
f 543//543 568//568 542//542
f 544//544 569//569 543//543
f 544//544 571//571 570//570
f 545//545 572//572 571//571
f 546//546 547//547 572//572
f 547//547 574//574 573//573
f 548//548 575//575 574//574
f 549//549 576//576 575//575
f 550//550 577//577 576//576
f 551//551 578//578 577//577
f 553//553 578//578 552//552
f 553//553 580//580 579//579
f 554//554 581//581 580//580
f 555//555 582//582 581//581
f 557//557 582//582 556//556
f 558//558 583//583 557//557
f 559//559 584//584 558//558
f 560//560 585//585 559//559
f 561//561 586//586 560//560
f 562//562 587//587 561//561
f 563//563 588//588 562//562
f 564//564 589//589 563//563
f 565//565 590//590 564//564
f 565//565 592//592 591//591
f 566//566 593//593 592//592
f 568//568 593//593 567//567
f 569//569 594//594 568//568
f 569//569 596//596 595//595
f 570//570 597//597 596//596
f 571//571 598//598 597//597
f 572//572 573//573 598//598
f 599//599 2//2 1//1
f 599//599 3//3 2//2
f 599//599 4//4 3//3
f 599//599 5//5 4//4
f 599//599 6//6 5//5
f 599//599 7//7 6//6
f 599//599 8//8 7//7
f 599//599 9//9 8//8
f 599//599 10//10 9//9
f 599//599 11//11 10//10
f 599//599 12//12 11//11
f 599//599 13//13 12//12
f 599//599 14//14 13//13
f 599//599 15//15 14//14
f 599//599 16//16 15//15
f 599//599 17//17 16//16
f 599//599 18//18 17//17
f 599//599 19//19 18//18
f 599//599 20//20 19//19
f 599//599 21//21 20//20
f 599//599 22//22 21//21
f 599//599 23//23 22//22
f 599//599 24//24 23//23
f 599//599 25//25 24//24
f 599//599 26//26 25//25
f 599//599 1//1 26//26
f 600//600 573//573 574//574
f 600//600 574//574 575//575
f 600//600 575//575 576//576
f 600//600 576//576 577//577
f 600//600 577//577 578//578
f 600//600 578//578 579//579
f 600//600 579//579 580//580
f 600//600 580//580 581//581
f 600//600 581//581 582//582
f 600//600 582//582 583//583
f 600//600 583//583 584//584
f 600//600 584//584 585//585
f 600//600 585//585 586//586
f 600//600 586//586 587//587
f 600//600 587//587 588//588
f 600//600 588//588 589//589
f 600//600 589//589 590//590
f 600//600 590//590 591//591
f 600//600 591//591 592//592
f 600//600 592//592 593//593
f 600//600 593//593 594//594
f 600//600 594//594 595//595
f 600//600 595//595 596//596
f 600//600 596//596 597//597
f 600//600 597//597 598//598
f 600//600 598//598 573//573
f 1//1 2//2 28//28
f 3//3 29//29 28//28
f 4//4 30//30 29//29
f 4//4 5//5 31//31
f 5//5 6//6 32//32
f 6//6 7//7 33//33
f 8//8 34//34 33//33
f 9//9 35//35 34//34
f 10//10 36//36 35//35
f 10//10 11//11 37//37
f 11//11 12//12 38//38
f 12//12 13//13 39//39
f 14//14 40//40 39//39
f 15//15 41//41 40//40
f 15//15 16//16 42//42
f 16//16 17//17 43//43
f 17//17 18//18 44//44
f 19//19 45//45 44//44
f 20//20 46//46 45//45
f 21//21 47//47 46//46
f 21//21 22//22 48//48
f 22//22 23//23 49//49
f 23//23 24//24 50//50
f 25//25 51//51 50//50
f 26//26 52//52 51//51
f 26//26 1//1 27//27
f 27//27 28//28 54//54
f 29//29 55//55 54//54
f 30//30 56//56 55//55
f 30//30 31//31 57//57
f 31//31 32//32 58//58
f 32//32 33//33 59//59
f 34//34 60//60 59//59
f 35//35 61//61 60//60
f 36//36 62//62 61//61
f 36//36 37//37 63//63
f 37//37 38//38 64//64
f 38//38 39//39 65//65
f 40//40 66//66 65//65
f 41//41 67//67 66//66
f 41//41 42//42 68//68
f 42//42 43//43 69//69
f 43//43 44//44 70//70
f 45//45 71//71 70//70
f 46//46 72//72 71//71
f 47//47 73//73 72//72
f 47//47 48//48 74//74
f 48//48 49//49 75//75
f 49//49 50//50 76//76
f 51//51 77//77 76//76
f 52//52 78//78 77//77
f 52//52 27//27 53//53
f 53//53 54//54 80//80
f 55//55 81//81 80//80
f 56//56 82//82 81//81
f 56//56 57//57 83//83
f 57//57 58//58 84//84
f 58//58 59//59 85//85
f 60//60 86//86 85//85
f 61//61 87//87 86//86
f 62//62 88//88 87//87
f 62//62 63//63 89//89
f 63//63 64//64 90//90
f 64//64 65//65 91//91
f 66//66 92//92 91//91
f 67//67 93//93 92//92
f 67//67 68//68 94//94
f 68//68 69//69 95//95
f 69//69 70//70 96//96
f 71//71 97//97 96//96
f 72//72 98//98 97//97
f 73//73 99//99 98//98
f 73//73 74//74 100//100
f 74//74 75//75 101//101
f 75//75 76//76 102//102
f 77//77 103//103 102//102
f 78//78 104//104 103//103
f 78//78 53//53 79//79
f 79//79 80//80 106//106
f 81//81 107//107 106//106
f 82//82 108//108 107//107
f 82//82 83//83 109//109
f 83//83 84//84 110//110
f 84//84 85//85 111//111
f 86//86 112//112 111//111
f 87//87 113//113 112//112
f 88//88 114//114 113//113
f 88//88 89//89 115//115
f 89//89 90//90 116//116
f 90//90 91//91 117//117
f 92//92 118//118 117//117
f 93//93 119//119 118//118
f 93//93 94//94 120//120
f 94//94 95//95 121//121
f 95//95 96//96 122//122
f 97//97 123//123 122//122
f 98//98 124//124 123//123
f 99//99 125//125 124//124
f 99//99 100//100 126//126
f 100//100 101//101 127//127
f 101//101 102//102 128//128
f 103//103 129//129 128//128
f 104//104 130//130 129//129
f 104//104 79//79 105//105
f 105//105 106//106 132//132
f 107//107 133//133 132//132
f 108//108 134//134 133//133
f 108//108 109//109 135//135
f 109//109 110//110 136//136
f 110//110 111//111 137//137
f 112//112 138//138 137//137
f 113//113 139//139 138//138
f 114//114 140//140 139//139
f 114//114 115//115 141//141
f 115//115 116//116 142//142
f 116//116 117//117 143//143
f 118//118 144//144 143//143
f 119//119 145//145 144//144
f 119//119 120//120 146//146
f 120//120 121//121 147//147
f 121//121 122//122 148//148
f 123//123 149//149 148//148
f 124//124 150//150 149//149
f 125//125 151//151 150//150
f 125//125 126//126 152//152
f 126//126 127//127 153//153
f 127//127 128//128 154//154
f 129//129 155//155 154//154
f 130//130 156//156 155//155
f 130//130 105//105 131//131
f 131//131 132//132 158//158
f 133//133 159//159 158//158
f 134//134 160//160 159//159
f 134//134 135//135 161//161
f 135//135 136//136 162//162
f 136//136 137//137 163//163
f 137//137 138//138 164//164
f 139//139 165//165 164//164
f 140//140 166//166 165//165
f 140//140 141//141 167//167
f 141//141 142//142 168//168
f 142//142 143//143 169//169
f 144//144 170//170 169//169
f 145//145 171//171 170//170
f 145//145 146//146 172//172
f 146//146 147//147 173//173
f 147//147 148//148 174//174
f 149//149 175//175 174//174
f 150//150 176//176 175//175
f 151//151 177//177 176//176
f 151//151 152//152 178//178
f 152//152 153//153 179//179
f 153//153 154//154 180//180
f 155//155 181//181 180//180
f 156//156 182//182 181//181
f 156//156 131//131 157//157
f 157//157 158//158 184//184
f 158//158 159//159 185//185
f 160//160 186//186 185//185
f 160//160 161//161 187//187
f 161//161 162//162 188//188
f 162//162 163//163 189//189
f 163//163 164//164 190//190
f 165//165 191//191 190//190
f 166//166 192//192 191//191
f 166//166 167//167 193//193
f 167//167 168//168 194//194
f 168//168 169//169 195//195
f 170//170 196//196 195//195
f 171//171 197//197 196//196
f 172//172 198//198 197//197
f 172//172 173//173 199//199
f 173//173 174//174 200//200
f 175//175 201//201 200//200
f 176//176 202//202 201//201
f 177//177 203//203 202//202
f 177//177 178//178 204//204
f 178//178 179//179 205//205
f 179//179 180//180 206//206
f 181//181 207//207 206//206
f 182//182 208//208 207//207
f 182//182 157//157 183//183
f 183//183 184//184 210//210
f 184//184 185//185 211//211
f 185//185 186//186 212//212
f 186//186 187//187 213//213
f 187//187 188//188 214//214
f 188//188 189//189 215//215
f 189//189 190//190 216//216
f 191//191 217//217 216//216
f 192//192 218//218 217//217
f 192//192 193//193 219//219
f 193//193 194//194 220//220
f 195//195 221//221 220//220
f 196//196 222//222 221//221
f 197//197 223//223 222//222
f 198//198 224//224 223//223
f 198//198 199//199 225//225
f 199//199 200//200 226//226
f 201//201 227//227 226//226
f 202//202 228//228 227//227
f 203//203 229//229 228//228
f 203//203 204//204 230//230
f 204//204 205//205 231//231
f 205//205 206//206 232//232
f 207//207 233//233 232//232
f 207//207 208//208 234//234
f 208//208 183//183 209//209
f 209//209 210//210 236//236
f 210//210 211//211 237//237
f 211//211 212//212 238//238
f 212//212 213//213 239//239
f 213//213 214//214 240//240
f 214//214 215//215 241//241
f 215//215 216//216 242//242
f 217//217 243//243 242//242
f 218//218 244//244 243//243
f 219//219 245//245 244//244
f 220//220 246//246 245//245
f 221//221 247//247 246//246
f 222//222 248//248 247//247
f 223//223 249//249 248//248
f 224//224 250//250 249//249
f 225//225 251//251 250//250
f 226//226 252//252 251//251
f 227//227 253//253 252//252
f 228//228 254//254 253//253
f 229//229 255//255 254//254
f 229//229 230//230 256//256
f 230//230 231//231 257//257
f 231//231 232//232 258//258
f 232//232 233//233 259//259
f 233//233 234//234 260//260
f 234//234 209//209 235//235
f 235//235 236//236 262//262
f 236//236 237//237 263//263
f 237//237 238//238 264//264
f 238//238 239//239 265//265
f 239//239 240//240 266//266
f 240//240 241//241 267//267
f 241//241 242//242 268//268
f 242//242 243//243 269//269
f 243//243 244//244 270//270
f 245//245 271//271 270//270
f 246//246 272//272 271//271
f 247//247 273//273 272//272
f 248//248 274//274 273//273
f 249//249 275//275 274//274
f 250//250 276//276 275//275
f 251//251 277//277 276//276
f 252//252 278//278 277//277
f 253//253 279//279 278//278
f 254//254 280//280 279//279
f 255//255 281//281 280//280
f 256//256 282//282 281//281
f 257//257 283//283 282//282
f 257//257 258//258 284//284
f 258//258 259//259 285//285
f 259//259 260//260 286//286
f 260//260 235//235 261//261
f 261//261 262//262 288//288
f 262//262 263//263 289//289
f 263//263 264//264 290//290
f 264//264 265//265 291//291
f 265//265 266//266 292//292
f 267//267 293//293 292//292
f 267//267 268//268 294//294
f 268//268 269//269 295//295
f 269//269 270//270 296//296
f 271//271 297//297 296//296
f 272//272 298//298 297//297
f 273//273 299//299 298//298
f 274//274 300//300 299//299
f 274//274 275//275 301//301
f 276//276 302//302 301//301
f 277//277 303//303 302//302
f 278//278 304//304 303//303
f 279//279 305//305 304//304
f 279//279 280//280 306//306
f 280//280 281//281 307//307
f 282//282 308//308 307//307
f 283//283 309//309 308//308
f 284//284 310//310 309//309
f 284//284 285//285 311//311
f 285//285 286//286 312//312
f 286//286 261//261 287//287
f 287//287 288//288 314//314
f 288//288 289//289 315//315
f 289//289 290//290 316//316
f 290//290 291//291 317//317
f 291//291 292//292 318//318
f 292//292 293//293 319//319
f 293//293 294//294 320//320
f 294//294 295//295 321//321
f 295//295 296//296 322//322
f 297//297 323//323 322//322
f 298//298 324//324 323//323
f 299//299 325//325 324//324
f 300//300 326//326 325//325
f 300//300 301//301 327//327
f 302//302 328//328 327//327
f 303//303 329//329 328//328
f 304//304 330//330 329//329
f 305//305 331//331 330//330
f 305//305 306//306 332//332
f 306//306 307//307 333//333
f 308//308 334//334 333//333
f 309//309 335//335 334//334
f 310//310 336//336 335//335
f 310//310 311//311 337//337
f 311//311 312//312 338//338
f 312//312 287//287 313//313
f 313//313 314//314 340//340
f 314//314 315//315 341//341
f 315//315 316//316 342//342
f 316//316 317//317 343//343
f 317//317 318//318 344//344
f 318//318 319//319 345//345
f 319//319 320//320 346//346
f 320//320 321//321 347//347
f 321//321 322//322 348//348
f 323//323 349//349 348//348
f 324//324 350//350 349//349
f 325//325 351//351 350//350
f 326//326 352//352 351//351
f 327//327 353//353 352//352
f 328//328 354//354 353//353
f 329//329 355//355 354//354
f 330//330 356//356 355//355
f 330//330 331//331 357//357
f 331//331 332//332 358//358
f 332//332 333//333 359//359
f 334//334 360//360 359//359
f 335//335 361//361 360//360
f 336//336 362//362 361//361
f 336//336 337//337 363//363
f 337//337 338//338 364//364
f 338//338 313//313 339//339
f 339//339 340//340 366//366
f 340//340 341//341 367//367
f 341//341 342//342 368//368
f 342//342 343//343 369//369
f 343//343 344//344 370//370
f 344//344 345//345 371//371
f 345//345 346//346 372//372
f 346//346 347//347 373//373
f 347//347 348//348 374//374
f 349//349 375//375 374//374
f 350//350 376//376 375//375
f 351//351 377//377 376//376
f 352//352 378//378 377//377
f 353//353 379//379 378//378
f 354//354 380//380 379//379
f 355//355 381//381 380//380
f 356//356 382//382 381//381
f 356//356 357//357 383//383
f 357//357 358//358 384//384
f 358//358 359//359 385//385
f 360//360 386//386 385//385
f 361//361 387//387 386//386
f 362//362 388//388 387//387
f 362//362 363//363 389//389
f 363//363 364//364 390//390
f 364//364 339//339 365//365
f 365//365 366//366 392//392
f 366//366 367//367 393//393
f 367//367 368//368 394//394
f 368//368 369//369 395//395
f 369//369 370//370 396//396
f 370//370 371//371 397//397
f 371//371 372//372 398//398
f 372//372 373//373 399//399
f 373//373 374//374 400//400
f 375//375 401//401 400//400
f 376//376 402//402 401//401
f 377//377 403//403 402//402
f 378//378 404//404 403//403
f 379//379 405//405 404//404
f 380//380 406//406 405//405
f 381//381 407//407 406//406
f 382//382 408//408 407//407
f 382//382 383//383 409//409
f 383//383 384//384 410//410
f 384//384 385//385 411//411
f 386//386 412//412 411//411
f 387//387 413//413 412//412
f 388//388 414//414 413//413
f 388//388 389//389 415//415
f 389//389 390//390 416//416
f 390//390 365//365 391//391
f 391//391 392//392 418//418
f 392//392 393//393 419//419
f 393//393 394//394 420//420
f 394//394 395//395 421//421
f 395//395 396//396 422//422
f 396//396 397//397 423//423
f 397//397 398//398 424//424
f 398//398 399//399 425//425
f 399//399 400//400 426//426
f 401//401 427//427 426//426
f 402//402 428//428 427//427
f 403//403 429//429 428//428
f 404//404 430//430 429//429
f 405//405 431//431 430//430
f 406//406 432//432 431//431
f 407//407 433//433 432//432
f 408//408 434//434 433//433
f 408//408 409//409 435//435
f 409//409 410//410 436//436
f 410//410 411//411 437//437
f 412//412 438//438 437//437
f 413//413 439//439 438//438
f 414//414 440//440 439//439
f 414//414 415//415 441//441
f 415//415 416//416 442//442
f 416//416 391//391 417//417
f 417//417 418//418 444//444
f 418//418 419//419 445//445
f 419//419 420//420 446//446
f 420//420 421//421 447//447
f 421//421 422//422 448//448
f 422//422 423//423 449//449
f 423//423 424//424 450//450
f 424//424 425//425 451//451
f 425//425 426//426 452//452
f 427//427 453//453 452//452
f 428//428 454//454 453//453
f 429//429 455//455 454//454
f 430//430 456//456 455//455
f 431//431 457//457 456//456
f 432//432 458//458 457//457
f 433//433 459//459 458//458
f 434//434 460//460 459//459
f 434//434 435//435 461//461
f 435//435 436//436 462//462
f 436//436 437//437 463//463
f 438//438 464//464 463//463
f 439//439 465//465 464//464
f 440//440 466//466 465//465
f 440//440 441//441 467//467
f 441//441 442//442 468//468
f 442//442 417//417 443//443
f 443//443 444//444 470//470
f 444//444 445//445 471//471
f 445//445 446//446 472//472
f 446//446 447//447 473//473
f 447//447 448//448 474//474
f 448//448 449//449 475//475
f 449//449 450//450 476//476
f 450//450 451//451 477//477
f 451//451 452//452 478//478
f 453//453 479//479 478//478
f 454//454 480//480 479//479
f 455//455 481//481 480//480
f 456//456 482//482 481//481
f 457//457 483//483 482//482
f 458//458 484//484 483//483
f 459//459 485//485 484//484
f 460//460 486//486 485//485
f 460//460 461//461 487//487
f 461//461 462//462 488//488
f 462//462 463//463 489//489
f 464//464 490//490 489//489
f 465//465 491//491 490//490
f 466//466 492//492 491//491
f 466//466 467//467 493//493
f 467//467 468//468 494//494
f 468//468 443//443 469//469
f 469//469 470//470 496//496
f 470//470 471//471 497//497
f 471//471 472//472 498//498
f 472//472 473//473 499//499
f 473//473 474//474 500//500
f 475//475 501//501 500//500
f 475//475 476//476 502//502
f 476//476 477//477 503//503
f 477//477 478//478 504//504
f 479//479 505//505 504//504
f 480//480 506//506 505//505
f 481//481 507//507 506//506
f 482//482 508//508 507//507
f 483//483 509//509 508//508
f 484//484 510//510 509//509
f 485//485 511//511 510//510
f 486//486 512//512 511//511
f 487//487 513//513 512//512
f 487//487 488//488 514//514
f 488//488 489//489 515//515
f 490//490 516//516 515//515
f 491//491 517//517 516//516
f 492//492 518//518 517//517
f 492//492 493//493 519//519
f 493//493 494//494 520//520
f 494//494 469//469 495//495
f 495//495 496//496 522//522
f 496//496 497//497 523//523
f 497//497 498//498 524//524
f 498//498 499//499 525//525
f 499//499 500//500 526//526
f 501//501 527//527 526//526
f 501//501 502//502 528//528
f 502//502 503//503 529//529
f 503//503 504//504 530//530
f 505//505 531//531 530//530
f 506//506 532//532 531//531
f 507//507 533//533 532//532
f 508//508 534//534 533//533
f 509//509 535//535 534//534
f 510//510 536//536 535//535
f 511//511 537//537 536//536
f 512//512 538//538 537//537
f 513//513 539//539 538//538
f 513//513 514//514 540//540
f 514//514 515//515 541//541
f 516//516 542//542 541//541
f 517//517 543//543 542//542
f 518//518 544//544 543//543
f 518//518 519//519 545//545
f 519//519 520//520 546//546
f 520//520 495//495 521//521
f 521//521 522//522 548//548
f 522//522 523//523 549//549
f 523//523 524//524 550//550
f 524//524 525//525 551//551
f 525//525 526//526 552//552
f 527//527 553//553 552//552
f 527//527 528//528 554//554
f 528//528 529//529 555//555
f 529//529 530//530 556//556
f 531//531 557//557 556//556
f 532//532 558//558 557//557
f 533//533 559//559 558//558
f 534//534 560//560 559//559
f 535//535 561//561 560//560
f 536//536 562//562 561//561
f 537//537 563//563 562//562
f 538//538 564//564 563//563
f 539//539 565//565 564//564
f 539//539 540//540 566//566
f 540//540 541//541 567//567
f 542//542 568//568 567//567
f 543//543 569//569 568//568
f 544//544 570//570 569//569
f 544//544 545//545 571//571
f 545//545 546//546 572//572
f 546//546 521//521 547//547
f 547//547 548//548 574//574
f 548//548 549//549 575//575
f 549//549 550//550 576//576
f 550//550 551//551 577//577
f 551//551 552//552 578//578
f 553//553 579//579 578//578
f 553//553 554//554 580//580
f 554//554 555//555 581//581
f 555//555 556//556 582//582
f 557//557 583//583 582//582
f 558//558 584//584 583//583
f 559//559 585//585 584//584
f 560//560 586//586 585//585
f 561//561 587//587 586//586
f 562//562 588//588 587//587
f 563//563 589//589 588//588
f 564//564 590//590 589//589
f 565//565 591//591 590//590
f 565//565 566//566 592//592
f 566//566 567//567 593//593
f 568//568 594//594 593//593
f 569//569 595//595 594//594
f 569//569 570//570 596//596
f 570//570 571//571 597//597
f 571//571 572//572 598//598
f 572//572 547//547 573//573
o bulb_lamp_feet
v 0.856533 0.000000 -0.303648
v 0.766372 0.587237 -0.271685
v 0.856533 0.000000 -0.586294
v 0.766372 0.587237 -0.460116
v 1.038214 0.000000 -0.520168
v 0.887493 0.587237 -0.416032
v 1.134885 0.000000 -0.352729
v 0.951940 0.587237 -0.304406
v 1.101312 0.000000 -0.162325
v 0.929557 0.587237 -0.177470
v 0.953204 0.000000 -0.038048
v 0.830819 0.587237 -0.094619
v 0.759863 0.000000 -0.038048
v 0.701925 0.587237 -0.094619
v 0.611755 0.000000 -0.162325
v 0.603186 0.587237 -0.177470
v 0.578182 0.000000 -0.352729
v 0.580804 0.587237 -0.304406
v 0.674852 0.000000 -0.520168
v 0.645251 0.587237 -0.416032
v -0.310441 0.000000 -0.854095
v -0.277763 0.567139 -0.764190
v -0.310441 0.000000 -1.125188
v -0.277763 0.567139 -0.944919
v -0.136185 0.000000 -1.061764
v -0.161593 0.567139 -0.902636
v -0.043466 0.000000 -0.901170
v -0.099780 0.567139 -0.795573
v -0.075667 0.000000 -0.718548
v -0.121247 0.567139 -0.673826
v -0.217721 0.000000 -0.599351
v -0.215950 0.567139 -0.594361
v -0.403160 0.000000 -0.599351
v -0.339576 0.567139 -0.594361
v -0.545214 0.000000 -0.718548
v -0.434278 0.567139 -0.673826
v -0.577415 0.000000 -0.901170
v -0.455746 0.567139 -0.795573
v -0.484696 0.000000 -1.061764
v -0.393933 0.567139 -0.902636
v -0.776465 0.000000 0.472180
v -0.694732 0.543884 0.422477
v -0.776465 0.000000 0.180776
v -0.694732 0.543884 0.228208
v -0.589155 0.000000 0.248952
v -0.569858 0.543884 0.273658
v -0.489489 0.000000 0.421578
v -0.503414 0.543884 0.388742
v -0.524102 0.000000 0.617881
v -0.526490 0.543884 0.519611
v -0.676799 0.000000 0.746009
v -0.628288 0.543884 0.605030
v -0.876131 0.000000 0.746009
v -0.761176 0.543884 0.605030
v -1.028828 0.000000 0.617881
v -0.862974 0.543884 0.519611
v -1.063441 0.000000 0.421578
v -0.886049 0.543884 0.388742
v -0.963776 0.000000 0.248952
v -0.819606 0.543884 0.273658
v 0.477488 0.000000 0.773212
v 0.427226 0.590423 0.691821
v 0.477488 0.000000 0.512258
v 0.427226 0.590423 0.517852
v 0.645226 0.000000 0.573310
v 0.539052 0.590423 0.558553
v 0.734478 0.000000 0.727898
v 0.598552 0.590423 0.661612
v 0.703481 0.000000 0.903689
v 0.577888 0.590423 0.778806
v 0.566740 0.000000 1.018428
v 0.486727 0.590423 0.855299
v 0.388237 0.000000 1.018428
v 0.367725 0.590423 0.855299
v 0.251495 0.000000 0.903689
v 0.276564 0.590423 0.778806
v 0.220499 0.000000 0.727898
v 0.255900 0.590423 0.661612
v 0.309750 0.000000 0.573310
v 0.315401 0.590423 0.558553
vn -0.0000 -1.0000 -0.0000
vn -0.0000 1.0000 -0.0000
vn 0.0253 -0.5548 -0.8316
vn -0.0244 0.7129 -0.7008
vn 0.5574 -0.5246 -0.6435
vn 0.4208 0.7425 -0.5212
vn 0.8418 -0.5177 -0.1529
vn 0.6529 0.7493 -0.1110
vn 0.7407 -0.5365 0.4043
vn 0.5814 0.7307 0.3579
vn 0.3052 -0.5744 0.7596
vn 0.2213 0.6943 0.6848
vn -0.2499 -0.6149 0.7480
vn -0.2772 0.6574 0.7007
vn -0.6648 -0.6374 0.3895
vn -0.6696 0.6376 0.3809
vn -0.7623 -0.6300 -0.1481
vn -0.7556 0.6440 -0.1196
vn -0.4961 -0.5966 -0.6308
vn -0.4939 0.6738 -0.5496
vn -0.0093 -0.5187 -0.8549
vn 0.0088 0.7481 -0.6636
vn 0.5207 -0.5443 -0.6577
vn 0.4615 0.7228 -0.5144
vn 0.7926 -0.5862 -0.1678
vn 0.7235 0.6830 -0.1001
vn 0.6848 -0.6253 0.3744
vn 0.6505 0.6479 0.3964
vn 0.2625 -0.6411 0.7212
vn 0.2645 0.6341 0.7266
vn -0.2839 -0.6253 0.7269
vn -0.2435 0.6478 0.7218
vn -0.7150 -0.5863 0.3809
vn -0.6186 0.6830 0.3884
vn -0.8216 -0.5444 -0.1692
vn -0.6842 0.7227 -0.0974
vn -0.5424 -0.5187 -0.6609
vn -0.4333 0.7481 -0.5027
vn -0.0251 -0.6028 -0.7975
vn 0.0247 0.6679 -0.7438
vn 0.4904 -0.6328 -0.5992
vn 0.5001 0.6418 -0.5813
vn 0.7652 -0.6317 -0.1241
vn 0.7525 0.6428 -0.1435
vn 0.6795 -0.6001 0.4221
vn 0.6549 0.6704 0.3488
vn 0.2577 -0.5550 0.7909
vn 0.2657 0.7118 0.6502
vn -0.3090 -0.5188 0.7971
vn -0.2117 0.7468 0.6305
vn -0.7467 -0.5059 0.4318
vn -0.5637 0.7595 0.3247
vn -0.8439 -0.5205 -0.1298
vn -0.6536 0.7450 -0.1332
vn -0.5551 -0.5579 -0.6170
vn -0.4317 0.7091 -0.5575
vn 0.0143 -0.6334 -0.7737
vn -0.0142 0.6405 -0.7678
vn 0.5340 -0.5992 -0.5965
vn 0.4569 0.6712 -0.5838
vn 0.8214 -0.5577 -0.1196
vn 0.6886 0.7104 -0.1457
vn 0.7288 -0.5286 0.4352
vn 0.5892 0.7391 0.3265
vn 0.2965 -0.5231 0.7990
vn 0.2236 0.7445 0.6290
vn -0.2675 -0.5432 0.7958
vn -0.2544 0.7245 0.6406
vn -0.6906 -0.5817 0.4298
vn -0.6416 0.6875 0.3401
vn -0.7748 -0.6215 -0.1161
vn -0.7437 0.6511 -0.1516
vn -0.4956 -0.6424 -0.5845
vn -0.4948 0.6327 -0.5958
s 1
usemtl plaster_gourd
f 601//601 603//603 605//605
f 602//602 606//606 604//604
f 603//603 606//606 605//605
f 601//601 605//605 607//607
f 602//602 608//608 606//606
f 605//605 608//608 607//607
f 601//601 607//607 609//609
f 602//602 610//610 608//608
f 608//608 609//609 607//607
f 601//601 609//609 611//611
f 602//602 612//612 610//610
f 610//610 611//611 609//609
f 601//601 611//611 613//613
f 602//602 614//614 612//612
f 612//612 613//613 611//611
f 601//601 613//613 615//615
f 602//602 616//616 614//614
f 614//614 615//615 613//613
f 601//601 615//615 617//617
f 602//602 618//618 616//616
f 615//615 618//618 617//617
f 601//601 617//617 619//619
f 602//602 620//620 618//618
f 617//617 620//620 619//619
f 601//601 619//619 603//603
f 602//602 604//604 620//620
f 619//619 604//604 603//603
f 621//601 623//621 625//623
f 622//602 626//624 624//622
f 624//622 625//623 623//621
f 621//601 625//623 627//625
f 622//602 628//626 626//624
f 626//624 627//625 625//623
f 621//601 627//625 629//627
f 622//602 630//628 628//626
f 628//626 629//627 627//625
f 621//601 629//627 631//629
f 622//602 632//630 630//628
f 630//628 631//629 629//627
f 621//601 631//629 633//631
f 622//602 634//632 632//630
f 631//629 634//632 633//631
f 621//601 633//631 635//633
f 622//602 636//634 634//632
f 633//631 636//634 635//633
f 621//601 635//633 637//635
f 622//602 638//636 636//634
f 635//633 638//636 637//635
f 621//601 637//635 639//637
f 622//602 640//638 638//636
f 637//635 640//638 639//637
f 621//601 639//637 623//621
f 622//602 624//622 640//638
f 639//637 624//622 623//621
f 641//601 643//639 645//641
f 642//602 646//642 644//640
f 644//640 645//641 643//639
f 641//601 645//641 647//643
f 642//602 648//644 646//642
f 645//641 648//644 647//643
f 641//601 647//643 649//645
f 642//602 650//646 648//644
f 647//643 650//646 649//645
f 641//601 649//645 651//647
f 642//602 652//648 650//646
f 649//645 652//648 651//647
f 641//601 651//647 653//649
f 642//602 654//650 652//648
f 651//647 654//650 653//649
f 641//601 653//649 655//651
f 642//602 656//652 654//650
f 653//649 656//652 655//651
f 641//601 655//651 657//653
f 642//602 658//654 656//652
f 656//652 657//653 655//651
f 641//601 657//653 659//655
f 642//602 660//656 658//654
f 658//654 659//655 657//653
f 641//601 659//655 643//639
f 642//602 644//640 660//656
f 660//656 643//639 659//655
f 661//601 663//657 665//659
f 662//602 666//660 664//658
f 663//657 666//660 665//659
f 661//601 665//659 667//661
f 662//602 668//662 666//660
f 665//659 668//662 667//661
f 661//601 667//661 669//663
f 662//602 670//664 668//662
f 667//661 670//664 669//663
f 661//601 669//663 671//665
f 662//602 672//666 670//664
f 669//663 672//666 671//665
f 661//601 671//665 673//667
f 662//602 674//668 672//666
f 672//666 673//667 671//665
f 661//601 673//667 675//669
f 662//602 676//670 674//668
f 674//668 675//669 673//667
f 661//601 675//669 677//671
f 662//602 678//672 676//670
f 676//670 677//671 675//669
f 661//601 677//671 679//673
f 662//602 680//674 678//672
f 678//672 679//673 677//671
f 661//601 679//673 663//657
f 662//602 664//658 680//674
f 679//673 664//658 663//657
f 603//603 604//604 606//606
f 605//605 606//606 608//608
f 608//608 610//610 609//609
f 610//610 612//612 611//611
f 612//612 614//614 613//613
f 614//614 616//616 615//615
f 615//615 616//616 618//618
f 617//617 618//618 620//620
f 619//619 620//620 604//604
f 624//622 626//624 625//623
f 626//624 628//626 627//625
f 628//626 630//628 629//627
f 630//628 632//630 631//629
f 631//629 632//630 634//632
f 633//631 634//632 636//634
f 635//633 636//634 638//636
f 637//635 638//636 640//638
f 639//637 640//638 624//622
f 644//640 646//642 645//641
f 645//641 646//642 648//644
f 647//643 648//644 650//646
f 649//645 650//646 652//648
f 651//647 652//648 654//650
f 653//649 654//650 656//652
f 656//652 658//654 657//653
f 658//654 660//656 659//655
f 660//656 644//640 643//639
f 663//657 664//658 666//660
f 665//659 666//660 668//662
f 667//661 668//662 670//664
f 669//663 670//664 672//666
f 672//666 674//668 673//667
f 674//668 676//670 675//669
f 676//670 678//672 677//671
f 678//672 680//674 679//673
f 679//673 680//674 664//658
o bulb_lamp_collar
v 0.442292 3.909613 0.087664
v 0.417076 3.958315 0.087664
v 0.356198 3.978488 0.087664
v 0.295321 3.958315 0.087664
v 0.270105 3.909613 0.087664
v 0.295321 3.860911 0.087664
v 0.356198 3.840739 0.087664
v 0.417076 3.860911 0.087664
v 0.421374 3.909613 -0.039194
v 0.397392 3.958315 -0.031401
v 0.339494 3.978488 -0.012589
v 0.281596 3.958315 0.006223
v 0.257614 3.909613 0.014015
v 0.281596 3.860911 0.006223
v 0.339494 3.840739 -0.012589
v 0.397392 3.860911 -0.031401
v 0.362809 3.909613 -0.153448
v 0.342409 3.958315 -0.138627
v 0.293158 3.978488 -0.102844
v 0.243907 3.958315 -0.067061
v 0.223507 3.909613 -0.052240
v 0.243907 3.860911 -0.067061
v 0.293158 3.840739 -0.102844
v 0.342409 3.860911 -0.138627
v 0.272162 3.909613 -0.244341
v 0.257341 3.958315 -0.223941
v 0.221558 3.978488 -0.174690
v 0.185775 3.958315 -0.125440
v 0.170953 3.909613 -0.105039
v 0.185775 3.860911 -0.125440
v 0.221558 3.840739 -0.174690
v 0.257341 3.860911 -0.223941
v 0.157868 3.909613 -0.302962
v 0.150076 3.958315 -0.278980
v 0.131264 3.978488 -0.221083
v 0.112452 3.958315 -0.163185
v 0.104660 3.909613 -0.139203
v 0.112452 3.860911 -0.163185
v 0.131264 3.840739 -0.221083
v 0.150076 3.860911 -0.278980
v 0.030946 3.909613 -0.324530
v 0.030946 3.958315 -0.299314
v 0.030946 3.978488 -0.238437
v 0.030946 3.958315 -0.177560
v 0.030946 3.909613 -0.152343
v 0.030946 3.860911 -0.177560
v 0.030946 3.840739 -0.238437
v 0.030946 3.860911 -0.299314
v -0.097017 3.909613 -0.306165
v -0.089224 3.958315 -0.282183
v -0.070412 3.978488 -0.224286
v -0.051600 3.958315 -0.166388
v -0.043808 3.909613 -0.142406
v -0.051600 3.860911 -0.166388
v -0.070412 3.840739 -0.224286
v -0.089224 3.860911 -0.282183
v -0.212575 3.909613 -0.247514
v -0.197753 3.958315 -0.227114
v -0.161971 3.978488 -0.177863
v -0.126188 3.958315 -0.128613
v -0.111366 3.909613 -0.108212
v -0.126188 3.860911 -0.128613
v -0.161971 3.840739 -0.177863
v -0.197753 3.860911 -0.227114
v -0.303150 3.909613 -0.155071
v -0.282749 3.958315 -0.140249
v -0.233499 3.978488 -0.104467
v -0.184248 3.958315 -0.068684
v -0.163848 3.909613 -0.053862
v -0.184248 3.860911 -0.068684
v -0.233499 3.840739 -0.104467
v -0.282749 3.860911 -0.140249
v -0.361217 3.909613 -0.039758
v -0.337235 3.958315 -0.031965
v -0.279337 3.978488 -0.013153
v -0.221440 3.958315 0.005659
v -0.197458 3.909613 0.013451
v -0.221440 3.860911 0.005659
v -0.279337 3.840739 -0.013153
v -0.337235 3.860911 -0.031965
v -0.379806 3.909613 0.087664
v -0.354590 3.958315 0.087664
v -0.293712 3.978488 0.087664
v -0.232835 3.958315 0.087664
v -0.207619 3.909613 0.087664
v -0.232835 3.860911 0.087664
v -0.293712 3.840739 0.087664
v -0.354590 3.860911 0.087664
v -0.359150 3.909613 0.214414
v -0.335168 3.958315 0.206622
v -0.277270 3.978488 0.187809
v -0.219372 3.958315 0.168997
v -0.195390 3.909613 0.161205
v -0.219372 3.860911 0.168997
v -0.277270 3.840739 0.187809
v -0.335168 3.860911 0.206622
v -0.302608 3.909613 0.330005
v -0.282208 3.958315 0.315184
v -0.232957 3.978488 0.279401
v -0.183706 3.958315 0.243618
v -0.163306 3.909613 0.228797
v -0.183706 3.860911 0.243618
v -0.232957 3.840739 0.279401
v -0.282208 3.860911 0.315184
v -0.212791 3.909613 0.423139
v -0.197969 3.958315 0.402739
v -0.162187 3.978488 0.353488
v -0.126404 3.958315 0.304238
v -0.111582 3.909613 0.283837
v -0.126404 3.860911 0.304238
v -0.162187 3.840739 0.353488
v -0.197969 3.860911 0.402739
v -0.097095 3.909613 0.481736
v -0.089303 3.958315 0.457754
v -0.070491 3.978488 0.399856
v -0.051679 3.958315 0.341959
v -0.043887 3.909613 0.317977
v -0.051679 3.860911 0.341959
v -0.070491 3.840739 0.399856
v -0.089303 3.860911 0.457754
v 0.030946 3.909613 0.499814
v 0.030946 3.958315 0.474598
v 0.030946 3.978488 0.413721
v 0.030946 3.958315 0.352843
v 0.030946 3.909613 0.327627
v 0.030946 3.860911 0.352843
v 0.030946 3.840739 0.413721
v 0.030946 3.860911 0.474598
v 0.157907 3.909613 0.478408
v 0.150115 3.958315 0.454426
v 0.131303 3.978488 0.396529
v 0.112490 3.958315 0.338631
v 0.104698 3.909613 0.314649
v 0.112490 3.860911 0.338631
v 0.131303 3.840739 0.396529
v 0.150115 3.860911 0.454426
v 0.273473 3.909613 0.421474
v 0.258651 3.958315 0.401073
v 0.222869 3.978488 0.351822
v 0.187086 3.958315 0.302572
v 0.172264 3.909613 0.282171
v 0.187086 3.860911 0.302572
v 0.222869 3.840739 0.351822
v 0.258651 3.860911 0.401073
v 0.366154 3.909613 0.331206
v 0.345753 3.958315 0.316385
v 0.296503 3.978488 0.280602
v 0.247252 3.958315 0.244819
v 0.226852 3.909613 0.229998
v 0.247252 3.860911 0.244819
v 0.296503 3.840739 0.280602
v 0.345753 3.860911 0.316385
v 0.423771 3.909613 0.215300
v 0.399789 3.958315 0.207508
v 0.341891 3.978488 0.188696
v 0.283993 3.958315 0.169884
v 0.260011 3.909613 0.162092
v 0.283993 3.860911 0.169884
v 0.341891 3.840739 0.188696
v 0.399789 3.860911 0.207508
vn 1.0000 -0.0000 -0.0096
vn 0.6695 0.7428 -0.0070
vn 0.0304 0.9995 -0.0005
vn -0.6272 0.7788 0.0096
vn -0.9999 -0.0000 0.0170
vn -0.6272 -0.7788 0.0096
vn 0.0304 -0.9995 -0.0005
vn 0.6695 -0.7428 -0.0070
vn 0.9497 -0.0000 -0.3131
vn 0.6359 0.7426 -0.2100
vn 0.0292 0.9995 -0.0098
vn -0.5948 0.7791 0.1979
vn -0.9486 -0.0000 0.3164
vn -0.5948 -0.7791 0.1979
vn 0.0292 -0.9995 -0.0098
vn 0.6359 -0.7426 -0.2100
vn 0.8087 -0.0000 -0.5882
vn 0.5416 0.7426 -0.3940
vn 0.0250 0.9995 -0.0182
vn -0.5068 0.7791 0.3689
vn -0.8085 -0.0000 0.5886
vn -0.5068 -0.7791 0.3689
vn 0.0250 -0.9995 -0.0182
vn 0.5416 -0.7426 -0.3940
vn 0.5894 -0.0000 -0.8078
vn 0.3949 0.7425 -0.5411
vn 0.0184 0.9995 -0.0252
vn -0.3699 0.7794 0.5057
vn -0.5907 -0.0000 0.8069
vn -0.3699 -0.7794 0.5057
vn 0.0184 -0.9995 -0.0252
vn 0.3949 -0.7425 -0.5411
vn 0.3156 -0.0000 -0.9489
vn 0.2117 0.7429 -0.6351
vn 0.0097 0.9995 -0.0286
vn -0.2005 0.7786 0.5946
vn -0.3208 -0.0000 0.9472
vn -0.2005 -0.7786 0.5946
vn 0.0097 -0.9995 -0.0286
vn 0.2117 -0.7429 -0.6351
vn 0.0127 -0.0000 -0.9999
vn 0.0093 0.7426 -0.6697
vn 0.0007 0.9995 -0.0307
vn -0.0126 0.7791 0.6268
vn -0.0226 -0.0000 0.9997
vn -0.0126 -0.7791 0.6267
vn 0.0007 -0.9995 -0.0307
vn 0.0093 -0.7426 -0.6697
vn -0.3017 -0.0000 -0.9534
vn -0.2019 0.7417 -0.6396
vn -0.0097 0.9995 -0.0314
vn 0.1858 0.7809 0.5964
vn 0.2959 -0.0000 0.9552
vn 0.1858 -0.7809 0.5964
vn -0.0097 -0.9995 -0.0314
vn -0.2019 -0.7417 -0.6396
vn -0.5911 -0.0000 -0.8066
vn -0.3966 0.7418 -0.5408
vn -0.0195 0.9995 -0.0264
vn 0.3705 0.7808 0.5031
vn 0.5937 -0.0000 0.8047
vn 0.3705 -0.7808 0.5031
vn -0.0195 -0.9995 -0.0264
vn -0.3966 -0.7418 -0.5408
vn -0.8133 -0.0000 -0.5818
vn -0.5449 0.7427 -0.3892
vn -0.0250 0.9995 -0.0176
vn 0.5117 0.7789 0.3626
vn 0.8167 -0.0000 0.5771
vn 0.5117 -0.7789 0.3626
vn -0.0250 -0.9995 -0.0176
vn -0.5449 -0.7427 -0.3892
vn -0.9536 -0.0000 -0.3012
vn -0.6394 0.7420 -0.2014
vn -0.0308 0.9995 -0.0095
vn 0.5973 0.7803 0.1855
vn 0.9555 -0.0000 0.2951
vn 0.5973 -0.7803 0.1855
vn -0.0308 -0.9995 -0.0095
vn -0.6394 -0.7420 -0.2014
vn -1.0000 -0.0000 0.0083
vn -0.6694 0.7428 0.0061
vn -0.0303 0.9995 0.0004
vn 0.6274 0.7787 -0.0083
vn 0.9999 -0.0000 -0.0148
vn 0.6274 -0.7787 -0.0083
vn -0.0303 -0.9995 0.0004
vn -0.6694 -0.7428 0.0061
vn -0.9529 -0.0000 0.3034
vn -0.6373 0.7436 0.2024
vn -0.0272 0.9996 0.0085
vn 0.6002 0.7773 -0.1887
vn 0.9543 -0.0000 -0.2989
vn 0.6002 -0.7773 -0.1887
vn -0.0272 -0.9996 0.0085
vn -0.6373 -0.7436 0.2024
vn -0.8188 -0.0000 0.5740
vn -0.5492 0.7425 0.3836
vn -0.0255 0.9995 0.0174
vn 0.5168 0.7792 -0.3546
vn 0.8263 -0.0000 -0.5632
vn 0.5168 -0.7792 -0.3546
vn -0.0255 -0.9995 0.0174
vn -0.5491 -0.7425 0.3836
vn -0.5938 -0.0000 0.8046
vn -0.3990 0.7413 0.5397
vn -0.0202 0.9994 0.0271
vn 0.3725 0.7817 -0.5003
vn 0.5985 -0.0000 -0.8011
vn 0.3725 -0.7817 -0.5003
vn -0.0202 -0.9994 0.0271
vn -0.3990 -0.7413 0.5397
vn -0.3002 -0.0000 0.9539
vn -0.2008 0.7416 0.6400
vn -0.0097 0.9995 0.0316
vn 0.1844 0.7810 -0.5967
vn 0.2933 -0.0000 -0.9560
vn 0.1844 -0.7810 -0.5967
vn -0.0097 -0.9995 0.0316
vn -0.2008 -0.7416 0.6400
vn 0.0132 -0.0000 0.9999
vn 0.0097 0.7428 0.6695
vn 0.0007 0.9995 0.0303
vn -0.0132 0.7787 -0.6272
vn -0.0235 -0.0000 -0.9997
vn -0.0132 -0.7787 -0.6272
vn 0.0007 -0.9995 0.0303
vn 0.0097 -0.7428 0.6695
vn 0.3073 -0.0000 0.9516
vn 0.2053 0.7437 0.6362
vn 0.0086 0.9996 0.0268
vn -0.1928 0.7770 -0.5992
vn -0.3060 -0.0000 -0.9520
vn -0.1928 -0.7770 -0.5992
vn 0.0086 -0.9996 0.0268
vn 0.2053 -0.7437 0.6362
vn 0.5772 -0.0000 0.8166
vn 0.3860 0.7424 0.5476
vn 0.0177 0.9995 0.0256
vn -0.3576 0.7795 -0.5143
vn -0.5688 -0.0000 -0.8225
vn -0.3576 -0.7795 -0.5143
vn 0.0177 -0.9995 0.0256
vn 0.3860 -0.7424 0.5476
vn 0.8081 -0.0000 0.5890
vn 0.5424 0.7412 0.3955
vn 0.0275 0.9994 0.0201
vn -0.5034 0.7820 -0.3676
vn -0.8074 -0.0000 -0.5900
vn -0.5034 -0.7820 -0.3676
vn 0.0275 -0.9994 0.0201
vn 0.5424 -0.7412 0.3955
vn 0.9545 -0.0000 0.2984
vn 0.6398 0.7422 0.1992
vn 0.0302 0.9995 0.0092
vn -0.5987 0.7798 -0.1829
vn -0.9570 -0.0000 -0.2900
vn -0.5987 -0.7798 -0.1829
vn 0.0302 -0.9995 0.0092
vn 0.6398 -0.7422 0.1992
s 1
usemtl metal_ring
f 689//683 682//676 681//675
f 690//684 683//677 682//676
f 691//685 684//678 683//677
f 692//686 685//679 684//678
f 685//679 694//688 686//680
f 686//680 695//689 687//681
f 687//681 696//690 688//682
f 688//682 689//683 681//675
f 697//691 690//684 689//683
f 698//692 691//685 690//684
f 699//693 692//686 691//685
f 700//694 693//687 692//686
f 693//687 702//696 694//688
f 694//688 703//697 695//689
f 695//689 704//698 696//690
f 696//690 697//691 689//683
f 697//691 706//700 698//692
f 698//692 707//701 699//693
f 699//693 708//702 700//694
f 700//694 709//703 701//695
f 709//703 702//696 701//695
f 710//704 703//697 702//696
f 711//705 704//698 703//697
f 712//706 697//691 704//698
f 705//699 714//708 706//700
f 706//700 715//709 707//701
f 707//701 716//710 708//702
f 708//702 717//711 709//703
f 717//711 710//704 709//703
f 718//712 711//705 710//704
f 719//713 712//706 711//705
f 720//714 705//699 712//706
f 713//707 722//716 714//708
f 714//708 723//717 715//709
f 715//709 724//718 716//710
f 716//710 725//719 717//711
f 725//719 718//712 717//711
f 726//720 719//713 718//712
f 727//721 720//714 719//713
f 728//722 713//707 720//714
f 721//715 730//724 722//716
f 722//716 731//725 723//717
f 723//717 732//726 724//718
f 724//718 733//727 725//719
f 733//727 726//720 725//719
f 734//728 727//721 726//720
f 735//729 728//722 727//721
f 736//730 721//715 728//722
f 729//723 738//732 730//724
f 730//724 739//733 731//725
f 731//725 740//734 732//726
f 732//726 741//735 733//727
f 741//735 734//728 733//727
f 742//736 735//729 734//728
f 743//737 736//730 735//729
f 744//738 729//723 736//730
f 745//739 738//732 737//731
f 746//740 739//733 738//732
f 747//741 740//734 739//733
f 748//742 741//735 740//734
f 741//735 750//744 742//736
f 742//736 751//745 743//737
f 743//737 752//746 744//738
f 744//738 745//739 737//731
f 753//747 746//740 745//739
f 754//748 747//741 746//740
f 755//749 748//742 747//741
f 756//750 749//743 748//742
f 749//743 758//752 750//744
f 750//744 759//753 751//745
f 751//745 760//754 752//746
f 752//746 753//747 745//739
f 761//755 754//748 753//747
f 762//756 755//749 754//748
f 763//757 756//750 755//749
f 764//758 757//751 756//750
f 757//751 766//760 758//752
f 758//752 767//761 759//753
f 759//753 768//762 760//754
f 760//754 761//755 753//747
f 769//763 762//756 761//755
f 770//764 763//757 762//756
f 771//765 764//758 763//757
f 772//766 765//759 764//758
f 765//759 774//768 766//760
f 766//760 775//769 767//761
f 767//761 776//770 768//762
f 768//762 769//763 761//755
f 769//763 778//772 770//764
f 770//764 779//773 771//765
f 771//765 780//774 772//766
f 772//766 781//775 773//767
f 781//775 774//768 773//767
f 782//776 775//769 774//768
f 783//777 776//770 775//769
f 784//778 769//763 776//770
f 777//771 786//780 778//772
f 778//772 787//781 779//773
f 779//773 788//782 780//774
f 780//774 789//783 781//775
f 789//783 782//776 781//775
f 790//784 783//777 782//776
f 791//785 784//778 783//777
f 792//786 777//771 784//778
f 793//787 786//780 785//779
f 794//788 787//781 786//780
f 795//789 788//782 787//781
f 796//790 789//783 788//782
f 789//783 798//792 790//784
f 790//784 799//793 791//785
f 791//785 800//794 792//786
f 792//786 793//787 785//779
f 801//795 794//788 793//787
f 802//796 795//789 794//788
f 803//797 796//790 795//789
f 804//798 797//791 796//790
f 797//791 806//800 798//792
f 798//792 807//801 799//793
f 799//793 808//802 800//794
f 800//794 801//795 793//787
f 809//803 802//796 801//795
f 810//804 803//797 802//796
f 811//805 804//798 803//797
f 812//806 805//799 804//798
f 805//799 814//808 806//800
f 806//800 815//809 807//801
f 807//801 816//810 808//802
f 808//802 809//803 801//795
f 809//803 818//812 810//804
f 810//804 819//813 811//805
f 811//805 820//814 812//806
f 812//806 821//815 813//807
f 821//815 814//808 813//807
f 822//816 815//809 814//808
f 823//817 816//810 815//809
f 824//818 809//803 816//810
f 817//811 826//820 818//812
f 818//812 827//821 819//813
f 819//813 828//822 820//814
f 820//814 829//823 821//815
f 829//823 822//816 821//815
f 830//824 823//817 822//816
f 831//825 824//818 823//817
f 832//826 817//811 824//818
f 833//827 826//820 825//819
f 834//828 827//821 826//820
f 835//829 828//822 827//821
f 836//830 829//823 828//822
f 829//823 838//832 830//824
f 830//824 839//833 831//825
f 831//825 840//834 832//826
f 832//826 833//827 825//819
f 681//675 834//828 833//827
f 682//676 835//829 834//828
f 683//677 836//830 835//829
f 684//678 837//831 836//830
f 837//831 686//680 838//832
f 838//832 687//681 839//833
f 839//833 688//682 840//834
f 840//834 681//675 833//827
f 689//683 690//684 682//676
f 690//684 691//685 683//677
f 691//685 692//686 684//678
f 692//686 693//687 685//679
f 685//679 693//687 694//688
f 686//680 694//688 695//689
f 687//681 695//689 696//690
f 688//682 696//690 689//683
f 697//691 698//692 690//684
f 698//692 699//693 691//685
f 699//693 700//694 692//686
f 700//694 701//695 693//687
f 693//687 701//695 702//696
f 694//688 702//696 703//697
f 695//689 703//697 704//698
f 696//690 704//698 697//691
f 697//691 705//699 706//700
f 698//692 706//700 707//701
f 699//693 707//701 708//702
f 700//694 708//702 709//703
f 709//703 710//704 702//696
f 710//704 711//705 703//697
f 711//705 712//706 704//698
f 712//706 705//699 697//691
f 705//699 713//707 714//708
f 706//700 714//708 715//709
f 707//701 715//709 716//710
f 708//702 716//710 717//711
f 717//711 718//712 710//704
f 718//712 719//713 711//705
f 719//713 720//714 712//706
f 720//714 713//707 705//699
f 713//707 721//715 722//716
f 714//708 722//716 723//717
f 715//709 723//717 724//718
f 716//710 724//718 725//719
f 725//719 726//720 718//712
f 726//720 727//721 719//713
f 727//721 728//722 720//714
f 728//722 721//715 713//707
f 721//715 729//723 730//724
f 722//716 730//724 731//725
f 723//717 731//725 732//726
f 724//718 732//726 733//727
f 733//727 734//728 726//720
f 734//728 735//729 727//721
f 735//729 736//730 728//722
f 736//730 729//723 721//715
f 729//723 737//731 738//732
f 730//724 738//732 739//733
f 731//725 739//733 740//734
f 732//726 740//734 741//735
f 741//735 742//736 734//728
f 742//736 743//737 735//729
f 743//737 744//738 736//730
f 744//738 737//731 729//723
f 745//739 746//740 738//732
f 746//740 747//741 739//733
f 747//741 748//742 740//734
f 748//742 749//743 741//735
f 741//735 749//743 750//744
f 742//736 750//744 751//745
f 743//737 751//745 752//746
f 744//738 752//746 745//739
f 753//747 754//748 746//740
f 754//748 755//749 747//741
f 755//749 756//750 748//742
f 756//750 757//751 749//743
f 749//743 757//751 758//752
f 750//744 758//752 759//753
f 751//745 759//753 760//754
f 752//746 760//754 753//747
f 761//755 762//756 754//748
f 762//756 763//757 755//749
f 763//757 764//758 756//750
f 764//758 765//759 757//751
f 757//751 765//759 766//760
f 758//752 766//760 767//761
f 759//753 767//761 768//762
f 760//754 768//762 761//755
f 769//763 770//764 762//756
f 770//764 771//765 763//757
f 771//765 772//766 764//758
f 772//766 773//767 765//759
f 765//759 773//767 774//768
f 766//760 774//768 775//769
f 767//761 775//769 776//770
f 768//762 776//770 769//763
f 769//763 777//771 778//772
f 770//764 778//772 779//773
f 771//765 779//773 780//774
f 772//766 780//774 781//775
f 781//775 782//776 774//768
f 782//776 783//777 775//769
f 783//777 784//778 776//770
f 784//778 777//771 769//763
f 777//771 785//779 786//780
f 778//772 786//780 787//781
f 779//773 787//781 788//782
f 780//774 788//782 789//783
f 789//783 790//784 782//776
f 790//784 791//785 783//777
f 791//785 792//786 784//778
f 792//786 785//779 777//771
f 793//787 794//788 786//780
f 794//788 795//789 787//781
f 795//789 796//790 788//782
f 796//790 797//791 789//783
f 789//783 797//791 798//792
f 790//784 798//792 799//793
f 791//785 799//793 800//794
f 792//786 800//794 793//787
f 801//795 802//796 794//788
f 802//796 803//797 795//789
f 803//797 804//798 796//790
f 804//798 805//799 797//791
f 797//791 805//799 806//800
f 798//792 806//800 807//801
f 799//793 807//801 808//802
f 800//794 808//802 801//795
f 809//803 810//804 802//796
f 810//804 811//805 803//797
f 811//805 812//806 804//798
f 812//806 813//807 805//799
f 805//799 813//807 814//808
f 806//800 814//808 815//809
f 807//801 815//809 816//810
f 808//802 816//810 809//803
f 809//803 817//811 818//812
f 810//804 818//812 819//813
f 811//805 819//813 820//814
f 812//806 820//814 821//815
f 821//815 822//816 814//808
f 822//816 823//817 815//809
f 823//817 824//818 816//810
f 824//818 817//811 809//803
f 817//811 825//819 826//820
f 818//812 826//820 827//821
f 819//813 827//821 828//822
f 820//814 828//822 829//823
f 829//823 830//824 822//816
f 830//824 831//825 823//817
f 831//825 832//826 824//818
f 832//826 825//819 817//811
f 833//827 834//828 826//820
f 834//828 835//829 827//821
f 835//829 836//830 828//822
f 836//830 837//831 829//823
f 829//823 837//831 838//832
f 830//824 838//832 839//833
f 831//825 839//833 840//834
f 832//826 840//834 833//827
f 681//675 682//676 834//828
f 682//676 683//677 835//829
f 683//677 684//678 836//830
f 684//678 685//679 837//831
f 837//831 685//679 686//680
f 838//832 686//680 687//681
f 839//833 687//681 688//682
f 840//834 688//682 681//675
o bulb_lamp_tip
v 0.034239 4.272694 -0.142918
v 0.034239 4.196640 -0.185039
v 0.034239 4.112334 -0.199553
v 0.034239 3.951974 -0.142918
v 0.034239 3.891618 -0.077313
v 0.034239 3.852866 0.005354
v 0.034239 4.385154 0.096991
v 0.073999 4.371801 0.014428
v 0.109866 4.333050 -0.060052
v 0.138331 4.272694 -0.119160
v 0.156607 4.196640 -0.157110
v 0.162904 4.112334 -0.170186
v 0.156607 4.028028 -0.157110
v 0.138331 3.951974 -0.119160
v 0.109866 3.891618 -0.060052
v 0.073999 3.852866 0.014428
v 0.105884 4.371801 0.039856
v 0.170515 4.333050 -0.011686
v 0.221807 4.272694 -0.052590
v 0.254739 4.196640 -0.078852
v 0.266086 4.112334 -0.087901
v 0.254739 4.028028 -0.078852
v 0.221807 3.951974 -0.052590
v 0.170515 3.891618 -0.011686
v 0.105884 3.852866 0.039856
v 0.123578 4.371801 0.076600
v 0.204173 4.333050 0.058204
v 0.268133 4.272694 0.043606
v 0.309198 4.196640 0.034233
v 0.323348 4.112334 0.031003
v 0.309198 4.028028 0.034233
v 0.268133 3.951974 0.043606
v 0.204173 3.891618 0.058204
v 0.123578 3.852866 0.076600
v 0.123578 4.371801 0.117382
v 0.204173 4.333050 0.135777
v 0.268133 4.272694 0.150376
v 0.309198 4.196640 0.159748
v 0.323348 4.112334 0.162978
v 0.309198 4.028028 0.159748
v 0.268133 3.951974 0.150376
v 0.204173 3.891618 0.135777
v 0.123578 3.852866 0.117382
v 0.105884 4.371801 0.154126
v 0.170515 4.333050 0.205668
v 0.221807 4.272694 0.246572
v 0.254739 4.196640 0.272834
v 0.266086 4.112334 0.281883
v 0.254739 4.028028 0.272834
v 0.221807 3.951974 0.246572
v 0.170515 3.891618 0.205668
v 0.105884 3.852866 0.154126
v 0.073999 4.371801 0.179553
v 0.109866 4.333050 0.254033
v 0.138331 4.272694 0.313141
v 0.156607 4.196640 0.351091
v 0.162904 4.112334 0.364168
v 0.156607 4.028028 0.351091
v 0.138331 3.951974 0.313141
v 0.109866 3.891618 0.254033
v 0.073999 3.852866 0.179553
v 0.034239 4.371801 0.188628
v 0.034239 4.333050 0.271295
v 0.034239 4.272694 0.336900
v 0.034239 4.196640 0.379021
v 0.034239 4.112334 0.393535
v 0.034239 4.028028 0.379021
v 0.034239 3.951974 0.336900
v 0.034239 3.891618 0.271295
v 0.034239 3.852866 0.188628
v -0.005521 4.371801 0.179553
v -0.041389 4.333050 0.254033
v -0.069854 4.272694 0.313141
v -0.088130 4.196640 0.351091
v -0.094427 4.112334 0.364168
v -0.088130 4.028028 0.351091
v -0.069854 3.951974 0.313141
v -0.041389 3.891618 0.254033
v -0.005521 3.852866 0.179553
v -0.037406 4.371801 0.154125
v -0.102038 4.333050 0.205668
v -0.153330 4.272694 0.246572
v -0.186261 4.196640 0.272834
v -0.197609 4.112334 0.281883
v -0.186261 4.028028 0.272834
v -0.153330 3.951974 0.246572
v -0.102038 3.891618 0.205668
v -0.037406 3.852866 0.154125
v 0.034239 3.839514 0.096991
v -0.055101 4.371801 0.117382
v -0.135695 4.333050 0.135777
v -0.199655 4.272694 0.150375
v -0.240720 4.196640 0.159748
v -0.254870 4.112334 0.162978
v -0.240720 4.028028 0.159748
v -0.199655 3.951974 0.150375
v -0.135695 3.891618 0.135777
v -0.055101 3.852866 0.117382
v -0.055101 4.371801 0.076599
v -0.135695 4.333050 0.058204
v -0.199655 4.272694 0.043606
v -0.240720 4.196640 0.034233
v -0.254870 4.112334 0.031003
v -0.240720 4.028028 0.034233
v -0.199655 3.951974 0.043606
v -0.135695 3.891618 0.058204
v -0.055101 3.852866 0.076599
v -0.037406 4.371801 0.039856
v -0.102038 4.333050 -0.011686
v -0.153330 4.272694 -0.052590
v -0.186261 4.196640 -0.078852
v -0.197609 4.112334 -0.087902
v -0.186261 4.028028 -0.078852
v -0.153330 3.951974 -0.052590
v -0.102038 3.891618 -0.011686
v -0.037406 3.852866 0.039856
v -0.005521 4.371801 0.014428
v -0.041389 4.333050 -0.060052
v -0.069854 4.272694 -0.119160
v -0.088130 4.196640 -0.157110
v -0.094427 4.112334 -0.170186
v -0.088130 4.028028 -0.157110
v -0.069854 3.951974 -0.119160
v -0.041389 3.891618 -0.060052
v -0.005521 3.852866 0.014428
v 0.034239 4.371801 0.005354
v 0.034239 4.333050 -0.077313
v 0.034239 4.028028 -0.185039
vn -0.0000 0.6074 -0.7944
vn -0.0000 0.3246 -0.9459
vn -0.0000 -0.0000 -1.0000
vn -0.0000 -0.6074 -0.7944
vn -0.0000 -0.8204 -0.5718
vn -0.0000 -0.9519 -0.3063
vn -0.0000 1.0000 -0.0000
vn 0.1329 0.9519 -0.2760
vn 0.2481 0.8204 -0.5152
vn 0.3447 0.6074 -0.7158
vn 0.4104 0.3246 -0.8522
vn 0.4339 -0.0000 -0.9010
vn 0.4104 -0.3246 -0.8522
vn 0.3447 -0.6074 -0.7158
vn 0.2481 -0.8204 -0.5152
vn 0.1329 -0.9519 -0.2760
vn 0.2395 0.9519 -0.1910
vn 0.4471 0.8204 -0.3565
vn 0.6211 0.6074 -0.4953
vn 0.7395 0.3246 -0.5897
vn 0.7818 -0.0000 -0.6235
vn 0.7395 -0.3246 -0.5897
vn 0.6211 -0.6074 -0.4953
vn 0.4471 -0.8204 -0.3565
vn 0.2395 -0.9519 -0.1910
vn 0.2987 0.9519 -0.0682
vn 0.5575 0.8204 -0.1272
vn 0.7745 0.6074 -0.1768
vn 0.9222 0.3246 -0.2105
vn 0.9749 -0.0000 -0.2225
vn 0.9222 -0.3246 -0.2105
vn 0.7745 -0.6074 -0.1768
vn 0.5575 -0.8204 -0.1272
vn 0.2987 -0.9519 -0.0682
vn 0.2987 0.9519 0.0682
vn 0.5575 0.8204 0.1272
vn 0.7745 0.6074 0.1768
vn 0.9222 0.3246 0.2105
vn 0.9749 -0.0000 0.2225
vn 0.9222 -0.3246 0.2105
vn 0.7745 -0.6074 0.1768
vn 0.5575 -0.8204 0.1272
vn 0.2987 -0.9519 0.0682
vn 0.2395 0.9519 0.1910
vn 0.4471 0.8204 0.3565
vn 0.6211 0.6074 0.4953
vn 0.7395 0.3246 0.5897
vn 0.7818 -0.0000 0.6235
vn 0.7395 -0.3246 0.5897
vn 0.6211 -0.6074 0.4953
vn 0.4471 -0.8204 0.3565
vn 0.2395 -0.9519 0.1910
vn 0.1329 0.9519 0.2760
vn 0.2481 0.8204 0.5152
vn 0.3447 0.6074 0.7158
vn 0.4104 0.3246 0.8522
vn 0.4339 -0.0000 0.9010
vn 0.4104 -0.3246 0.8522
vn 0.3447 -0.6074 0.7158
vn 0.2481 -0.8204 0.5152
vn 0.1329 -0.9519 0.2760
vn -0.0000 0.9519 0.3063
vn -0.0000 0.8204 0.5718
vn -0.0000 0.6074 0.7944
vn -0.0000 0.3246 0.9459
vn -0.0000 -0.0000 1.0000
vn -0.0000 -0.3246 0.9459
vn -0.0000 -0.6074 0.7944
vn -0.0000 -0.8204 0.5718
vn -0.0000 -0.9519 0.3063
vn -0.1329 0.9519 0.2760
vn -0.2481 0.8204 0.5152
vn -0.3447 0.6074 0.7158
vn -0.4104 0.3246 0.8522
vn -0.4339 -0.0000 0.9010
vn -0.4104 -0.3246 0.8522
vn -0.3447 -0.6074 0.7158
vn -0.2481 -0.8204 0.5152
vn -0.1329 -0.9519 0.2760
vn -0.2395 0.9519 0.1910
vn -0.4471 0.8204 0.3565
vn -0.6211 0.6074 0.4953
vn -0.7395 0.3246 0.5897
vn -0.7818 -0.0000 0.6235
vn -0.7395 -0.3246 0.5897
vn -0.6211 -0.6074 0.4953
vn -0.4471 -0.8204 0.3565
vn -0.2395 -0.9519 0.1910
vn -0.0000 -1.0000 -0.0000
vn -0.2987 0.9519 0.0682
vn -0.5575 0.8204 0.1272
vn -0.7745 0.6074 0.1768
vn -0.9222 0.3246 0.2105
vn -0.9749 -0.0000 0.2225
vn -0.9222 -0.3246 0.2105
vn -0.7745 -0.6074 0.1768
vn -0.5575 -0.8204 0.1272
vn -0.2987 -0.9519 0.0682
vn -0.2987 0.9519 -0.0682
vn -0.5575 0.8204 -0.1272
vn -0.7745 0.6074 -0.1768
vn -0.9222 0.3246 -0.2105
vn -0.9749 -0.0000 -0.2225
vn -0.9222 -0.3246 -0.2105
vn -0.7745 -0.6074 -0.1768
vn -0.5575 -0.8204 -0.1272
vn -0.2987 -0.9519 -0.0682
vn -0.2395 0.9519 -0.1910
vn -0.4471 0.8204 -0.3565
vn -0.6211 0.6074 -0.4953
vn -0.7395 0.3246 -0.5897
vn -0.7818 -0.0000 -0.6235
vn -0.7395 -0.3246 -0.5897
vn -0.6211 -0.6074 -0.4953
vn -0.4471 -0.8204 -0.3565
vn -0.2395 -0.9519 -0.1910
vn -0.1329 0.9519 -0.2760
vn -0.2481 0.8204 -0.5152
vn -0.3447 0.6074 -0.7158
vn -0.4104 0.3246 -0.8522
vn -0.4339 -0.0000 -0.9010
vn -0.4104 -0.3246 -0.8522
vn -0.3447 -0.6074 -0.7158
vn -0.2481 -0.8204 -0.5152
vn -0.1329 -0.9519 -0.2760
vn -0.0000 0.9519 -0.3063
vn -0.0000 0.8204 -0.5718
vn -0.0000 -0.3246 -0.9459
s 1
usemtl lamp_tip
f 967//961 850//844 841//835
f 929//923 846//840 856//850
f 968//962 854//848 844//838
f 841//835 851//845 842//836
f 966//960 847//841 848//842
f 844//838 855//849 845//839
f 842//836 852//846 843//837
f 967//961 848//842 849//843
f 845//839 856//850 846//840
f 968//962 852//846 853//847
f 849//843 859//853 850//844
f 929//923 856//850 865//859
f 853//847 863//857 854//848
f 850//844 860//854 851//845
f 848//842 847//841 857//851
f 855//849 863//857 864//858
f 851//845 861//855 852//846
f 848//842 858//852 849//843
f 856//850 864//858 865//859
f 852//846 862//856 853//847
f 861//855 871//865 862//856
f 858//852 868//862 859//853
f 929//923 865//859 874//868
f 863//857 871//865 872//866
f 859//853 869//863 860//854
f 857//851 847//841 866//860
f 864//858 872//866 873//867
f 861//855 869//863 870//864
f 857//851 867//861 858//852
f 865//859 873//867 874//868
f 866//860 876//870 867//861
f 873//867 883//877 874//868
f 870//864 880//874 871//865
f 867//861 877//871 868//862
f 929//923 874//868 883//877
f 872//866 880//874 881//875
f 868//862 878//872 869//863
f 866//860 847//841 875//869
f 873//867 881//875 882//876
f 870//864 878//872 879//873
f 881//875 891//885 882//876
f 879//873 887//881 888//882
f 876//870 884//878 885//879
f 882//876 892//886 883//877
f 879//873 889//883 880//874
f 876//870 886//880 877//871
f 929//923 883//877 892//886
f 881//875 889//883 890//884
f 877//871 887//881 878//872
f 875//869 847//841 884//878
f 886//880 896//890 887//881
f 884//878 847//841 893//887
f 891//885 899//893 900//894
f 888//882 896//890 897//891
f 885//879 893//887 894//888
f 891//885 901//895 892//886
f 888//882 898//892 889//883
f 885//879 895//889 886//880
f 929//923 892//886 901//895
f 890//884 898//892 899//893
f 898//892 908//902 899//893
f 895//889 905//899 896//890
f 893//887 847//841 902//896
f 900//894 908//902 909//903
f 897//891 905//899 906//900
f 893//887 903//897 894//888
f 900//894 910//904 901//895
f 897//891 907//901 898//892
f 894//888 904//898 895//889
f 929//923 901//895 910//904
f 903//897 913//907 904//898
f 929//923 910//904 919//913
f 908//902 916//910 917//911
f 904//898 914//908 905//899
f 902//896 847//841 911//905
f 908//902 918//912 909//903
f 906//900 914//908 915//909
f 903//897 911//905 912//906
f 909//903 919//913 910//904
f 906//900 916//910 907//901
f 918//912 928//922 919//913
f 915//909 925//919 916//910
f 912//906 922//916 913//907
f 929//923 919//913 928//922
f 917//911 925//919 926//920
f 913//907 923//917 914//908
f 911//905 847//841 920//914
f 917//911 927//921 918//912
f 915//909 923//917 924//918
f 912//906 920//914 921//915
f 924//918 933//927 934//928
f 921//915 930//924 931//925
f 927//921 938//932 928//922
f 924//918 935//929 925//919
f 921//915 932//926 922//916
f 929//923 928//922 938//932
f 926//920 935//929 936//930
f 922//916 933//927 923//917
f 920//914 847//841 930//924
f 927//921 936//930 937//931
f 930//924 847//841 939//933
f 937//931 945//939 946//940
f 934//928 942//936 943//937
f 931//925 939//933 940//934
f 937//931 947//941 938//932
f 934//928 944//938 935//929
f 931//925 941//935 932//926
f 929//923 938//932 947//941
f 936//930 944//938 945//939
f 932//926 942//936 933//927
f 941//935 951//945 942//936
f 939//933 847//841 948//942
f 946//940 954//948 955//949
f 943//937 951//945 952//946
f 940//934 948//942 949//943
f 946//940 956//950 947//941
f 943//937 953//947 944//938
f 940//934 950//944 941//935
f 929//923 947//941 956//950
f 945//939 953//947 954//948
f 929//923 956//950 965//959
f 954//948 962//956 963//957
f 950//944 960//954 951//945
f 948//942 847//841 957//951
f 955//949 963//957 964//958
f 952//946 960//954 961//955
f 949//943 957//951 958//952
f 955//949 965//959 956//950
f 952//946 962//956 953//947
f 949//943 959//953 950//944
f 961//955 968//962 962//956
f 958//952 841//835 959//953
f 929//923 965//959 846//840
f 962//956 844//838 963//957
f 959//953 842//836 960//954
f 957//951 847//841 966//960
f 964//958 844//838 845//839
f 961//955 842//836 843//837
f 958//952 966//960 967//961
f 964//958 846//840 965//959
f 967//961 849//843 850//844
f 968//962 853//847 854//848
f 841//835 850//844 851//845
f 844//838 854//848 855//849
f 842//836 851//845 852//846
f 967//961 966//960 848//842
f 845//839 855//849 856//850
f 968//962 843//837 852//846
f 849//843 858//852 859//853
f 853//847 862//856 863//857
f 850//844 859//853 860//854
f 855//849 854//848 863//857
f 851//845 860//854 861//855
f 848//842 857//851 858//852
f 856//850 855//849 864//858
f 852//846 861//855 862//856
f 861//855 870//864 871//865
f 858//852 867//861 868//862
f 863//857 862//856 871//865
f 859//853 868//862 869//863
f 864//858 863//857 872//866
f 861//855 860//854 869//863
f 857//851 866//860 867//861
f 865//859 864//858 873//867
f 866//860 875//869 876//870
f 873//867 882//876 883//877
f 870//864 879//873 880//874
f 867//861 876//870 877//871
f 872//866 871//865 880//874
f 868//862 877//871 878//872
f 873//867 872//866 881//875
f 870//864 869//863 878//872
f 881//875 890//884 891//885
f 879//873 878//872 887//881
f 876//870 875//869 884//878
f 882//876 891//885 892//886
f 879//873 888//882 889//883
f 876//870 885//879 886//880
f 881//875 880//874 889//883
f 877//871 886//880 887//881
f 886//880 895//889 896//890
f 891//885 890//884 899//893
f 888//882 887//881 896//890
f 885//879 884//878 893//887
f 891//885 900//894 901//895
f 888//882 897//891 898//892
f 885//879 894//888 895//889
f 890//884 889//883 898//892
f 898//892 907//901 908//902
f 895//889 904//898 905//899
f 900//894 899//893 908//902
f 897//891 896//890 905//899
f 893//887 902//896 903//897
f 900//894 909//903 910//904
f 897//891 906//900 907//901
f 894//888 903//897 904//898
f 903//897 912//906 913//907
f 908//902 907//901 916//910
f 904//898 913//907 914//908
f 908//902 917//911 918//912
f 906//900 905//899 914//908
f 903//897 902//896 911//905
f 909//903 918//912 919//913
f 906//900 915//909 916//910
f 918//912 927//921 928//922
f 915//909 924//918 925//919
f 912//906 921//915 922//916
f 917//911 916//910 925//919
f 913//907 922//916 923//917
f 917//911 926//920 927//921
f 915//909 914//908 923//917
f 912//906 911//905 920//914
f 924//918 923//917 933//927
f 921//915 920//914 930//924
f 927//921 937//931 938//932
f 924//918 934//928 935//929
f 921//915 931//925 932//926
f 926//920 925//919 935//929
f 922//916 932//926 933//927
f 927//921 926//920 936//930
f 937//931 936//930 945//939
f 934//928 933//927 942//936
f 931//925 930//924 939//933
f 937//931 946//940 947//941
f 934//928 943//937 944//938
f 931//925 940//934 941//935
f 936//930 935//929 944//938
f 932//926 941//935 942//936
f 941//935 950//944 951//945
f 946//940 945//939 954//948
f 943//937 942//936 951//945
f 940//934 939//933 948//942
f 946//940 955//949 956//950
f 943//937 952//946 953//947
f 940//934 949//943 950//944
f 945//939 944//938 953//947
f 954//948 953//947 962//956
f 950//944 959//953 960//954
f 955//949 954//948 963//957
f 952//946 951//945 960//954
f 949//943 948//942 957//951
f 955//949 964//958 965//959
f 952//946 961//955 962//956
f 949//943 958//952 959//953
f 961//955 843//837 968//962
f 958//952 967//961 841//835
f 962//956 968//962 844//838
f 959//953 841//835 842//836
f 964//958 963//957 844//838
f 961//955 960//954 842//836
f 958//952 957//951 966//960
f 964//958 845//839 846//840
