# Blender 4.4.3
# www.blender.org
mtllib coral_column.mtl
o coral_column_body
v 1.104834 0.000000 0.000000
v 1.142632 0.000000 -0.150430
v 1.113870 0.000000 -0.298460
v 1.028381 0.000000 -0.425970
v 0.922321 0.000000 -0.532502
v 0.829259 0.000000 -0.636313
v 0.756303 0.000000 -0.756303
v 0.680590 0.000000 -0.886962
v 0.577978 0.000000 -1.001088
v 0.442708 0.000000 -1.068790
v 0.289559 0.000000 -1.080649
v 0.138756 0.000000 -1.053958
v 0.000000 0.000000 -1.034190
v -0.137517 0.000000 -1.044546
v -0.286055 0.000000 -1.067574
v -0.440372 0.000000 -1.063153
v -0.577039 0.000000 -0.999461
v -0.676256 0.000000 -0.881314
v -0.746934 0.000000 -0.746934
v -0.821252 0.000000 -0.630169
v -0.923868 0.000000 -0.533395
v -1.043693 0.000000 -0.432312
v -1.136334 0.000000 -0.304480
v -1.157641 0.000000 -0.152406
v -1.109125 0.000000 -0.000000
v -1.039874 0.000000 0.136902
v -0.994518 0.000000 0.266480
v -0.981031 0.000000 0.406356
v -0.970029 0.000000 0.560046
v -0.917597 0.000000 0.704097
v -0.804372 0.000000 0.804372
v -0.656607 0.000000 0.855707
v -0.514574 0.000000 0.891268
v -0.393667 0.000000 0.950397
v -0.278698 0.000000 1.040117
v -0.148307 0.000000 1.126504
v -0.000000 0.000000 1.164525
v 0.149431 0.000000 1.135044
v 0.284319 0.000000 1.061092
v 0.408736 0.000000 0.986777
v 0.540374 0.000000 0.935956
v 0.685033 0.000000 0.892752
v 0.823969 0.000000 0.823969
v 0.924994 0.000000 0.709773
v 0.971462 0.000000 0.560874
v 0.981534 0.000000 0.406565
v 0.996208 0.000000 0.266933
v 1.041090 0.000000 0.137062
v 1.414339 0.223914 -0.002586
v 1.482466 0.223914 -0.197964
v 1.422777 0.223914 -0.384240
v 1.266443 0.223914 -0.527817
v 1.098630 0.223914 -0.637790
v 0.986482 0.223914 -0.760749
v 0.929996 0.223914 -0.934158
v 0.868554 0.223914 -1.136560
v 0.747242 0.223914 -1.299575
v 0.562290 0.223914 -1.363876
v 0.353952 0.223914 -1.329430
v 0.164121 0.223914 -1.261174
v -0.001575 0.223914 -1.247471
v -0.173537 0.223914 -1.308769
v -0.371848 0.223914 -1.384464
v -0.576418 0.223914 -1.390380
v -0.738942 0.223914 -1.279744
v -0.832987 0.223914 -1.086104
v -0.895355 0.223914 -0.896367
v -0.995191 0.223914 -0.765015
v -1.164391 0.223914 -0.673938
v -1.357451 0.223914 -0.564209
v -1.479831 0.223914 -0.398684
v -1.464122 0.223914 -0.195134
v -1.347461 0.223914 -0.002586
v -1.237433 0.223914 0.160117
v -1.206463 0.223914 0.320262
v -1.240193 0.223914 0.510466
v -1.259747 0.223914 0.723819
v -1.188203 0.223914 0.907945
v -1.012075 0.223914 1.007914
v -0.796847 0.223914 1.033832
v -0.615549 0.223914 1.060848
v -0.482123 0.223914 1.157559
v -0.355812 0.223914 1.319444
v -0.195161 0.223914 1.467847
v -0.001575 0.223914 1.510818
v 0.186425 0.223914 1.425418
v 0.342238 0.223914 1.280542
v 0.485208 0.223914 1.172611
v 0.657535 0.223914 1.139025
v 0.867831 0.223914 1.130445
v 1.066866 0.223914 1.065855
v 1.185266 0.223914 0.908108
v 1.202601 0.223914 0.692645
v 1.176191 0.223914 0.485260
v 1.191027 0.223914 0.316970
v 1.284660 0.223914 0.166750
v 1.094542 0.447828 -0.004395
v 1.108444 0.447828 -0.150984
v 1.057281 0.447828 -0.289035
v 0.963604 0.447828 -0.405608
v 0.867950 0.447828 -0.508399
v 0.794332 0.447828 -0.617752
v 0.735179 0.447828 -0.744585
v 0.661062 0.447828 -0.872438
v 0.552776 0.447828 -0.970511
v 0.414937 0.447828 -1.018239
v 0.267308 0.447828 -1.020702
v 0.127092 0.447828 -1.007818
v -0.005011 0.447828 -1.015448
v -0.141977 0.447828 -1.044757
v -0.289271 0.447828 -1.065269
v -0.436291 0.447828 -1.045597
v -0.561430 0.447828 -0.968141
v -0.652389 0.447828 -0.848074
v -0.726419 0.447828 -0.725803
v -0.814409 0.447828 -0.625468
v -0.927285 0.447828 -0.536870
v -1.038891 0.447828 -0.432642
v -1.105348 0.447828 -0.299229
v -1.099215 0.447828 -0.148450
v -1.046591 0.447828 -0.004395
v -0.999228 0.447828 0.126496
v -0.984045 0.447828 0.257936
v -0.985425 0.447828 0.401706
v -0.963878 0.447828 0.549207
v -0.891528 0.447828 0.675854
v -0.768717 0.447828 0.759312
v -0.628620 0.447828 0.808309
v -0.503327 0.447828 0.858715
v -0.395241 0.447828 0.937705
v -0.283610 0.447828 1.035353
v -0.152113 0.447828 1.112957
v -0.005011 0.447828 1.129594
v 0.137852 0.447828 1.080760
v 0.265218 0.447828 1.004111
v 0.387464 0.447828 0.943124
v 0.521369 0.447828 0.907321
v 0.665634 0.447828 0.869606
v 0.794512 0.447828 0.795128
v 0.878180 0.447828 0.673301
v 0.913213 0.447828 0.525742
v 0.931922 0.447828 0.383695
v 0.970525 0.447828 0.256999
v 1.034203 0.447828 0.132420
v 1.464934 0.671742 -0.005535
v 1.484358 0.671742 -0.202252
v 1.380189 0.671742 -0.377997
v 1.211067 0.671742 -0.511259
v 1.066918 0.671742 -0.627212
v 0.990452 0.671742 -0.773100
v 0.950615 0.671742 -0.966009
v 0.877252 0.671742 -1.161640
v 0.731333 0.671742 -1.289317
v 0.532275 0.671742 -1.314362
v 0.328901 0.671742 -1.269803
v 0.152050 0.671742 -1.235356
v -0.009859 0.671742 -1.274020
v -0.188836 0.671742 -1.365002
v -0.390835 0.671742 -1.427357
v -0.585762 0.671742 -1.395887
v -0.731837 0.671742 -1.256037
v -0.820659 0.671742 -1.062189
v -0.902292 0.671742 -0.897967
v -1.035578 0.671742 -0.792597
v -1.222656 0.671742 -0.705744
v -1.394506 0.671742 -0.579075
v -1.465908 0.671742 -0.395682
v -1.408339 0.671742 -0.189648
v -1.298186 0.671742 -0.005535
v -1.237376 0.671742 0.156071
v -1.260899 0.671742 0.329680
v -1.314087 0.671742 0.534694
v -1.305122 0.671742 0.742286
v -1.188767 0.671742 0.899073
v -0.989779 0.671742 0.974385
v -0.785187 0.671742 1.004893
v -0.629655 0.671742 1.067984
v -0.511550 0.671742 1.205654
v -0.380976 0.671742 1.379492
v -0.208074 0.671742 1.500060
v -0.009859 0.671742 1.492939
v 0.171648 0.671742 1.373151
v 0.322591 0.671742 1.235187
v 0.474161 0.671742 1.162992
v 0.660742 0.671742 1.155980
v 0.873503 0.671742 1.145685
v 1.055140 0.671742 1.059464
v 1.148520 0.671742 0.883320
v 1.157561 0.671742 0.668476
v 1.155951 0.671742 0.477359
v 1.218213 0.671742 0.323526
v 1.345919 0.671742 0.172957
v 1.080577 0.895655 -0.006631
v 1.068185 0.895655 -0.149256
v 0.999110 0.895655 -0.278403
v 0.907648 0.895655 -0.388869
v 0.830576 0.895655 -0.494914
v 0.775407 0.895655 -0.613251
v 0.720247 0.895655 -0.742033
v 0.636102 0.895655 -0.855366
v 0.516044 0.895655 -0.926696
v 0.376618 0.895655 -0.952456
v 0.238900 0.895655 -0.954779
v 0.110851 0.895655 -0.963744
v -0.015155 0.895655 -0.997108
v -0.150697 0.895655 -1.036170
v -0.293401 0.895655 -1.045061
v -0.428968 0.895655 -1.005664
v -0.541884 0.895655 -0.918952
v -0.630159 0.895655 -0.808120
v -0.714281 0.895655 -0.705757
v -0.815670 0.895655 -0.620888
v -0.930012 0.895655 -0.534824
v -1.023776 0.895655 -0.424416
v -1.062760 0.895655 -0.287336
v -1.041442 0.895655 -0.141745
v -1.001192 0.895655 -0.006631
v -0.983922 0.895655 0.120909
v -0.994630 0.895655 0.255818
v -1.000235 0.895655 0.401402
v -0.961366 0.895655 0.539664
v -0.869488 0.895655 0.648921
v -0.742559 0.895655 0.720772
v -0.614827 0.895655 0.774877
v -0.505720 0.895655 0.843052
v -0.405637 0.895655 0.936075
v -0.292853 0.895655 1.029750
v -0.158781 0.895655 1.084312
v -0.015155 0.895655 1.073285
v 0.119077 0.895655 1.012960
v 0.240613 0.895655 0.947908
v 0.364004 0.895655 0.908739
v 0.499230 0.895655 0.884309
v 0.636901 0.895655 0.843145
v 0.751681 0.895655 0.760205
v 0.824061 0.895655 0.637322
v 0.861740 0.895655 0.499644
v 0.897805 0.895655 0.371529
v 0.958803 0.895655 0.254340
v 1.032802 0.895655 0.131335
v 1.491173 1.119569 -0.008562
v 1.447231 1.119569 -0.201699
v 1.302941 1.119569 -0.362988
v 1.149194 1.119569 -0.492773
v 1.057579 1.119569 -0.630584
v 1.024201 1.119569 -0.809649
v 0.983352 1.119569 -1.011710
v 0.872365 1.119569 -1.171248
v 0.689575 1.119569 -1.237228
v 0.482557 1.119569 -1.221348
v 0.297447 1.119569 -1.192529
v 0.139514 1.119569 -1.218641
v -0.019796 1.119569 -1.313244
v -0.204497 1.119569 -1.411506
v -0.400206 1.119569 -1.428270
v -0.569474 1.119569 -1.335601
v -0.690624 1.119569 -1.170469
v -0.785449 1.119569 -1.006380
v -0.906697 1.119569 -0.895462
v -1.080885 1.119569 -0.822763
v -1.270903 1.119569 -0.730889
v -1.397317 1.119569 -0.579149
v -1.407734 1.119569 -0.380458
v -1.329603 1.119569 -0.181001
v -1.260580 1.119569 -0.008562
v -1.269457 1.119569 0.155959
v -1.338340 1.119569 0.344741
v -1.380715 1.119569 0.555150
v -1.318408 1.119569 0.741192
v -1.153447 1.119569 0.861319
v -0.949911 1.119569 0.921553
v -0.778683 1.119569 0.980439
v -0.657636 1.119569 1.096210
v -0.547442 1.119569 1.265289
v -0.401924 1.119569 1.417558
v -0.214562 1.119569 1.470834
v -0.019796 1.119569 1.400230
v 0.148770 1.119569 1.271822
v 0.299042 1.119569 1.181360
v 0.467745 1.119569 1.168467
v 0.669358 1.119569 1.185089
v 0.870598 1.119569 1.151823
v 1.014949 1.119569 1.026183
v 1.076496 1.119569 0.832653
v 1.092645 1.119569 0.633706
v 1.138077 1.119569 0.471045
v 1.256867 1.119569 0.333519
v 1.406397 1.119569 0.179200
v 1.042621 1.343483 -0.012236
v 1.006758 1.343483 -0.147791
v 0.929160 1.343483 -0.267336
v 0.853936 1.343483 -0.375427
v 0.802867 1.343483 -0.488984
v 0.762964 1.343483 -0.615239
v 0.702621 1.343483 -0.737742
v 0.602925 1.343483 -0.827806
v 0.474023 1.343483 -0.872904
v 0.339309 1.343483 -0.886647
v 0.215163 1.343483 -0.900640
v 0.098744 1.343483 -0.936091
v -0.022884 1.343483 -0.987803
v -0.155863 1.343483 -1.022311
v -0.289606 1.343483 -1.007655
v -0.408032 1.343483 -0.942065
v -0.505899 1.343483 -0.848843
v -0.595406 1.343483 -0.758362
v -0.695686 1.343483 -0.685038
v -0.810723 1.343483 -0.616766
v -0.918453 1.343483 -0.529293
v -0.985613 1.343483 -0.411012
v -0.998251 1.343483 -0.273585
v -0.977630 1.343483 -0.137931
v -0.964571 1.343483 -0.012236
v -0.978786 1.343483 0.113611
v -1.002915 1.343483 0.250362
v -0.997216 1.343483 0.391345
v -0.934444 1.343483 0.514053
v -0.826586 1.343483 0.604466
v -0.707739 1.343483 0.672619
v -0.602791 1.343483 0.743514
v -0.510979 1.343483 0.833169
v -0.412968 1.343483 0.929510
v -0.294273 1.343483 1.000603
v -0.158516 1.343483 1.017993
v -0.022884 1.343483 0.981716
v 0.100663 1.343483 0.926193
v 0.218175 1.343483 0.887409
v 0.343674 1.343483 0.872713
v 0.478538 1.343483 0.856253
v 0.604440 1.343483 0.805308
v 0.699649 1.343483 0.710297
v 0.760333 1.343483 0.588748
v 0.805913 1.343483 0.466270
v 0.862024 1.343483 0.354305
v 0.939872 1.343483 0.245733
v 1.013940 1.343483 0.124264
v 1.379142 1.567397 -0.018356
v 1.289186 1.567397 -0.191242
v 1.144776 1.567397 -0.331532
v 1.040209 1.567397 -0.459172
v 1.005967 1.567397 -0.613015
v 0.997223 1.567397 -0.801978
v 0.938843 1.567397 -0.981213
v 0.798187 1.567397 -1.089870
v 0.607854 1.567397 -1.112784
v 0.421150 1.567397 -1.093077
v 0.266850 1.567397 -1.103877
v 0.129465 1.567397 -1.184144
v -0.024014 1.567397 -1.300013
v -0.201617 1.567397 -1.367379
v -0.374413 1.567397 -1.326061
v -0.509562 1.567397 -1.190571
v -0.609816 1.567397 -1.032993
v -0.717517 1.567397 -0.922146
v -0.871538 1.567397 -0.865880
v -1.059790 1.567397 -0.813135
v -1.216521 1.567397 -0.706850
v -1.276899 1.567397 -0.537317
v -1.240959 1.567397 -0.344435
v -1.181288 1.567397 -0.170714
v -1.175691 1.567397 -0.018356
v -1.240712 1.567397 0.141826
v -1.317044 1.567397 0.328111
v -1.318224 1.567397 0.517723
v -1.204890 1.567397 0.663423
v -1.022064 1.567397 0.747475
v -0.852780 1.567397 0.810410
v -0.736993 1.567397 0.910816
v -0.650904 1.567397 1.067448
v -0.541479 1.567397 1.230914
v -0.383613 1.567397 1.323685
v -0.198143 1.567397 1.304280
v -0.024014 1.567397 1.206021
v 0.125105 1.567397 1.114317
v 0.272888 1.567397 1.089697
v 0.447239 1.567397 1.119351
v 0.641372 1.567397 1.134127
v 0.807373 1.567397 1.065130
v 0.903791 1.567397 0.909450
v 0.941722 1.567397 0.722680
v 0.979783 1.567397 0.561187
v 1.070761 1.567397 0.435115
v 1.216941 1.567397 0.314157
v 1.348266 1.567397 0.162308
v 0.980642 1.791311 -0.027107
v 0.929359 1.791311 -0.152578
v 0.856243 1.791311 -0.262883
v 0.804034 1.791311 -0.369960
v 0.775619 1.791311 -0.488586
v 0.743314 1.791311 -0.615646
v 0.675218 1.791311 -0.726011
v 0.566844 1.791311 -0.796700
v 0.440150 1.791311 -0.830494
v 0.317059 1.791311 -0.849738
v 0.205628 1.791311 -0.882918
v 0.096428 1.791311 -0.939456
v -0.023685 1.791311 -0.994846
v -0.153268 1.791311 -1.011387
v -0.276790 1.791311 -0.971705
v -0.381115 1.791311 -0.890020
v -0.470509 1.791311 -0.801028
v -0.565464 1.791311 -0.733167
v -0.679292 1.791311 -0.682713
v -0.798281 1.791311 -0.621476
v -0.887781 1.791311 -0.525993
v -0.923435 1.791311 -0.399796
v -0.916758 1.791311 -0.266405
v -0.908155 1.791311 -0.143550
v -0.923585 1.791311 -0.027107
v -0.958148 1.791311 0.095917
v -0.979222 1.791311 0.228928
v -0.952457 1.791311 0.357603
v -0.869518 1.791311 0.461235
v -0.757811 1.791311 0.536207
v -0.658045 1.791311 0.607252
v -0.580013 1.791311 0.697913
v -0.503918 1.791311 0.804680
v -0.405526 1.791311 0.894737
v -0.281780 1.791311 0.936115
v -0.148833 1.791311 0.923486
v -0.023685 1.791311 0.882387
v 0.091816 1.791311 0.850212
v 0.209533 1.791311 0.843274
v 0.337446 1.791311 0.844741
v 0.468030 1.791311 0.824569
v 0.577158 1.791311 0.755928
v 0.650354 1.791311 0.646932
v 0.700003 1.791311 0.528198
v 0.753744 1.791311 0.421742
v 0.826303 1.791311 0.324969
v 0.911459 1.791311 0.223464
v 0.974519 1.791311 0.104309
v 1.262691 2.015225 -0.036489
v 1.152737 2.015225 -0.191119
v 1.032463 2.015225 -0.318978
v 0.976872 2.015225 -0.450152
v 0.978362 2.015225 -0.613932
v 0.970606 2.015225 -0.797989
v 0.889004 2.015225 -0.947293
v 0.731882 2.015225 -1.018707
v 0.550043 2.015225 -1.026950
v 0.389301 2.015225 -1.028975
v 0.258608 2.015225 -1.082987
v 0.130847 2.015225 -1.195962
v -0.021800 2.015225 -1.303179
v -0.191511 2.015225 -1.325568
v -0.344527 2.015225 -1.240923
v -0.460497 2.015225 -1.095598
v -0.558839 2.015225 -0.966668
v -0.684462 2.015225 -0.900087
v -0.856549 2.015225 -0.871237
v -1.035371 2.015225 -0.814229
v -1.147478 2.015225 -0.686399
v -1.156013 2.015225 -0.506295
v -1.103662 2.015225 -0.326373
v -1.077691 2.015225 -0.175499
v -1.121697 2.015225 -0.036489
v -1.209505 2.015225 0.119876
v -1.263153 2.015225 0.296131
v -1.217941 2.015225 0.458969
v -1.075565 2.015225 0.571903
v -0.903273 2.015225 0.639889
v -0.776773 2.015225 0.718484
v -0.704209 2.015225 0.852844
v -0.635942 2.015225 1.027236
v -0.519934 2.015225 1.166114
v -0.354180 2.015225 1.203970
v -0.177462 2.015225 1.145882
v -0.021800 2.015225 1.060033
v 0.117549 2.015225 1.021971
v 0.269752 2.015225 1.051598
v 0.447570 2.015225 1.096672
v 0.626545 2.015225 1.086478
v 0.756216 2.015225 0.977441
v 0.816968 2.015225 0.802279
v 0.847908 2.015225 0.630862
v 0.912016 2.015225 0.502650
v 1.034471 2.015225 0.401033
v 1.183525 2.015225 0.286477
v 1.279587 2.015225 0.134842
v 0.920985 2.239139 -0.040500
v 0.865796 2.239139 -0.156567
v 0.809316 2.239139 -0.261595
v 0.779013 2.239139 -0.369731
v 0.761957 2.239139 -0.489551
v 0.725905 2.239139 -0.609648
v 0.648069 2.239139 -0.704391
v 0.536936 2.239139 -0.760869
v 0.418491 2.239139 -0.792753
v 0.309358 2.239139 -0.825556
v 0.208486 2.239139 -0.877632
v 0.102980 2.239139 -0.942898
v -0.015823 2.239139 -0.986996
v -0.139580 2.239139 -0.980529
v -0.253053 2.239139 -0.925854
v -0.350620 2.239139 -0.848772
v -0.442126 2.239139 -0.778877
v -0.545006 2.239139 -0.730144
v -0.662449 2.239139 -0.687125
v -0.771240 2.239139 -0.620151
v -0.838492 2.239139 -0.515467
v -0.854185 2.239139 -0.387760
v -0.845281 2.239139 -0.262752
v -0.852994 2.239139 -0.150715
v -0.886523 2.239139 -0.040500
v -0.924253 2.239139 0.079098
v -0.930378 2.239139 0.204555
v -0.883817 2.239139 0.319035
v -0.793331 2.239139 0.408395
v -0.691963 2.239139 0.478321
v -0.612650 2.239139 0.556327
v -0.551921 2.239139 0.658157
v -0.482110 2.239139 0.767133
v -0.382107 2.239139 0.843787
v -0.258136 2.239139 0.863824
v -0.131982 2.239139 0.841816
v -0.015823 2.239139 0.814364
v 0.096108 2.239139 0.809705
v 0.216073 2.239139 0.824949
v 0.343869 2.239139 0.827873
v 0.464323 2.239139 0.791139
v 0.555369 2.239139 0.703892
v 0.614179 2.239139 0.589503
v 0.663499 2.239139 0.480763
v 0.729364 2.239139 0.389735
v 0.813218 2.239139 0.302901
v 0.893996 2.239139 0.203286
v 0.936313 2.239139 0.084852
v 1.213553 2.463053 -0.037754
v 1.101969 2.463053 -0.183800
v 1.026559 2.463053 -0.314793
v 1.018806 2.463053 -0.462808
v 1.034796 2.463053 -0.639446
v 1.002803 2.463053 -0.812883
v 0.886473 2.463053 -0.931592
v 0.714336 2.463053 -0.978293
v 0.542758 2.463053 -0.990596
v 0.403908 2.463053 -1.030656
v 0.285511 2.463053 -1.130785
v 0.153275 2.463053 -1.257940
v -0.007366 2.463053 -1.330812
v -0.173111 2.463053 -1.296718
v -0.313519 2.463053 -1.180335
v -0.427687 2.463053 -1.052500
v -0.546370 2.463053 -0.971337
v -0.702022 2.463053 -0.943047
v -0.887163 2.463053 -0.917551
v -1.044942 2.463053 -0.833914
v -1.114672 2.463053 -0.677058
v -1.094780 2.463053 -0.488176
v -1.054063 2.463053 -0.318216
v -1.071441 2.463053 -0.177842
v -1.154175 2.463053 -0.037754
v -1.241388 2.463053 0.124709
v -1.254669 2.463053 0.296460
v -1.163001 2.463053 0.440926
v -1.003990 2.463053 0.537648
v -0.853724 2.463053 0.611680
v -0.763726 2.463053 0.718607
v -0.712435 2.463053 0.881110
v -0.639523 2.463053 1.057176
v -0.506189 2.463053 1.166514
v -0.329752 2.463053 1.165409
v -0.156670 2.463053 1.096325
v -0.007366 2.463053 1.043833
v 0.137197 2.463053 1.060310
v 0.304180 2.463053 1.124949
v 0.488388 2.463053 1.159101
v 0.650700 2.463053 1.102049
v 0.750905 2.463053 0.950444
v 0.797679 2.463053 0.767291
v 0.848147 2.463053 0.618704
v 0.953703 2.463053 0.517119
v 1.105654 2.463053 0.423274
v 1.238373 2.463053 0.296041
v 1.279324 2.463053 0.131642
v 0.857463 2.686966 -0.027922
v 0.811363 2.686966 -0.134582
v 0.783012 2.686966 -0.237407
v 0.773371 2.686966 -0.347765
v 0.757370 2.686966 -0.464497
v 0.708610 2.686966 -0.570737
v 0.621652 2.686966 -0.648374
v 0.514531 2.686966 -0.696908
v 0.408706 2.686966 -0.733743
v 0.313458 2.686966 -0.781780
v 0.220577 2.686966 -0.846650
v 0.116923 2.686966 -0.906927
v 0.001200 2.686966 -0.928642
v -0.113439 2.686966 -0.898692
v -0.215877 2.686966 -0.838063
v -0.309660 2.686966 -0.778404
v -0.407172 2.686966 -0.735242
v -0.517078 2.686966 -0.703354
v -0.631412 2.686966 -0.660533
v -0.724739 2.686966 -0.584954
v -0.774514 2.686966 -0.475780
v -0.784601 2.686966 -0.353411
v -0.785692 2.686966 -0.238769
v -0.809420 2.686966 -0.134642
v -0.850983 2.686966 -0.027922
v -0.879705 2.686966 0.088052
v -0.866634 2.686966 0.204614
v -0.806600 2.686966 0.306680
v -0.718780 2.686966 0.387759
v -0.634326 2.686966 0.459734
v -0.571441 2.686966 0.544719
v -0.516871 2.686966 0.647241
v -0.445460 2.686966 0.745716
v -0.344823 2.686966 0.807452
v -0.225412 2.686966 0.817804
v -0.107861 2.686966 0.800477
v 0.001200 2.686966 0.792036
v 0.111084 2.686966 0.806729
v 0.230407 2.686966 0.827489
v 0.352459 2.686966 0.820094
v 0.459532 2.686966 0.765934
v 0.536920 2.686966 0.670243
v 0.591922 2.686966 0.562800
v 0.649537 2.686966 0.469565
v 0.727345 2.686966 0.391318
v 0.814728 2.686966 0.309053
v 0.877441 2.686966 0.206867
v 0.890094 2.686966 0.089104
v 1.020910 2.910880 -0.011854
v 0.944137 2.910880 -0.135152
v 0.924595 2.910880 -0.257564
v 0.950383 2.910880 -0.402370
v 0.960929 2.910880 -0.562262
v 0.902197 2.910880 -0.698307
v 0.772953 2.910880 -0.777213
v 0.617390 2.910880 -0.806556
v 0.479873 2.910880 -0.829867
v 0.373873 2.910880 -0.896132
v 0.274754 2.910880 -1.008911
v 0.152542 2.910880 -1.112849
v 0.007593 2.910880 -1.139829
v -0.132060 2.910880 -1.072625
v -0.247037 2.910880 -0.962149
v -0.350851 2.910880 -0.877214
v -0.473628 2.910880 -0.845354
v -0.628526 2.910880 -0.840861
v -0.789567 2.910880 -0.809014
v -0.904459 2.910880 -0.711696
v -0.940286 2.910880 -0.559112
v -0.920698 2.910880 -0.396365
v -0.910549 2.910880 -0.257869
v -0.959465 2.910880 -0.139169
v -1.046744 2.910880 -0.011854
v -1.104091 2.910880 0.134502
v -1.077678 2.910880 0.278944
v -0.970618 2.910880 0.393335
v -0.835320 2.910880 0.474802
v -0.732646 2.910880 0.556152
v -0.678571 2.910880 0.674311
v -0.634800 2.910880 0.825330
v -0.554046 2.910880 0.960934
v -0.422147 2.910880 1.025632
v -0.265199 2.910880 1.006222
v -0.119810 2.910880 0.955871
v 0.007593 2.910880 0.943795
v 0.139394 2.910880 0.989272
v 0.291662 2.910880 1.048304
v 0.448521 2.910880 1.052639
v 0.574842 2.910880 0.970649
v 0.649456 2.910880 0.824638
v 0.695960 2.910880 0.676513
v 0.765204 2.910880 0.569481
v 0.884139 2.910880 0.494220
v 1.023292 2.910880 0.408863
v 1.109102 2.910880 0.283295
v 1.099521 2.910880 0.131901
v 0.785526 3.134794 0.008942
v 0.759121 3.134794 -0.089667
v 0.757604 3.134794 -0.191349
v 0.763189 3.134794 -0.302994
v 0.743471 3.134794 -0.414464
v 0.680471 3.134794 -0.505444
v 0.585053 3.134794 -0.566002
v 0.482433 3.134794 -0.606602
v 0.388701 3.134794 -0.646800
v 0.305444 3.134794 -0.704060
v 0.219582 3.134794 -0.772824
v 0.119564 3.134794 -0.822454
v 0.010109 3.134794 -0.825980
v -0.094377 3.134794 -0.784705
v -0.187473 3.134794 -0.728444
v -0.278222 3.134794 -0.687150
v -0.378357 3.134794 -0.663901
v -0.487925 3.134794 -0.640107
v -0.591170 3.134794 -0.592337
v -0.666208 3.134794 -0.510014
v -0.703918 3.134794 -0.403302
v -0.718350 3.134794 -0.292795
v -0.735367 3.134794 -0.190807
v -0.771973 3.134794 -0.094021
v -0.812537 3.134794 0.008942
v -0.825312 3.134794 0.118928
v -0.793738 3.134794 0.224332
v -0.727717 3.134794 0.314560
v -0.652675 3.134794 0.391601
v -0.591906 3.134794 0.470885
v -0.544364 3.134794 0.563415
v -0.489079 3.134794 0.659496
v -0.409622 3.134794 0.735937
v -0.307190 3.134794 0.774969
v -0.196142 3.134794 0.778680
v -0.090422 3.134794 0.772547
v 0.010109 3.134794 0.781707
v 0.114904 3.134794 0.804944
v 0.226843 3.134794 0.817804
v 0.335945 3.134794 0.795580
v 0.428794 3.134794 0.734125
v 0.498956 3.134794 0.646021
v 0.557800 3.134794 0.556633
v 0.624711 3.134794 0.480543
v 0.705971 3.134794 0.410699
v 0.784893 3.134794 0.329868
v 0.825993 3.134794 0.227558
v 0.818911 3.134794 0.115423
v 0.972164 3.358708 0.031164
v 0.934660 3.358708 -0.090883
v 0.960334 3.358708 -0.224114
v 1.006484 3.358708 -0.382577
v 0.999700 3.358708 -0.541611
v 0.903592 3.358708 -0.656336
v 0.748456 3.358708 -0.709667
v 0.593944 3.358708 -0.732942
v 0.474062 3.358708 -0.776730
v 0.382042 3.358708 -0.872759
v 0.283139 3.358708 -0.997070
v 0.153919 3.358708 -1.080048
v 0.007625 3.358708 -1.070310
v -0.125736 3.358708 -0.981811
v -0.237291 3.358708 -0.882876
v -0.350432 3.358708 -0.833260
v -0.490911 3.358708 -0.832325
v -0.653260 3.358708 -0.830117
v -0.797207 3.358708 -0.773667
v -0.879265 3.358708 -0.649371
v -0.894897 3.358708 -0.489907
v -0.889218 3.358708 -0.340320
v -0.918091 3.358708 -0.216881
v -0.999295 3.358708 -0.101400
v -1.085240 3.358708 0.031164
v -1.106995 3.358708 0.177906
v -1.038809 3.358708 0.311555
v -0.916750 3.358708 0.414052
v -0.804955 3.358708 0.500307
v -0.744077 3.358708 0.607965
v -0.713912 3.358708 0.752701
v -0.660622 3.358708 0.902041
v -0.552228 3.358708 1.000857
v -0.402445 3.358708 1.021161
v -0.248817 3.358708 0.988217
v -0.115184 3.358708 0.963990
v 0.007625 3.358708 0.993248
v 0.143100 3.358708 1.060201
v 0.294718 3.358708 1.102610
v 0.437664 3.358708 1.069370
v 0.545498 3.358708 0.962787
v 0.615101 3.358708 0.822842
v 0.680125 3.358708 0.703664
v 0.779539 3.358708 0.623475
v 0.913859 3.358708 0.554378
v 1.037925 3.358708 0.457928
v 1.085410 3.358708 0.319956
v 1.045452 3.358708 0.167796
v 0.713677 3.582622 0.050021
v 0.707614 3.582622 -0.043100
v 0.720399 3.582622 -0.142931
v 0.728954 3.582622 -0.251801
v 0.701296 3.582622 -0.354704
v 0.628391 3.582622 -0.431936
v 0.530787 3.582622 -0.480474
v 0.435778 3.582622 -0.517515
v 0.353742 3.582622 -0.562171
v 0.279144 3.582622 -0.623187
v 0.197743 3.582622 -0.686873
v 0.102129 3.582622 -0.723505
v 0.000293 3.582622 -0.716103
v -0.095334 3.582622 -0.676337
v -0.182967 3.582622 -0.633912
v -0.272811 3.582622 -0.609309
v -0.372269 3.582622 -0.595275
v -0.474144 3.582622 -0.568277
v -0.560383 3.582622 -0.510655
v -0.616253 3.582622 -0.423071
v -0.644934 3.582622 -0.322501
v -0.666271 3.582622 -0.226079
v -0.697931 3.582622 -0.137068
v -0.741949 3.582622 -0.047697
v -0.775516 3.582622 0.050021
v -0.772100 3.582622 0.151708
v -0.728362 3.582622 0.245263
v -0.664784 3.582622 0.325504
v -0.607681 3.582622 0.401034
v -0.569330 3.582622 0.487108
v -0.533405 3.582622 0.583718
v -0.475404 3.582622 0.669961
v -0.388322 3.582622 0.723122
v -0.285699 3.582622 0.740465
v -0.185008 3.582622 0.741572
v -0.091850 3.582622 0.749910
v 0.000293 3.582622 0.773641
v 0.098790 3.582622 0.798182
v 0.200716 3.582622 0.798011
v 0.294976 3.582622 0.761450
v 0.374483 3.582622 0.698137
v 0.440302 3.582622 0.623452
v 0.504544 3.582622 0.554272
v 0.577781 3.582622 0.493143
v 0.655549 3.582622 0.428333
v 0.719194 3.582622 0.347799
v 0.744879 3.582622 0.249532
v 0.734472 3.582622 0.146677
v 0.832839 3.806536 0.059466
v 0.837473 3.806536 -0.052172
v 0.884128 3.806536 -0.180249
v 0.920468 3.806536 -0.326154
v 0.886195 3.806536 -0.458241
v 0.772370 3.806536 -0.541251
v 0.626616 3.806536 -0.577650
v 0.502364 3.806536 -0.608911
v 0.412954 3.806536 -0.673977
v 0.335945 3.806536 -0.776923
v 0.240675 3.806536 -0.877927
v 0.118640 3.806536 -0.921440
v -0.010499 3.806536 -0.885773
v -0.124631 3.806536 -0.807452
v -0.226806 3.806536 -0.747801
v -0.340681 3.806536 -0.737665
v -0.478334 3.806536 -0.750848
v -0.618446 3.806536 -0.732827
v -0.721655 3.806536 -0.651690
v -0.765523 3.806536 -0.519885
v -0.771300 3.806536 -0.379783
v -0.789627 3.806536 -0.263260
v -0.851075 3.806536 -0.165766
v -0.939851 3.806536 -0.062886
v -1.000946 3.806536 0.059466
v -0.985710 3.806536 0.187854
v -0.899727 3.806536 0.297734
v -0.795543 3.806536 0.384641
v -0.726462 3.806536 0.472827
v -0.704099 3.806536 0.591684
v -0.685735 3.806536 0.734701
v -0.620548 3.806536 0.854497
v -0.499595 3.806536 0.906605
v -0.356863 3.806536 0.895663
v -0.228530 3.806536 0.873168
v -0.119586 3.806536 0.888063
v -0.010499 3.806536 0.946191
v 0.113983 3.806536 1.005004
v 0.243935 3.806536 1.009026
v 0.355212 3.806536 0.942370
v 0.436552 3.806536 0.833780
v 0.501542 3.806536 0.726770
v 0.582415 3.806536 0.652379
v 0.695417 3.806536 0.601134
v 0.818200 3.806536 0.537915
v 0.904216 3.806536 0.438353
v 0.917746 3.806536 0.308188
v 0.874880 3.806536 0.176028
v 0.643451 4.030449 0.056556
v 0.649861 4.030449 -0.031930
v 0.664412 4.030449 -0.127436
v 0.664223 4.030449 -0.227793
v 0.625525 4.030449 -0.317441
v 0.550057 4.030449 -0.382595
v 0.461838 4.030449 -0.427539
v 0.382049 4.030449 -0.470346
v 0.312456 4.030449 -0.523183
v 0.242888 4.030449 -0.583562
v 0.162669 4.030449 -0.633599
v 0.071272 4.030449 -0.653872
v -0.022257 4.030449 -0.639231
v -0.109728 4.030449 -0.607849
v -0.193589 4.030449 -0.582863
v -0.282640 4.030449 -0.572063
v -0.378586 4.030449 -0.560624
v -0.469032 4.030449 -0.525691
v -0.538134 4.030449 -0.459320
v -0.579911 4.030449 -0.371347
v -0.605982 4.030449 -0.280457
v -0.636976 4.030449 -0.198069
v -0.680266 4.030449 -0.119756
v -0.724752 4.030449 -0.035929
v -0.747890 4.030449 0.056556
v -0.732196 4.030449 0.150022
v -0.685413 4.030449 0.234248
v -0.631659 4.030449 0.308979
v -0.590470 4.030449 0.384614
v -0.563432 4.030449 0.471814
v -0.529231 4.030449 0.563530
v -0.466767 4.030449 0.635853
v -0.377737 4.030449 0.672265
v -0.281328 4.030449 0.682009
v -0.192517 4.030449 0.691975
v -0.109304 4.030449 0.717740
v -0.022257 4.030449 0.750566
v 0.071283 4.030449 0.767065
v 0.163114 4.030449 0.748373
v 0.243957 4.030449 0.699255
v 0.312516 4.030449 0.636401
v 0.375848 4.030449 0.575377
v 0.444818 4.030449 0.523632
v 0.521579 4.030449 0.473857
v 0.594205 4.030449 0.412471
v 0.643621 4.030449 0.332372
v 0.659342 4.030449 0.239191
v 0.651437 4.030449 0.145250
v 0.745374 4.254364 0.050515
v 0.777599 4.254364 -0.056179
v 0.822278 4.254364 -0.178609
v 0.827565 4.254364 -0.305871
v 0.760819 4.254364 -0.407696
v 0.642681 4.254364 -0.467820
v 0.524853 4.254364 -0.507165
v 0.439142 4.254364 -0.564566
v 0.374769 4.254364 -0.655462
v 0.301499 4.254364 -0.756618
v 0.201094 4.254364 -0.822488
v 0.082455 4.254364 -0.825135
v -0.032827 4.254364 -0.774327
v -0.134150 4.254364 -0.719114
v -0.234228 4.254364 -0.701125
v -0.351207 4.254364 -0.718123
v -0.481789 4.254364 -0.727110
v -0.595768 4.254364 -0.683124
v -0.664738 4.254364 -0.581396
v -0.690250 4.254364 -0.453943
v -0.708284 4.254364 -0.339460
v -0.759462 4.254364 -0.250467
v -0.844752 4.254364 -0.167040
v -0.923915 4.254364 -0.066799
v -0.949828 4.254364 0.050515
v -0.902751 4.254364 0.165043
v -0.815393 4.254364 0.260203
v -0.741918 4.254364 0.344230
v -0.709282 4.254364 0.441067
v -0.700743 4.254364 0.563025
v -0.671086 4.254364 0.688774
v -0.587707 4.254364 0.773649
v -0.463102 4.254364 0.795774
v -0.336498 4.254364 0.783644
v -0.231455 4.254364 0.791806
v -0.137709 4.254364 0.847178
v -0.032827 4.254364 0.922243
v 0.086838 4.254364 0.959462
v 0.200858 4.254364 0.922638
v 0.290475 4.254364 0.831034
v 0.358909 4.254364 0.729021
v 0.430384 4.254364 0.654183
v 0.528223 4.254364 0.611565
v 0.646891 4.254364 0.572081
v 0.751055 4.254364 0.503090
v 0.801181 4.254364 0.395972
v 0.790577 4.254364 0.271146
v 0.755210 4.254364 0.154262
v 0.582820 4.478277 0.043917
v 0.594205 4.478277 -0.039460
v 0.603110 4.478277 -0.128165
v 0.588121 4.478277 -0.215890
v 0.538505 4.478277 -0.289568
v 0.467131 4.478277 -0.344535
v 0.396467 4.478277 -0.391659
v 0.336521 4.478277 -0.445613
v 0.279471 4.478277 -0.507880
v 0.213194 4.478277 -0.565196
v 0.133108 4.478277 -0.598806
v 0.046079 4.478277 -0.603153
v -0.039109 4.478277 -0.585025
v -0.119247 4.478277 -0.564790
v -0.199744 4.478277 -0.555579
v -0.286207 4.478277 -0.552631
v -0.374721 4.478277 -0.537380
v -0.451337 4.478277 -0.493309
v -0.506278 4.478277 -0.423251
v -0.543046 4.478277 -0.342767
v -0.576385 4.478277 -0.266279
v -0.620500 4.478277 -0.196903
v -0.670949 4.478277 -0.125384
v -0.708165 4.478277 -0.044166
v -0.715620 4.478277 0.043917
v -0.688802 4.478277 0.129451
v -0.644801 4.478277 0.206212
v -0.605469 4.478277 0.278511
v -0.577299 4.478277 0.354641
v -0.551170 4.478277 0.436835
v -0.510397 4.478277 0.515205
v -0.443703 4.478277 0.571195
v -0.359388 4.478277 0.598655
v -0.274903 4.478277 0.613174
v -0.198210 4.478277 0.637691
v -0.122658 4.478277 0.678533
v -0.039109 4.478277 0.716345
v 0.050431 4.478277 0.724040
v 0.134419 4.478277 0.691533
v 0.206121 4.478277 0.635955
v 0.269183 4.478277 0.577895
v 0.333440 4.478277 0.529432
v 0.405533 4.478277 0.488559
v 0.480299 4.478277 0.442473
v 0.542851 4.478277 0.379912
v 0.578138 4.478277 0.299589
v 0.585854 4.478277 0.211375
v 0.581242 4.478277 0.125588
v 0.690350 4.702191 0.038935
v 0.733465 4.702191 -0.062696
v 0.763758 4.702191 -0.176029
v 0.739828 4.702191 -0.283459
v 0.655263 4.702191 -0.361609
v 0.547897 4.702191 -0.411022
v 0.461605 4.702191 -0.461168
v 0.405875 4.702191 -0.540183
v 0.354783 4.702191 -0.642248
v 0.279911 4.702191 -0.729772
v 0.176446 4.702191 -0.763246
v 0.064089 4.702191 -0.740291
v -0.038498 4.702191 -0.691730
v -0.131043 4.702191 -0.664015
v -0.229763 4.702191 -0.674877
v -0.343971 4.702191 -0.698542
v -0.459422 4.702191 -0.690128
v -0.547260 4.702191 -0.624097
v -0.594540 4.702191 -0.517107
v -0.620361 4.702191 -0.407545
v -0.661188 4.702191 -0.320576
v -0.737818 4.702191 -0.250733
v -0.827766 4.702191 -0.172549
v -0.883351 4.702191 -0.072292
v -0.875237 4.702191 0.038935
v -0.811546 4.702191 0.140708
v -0.738316 4.702191 0.226450
v -0.697266 4.702191 0.311805
v -0.687985 4.702191 0.413916
v -0.676654 4.702191 0.528609
v -0.628642 4.702191 0.629078
v -0.533369 4.702191 0.683863
v -0.416096 4.702191 0.692954
v -0.310176 4.702191 0.694822
v -0.224177 4.702191 0.731899
v -0.139929 4.702191 0.809379
v -0.038498 4.702191 0.883157
v 0.074539 4.702191 0.897537
v 0.175422 4.702191 0.837296
v 0.252590 4.702191 0.741682
v 0.319567 4.702191 0.659121
v 0.401251 4.702191 0.612027
v 0.506906 4.702191 0.584338
v 0.615513 4.702191 0.540775
v 0.691232 4.702191 0.460244
v 0.711977 4.702191 0.349792
v 0.691966 4.702191 0.234662
v 0.673613 4.702191 0.132686
v 0.543308 4.926105 0.037192
v 0.559822 4.926105 -0.040430
v 0.563152 4.926105 -0.121683
v 0.538427 4.926105 -0.198166
v 0.485484 4.926105 -0.260295
v 0.423123 4.926105 -0.310331
v 0.369192 4.926105 -0.361778
v 0.323794 4.926105 -0.423593
v 0.273488 4.926105 -0.488082
v 0.208027 4.926105 -0.536922
v 0.128947 4.926105 -0.555182
v 0.047226 4.926105 -0.547722
v -0.029779 4.926105 -0.531204
v -0.103554 4.926105 -0.523184
v -0.180614 4.926105 -0.525732
v -0.262082 4.926105 -0.523637
v -0.339268 4.926105 -0.498858
v -0.400736 4.926105 -0.446249
v -0.444595 4.926105 -0.377624
v -0.481825 4.926105 -0.309675
v -0.525677 4.926105 -0.249114
v -0.579075 4.926105 -0.190333
v -0.627226 4.926105 -0.122893
v -0.650514 4.926105 -0.044529
v -0.642882 4.926105 0.037192
v -0.612631 4.926105 0.113926
v -0.579837 4.926105 0.184580
v -0.557726 4.926105 0.255875
v -0.540182 4.926105 0.331873
v -0.512046 4.926105 0.407249
v -0.463098 4.926105 0.470512
v -0.393605 4.926105 0.511339
v -0.316561 4.926105 0.533913
v -0.244643 4.926105 0.555920
v -0.178346 4.926105 0.591650
v -0.108835 4.926105 0.637682
v -0.029779 4.926105 0.671159
v 0.053408 4.926105 0.669062
v 0.129195 4.926105 0.630493
v 0.194101 4.926105 0.577686
v 0.255138 4.926105 0.530683
v 0.321599 4.926105 0.495117
v 0.393466 4.926105 0.460438
v 0.458821 4.926105 0.412109
v 0.503550 4.926105 0.345110
v 0.522994 4.926105 0.266159
v 0.526092 4.926105 0.186138
v 0.529609 4.926105 0.110837
v 0.677584 5.150019 0.039552
v 0.726191 5.150019 -0.057756
v 0.739515 5.150019 -0.162067
v 0.695100 5.150019 -0.253727
v 0.606336 5.150019 -0.317986
v 0.517602 5.150019 -0.367546
v 0.459522 5.150019 -0.432908
v 0.422390 5.150019 -0.527779
v 0.373162 5.150019 -0.629194
v 0.291386 5.150019 -0.695151
v 0.185068 5.150019 -0.699419
v 0.079193 5.150019 -0.660252
v -0.012938 5.150019 -0.623458
v -0.100219 5.150019 -0.623413
v -0.198670 5.150019 -0.653607
v -0.307452 5.150019 -0.671467
v -0.404267 5.150019 -0.638248
v -0.467817 5.150019 -0.553258
v -0.501867 5.150019 -0.449377
v -0.536661 5.150019 -0.362314
v -0.600745 5.150019 -0.299818
v -0.691144 5.150019 -0.241370
v -0.768986 5.150019 -0.163030
v -0.793734 5.150019 -0.063242
v -0.760089 5.150019 0.039552
v -0.698500 5.150019 0.129808
v -0.653997 5.150019 0.211323
v -0.646010 5.150019 0.301779
v -0.650673 5.150019 0.407748
v -0.628311 5.150019 0.511744
v -0.559335 5.150019 0.585949
v -0.456059 5.150019 0.617038
v -0.350585 5.150019 0.624373
v -0.264634 5.150019 0.647200
v -0.192085 5.150019 0.708136
v -0.111724 5.150019 0.789899
v -0.012938 5.150019 0.843987
v 0.091236 5.150019 0.830834
v 0.179583 5.150019 0.758051
v 0.249595 5.150019 0.673365
v 0.320121 5.150019 0.616428
v 0.411397 5.150019 0.592557
v 0.518202 5.150019 0.570692
v 0.608602 5.150019 0.516477
v 0.651878 5.150019 0.423384
v 0.648203 5.150019 0.313406
v 0.629526 5.150019 0.211700
v 0.635626 5.150019 0.124937
v 0.536048 5.373933 0.046052
v 0.555154 5.373933 -0.025754
v 0.552327 5.373933 -0.099335
v 0.522425 5.373933 -0.166311
v 0.472500 5.373933 -0.221125
v 0.421623 5.373933 -0.270000
v 0.380754 5.373933 -0.324966
v 0.343018 5.373933 -0.388290
v 0.294257 5.373933 -0.446752
v 0.228922 5.373933 -0.483110
v 0.153241 5.373933 -0.489513
v 0.078642 5.373933 -0.477342
v 0.009736 5.373933 -0.467701
v -0.058366 5.373933 -0.471239
v -0.131383 5.373933 -0.480612
v -0.206029 5.373933 -0.474852
v -0.270922 5.373933 -0.440063
v -0.319229 5.373933 -0.382664
v -0.356164 5.373933 -0.319849
v -0.395856 5.373933 -0.265170
v -0.446668 5.373933 -0.217454
v -0.500640 5.373933 -0.165353
v -0.538450 5.373933 -0.100835
v -0.547017 5.373933 -0.027246
v -0.530616 5.373933 0.046052
v -0.505608 5.373933 0.113898
v -0.488556 5.373933 0.179568
v -0.481322 5.373933 0.249454
v -0.469210 5.373933 0.322571
v -0.437096 5.373933 0.388918
v -0.381929 5.373933 0.437717
v -0.313889 5.373933 0.467808
v -0.246970 5.373933 0.490681
v -0.187127 5.373933 0.521322
v -0.128846 5.373933 0.563247
v -0.063704 5.373933 0.603887
v 0.009736 5.373933 0.623071
v 0.083822 5.373933 0.608788
v 0.150022 5.373933 0.569606
v 0.209006 5.373933 0.527132
v 0.268266 5.373933 0.493838
v 0.334659 5.373933 0.469499
v 0.403033 5.373933 0.439348
v 0.457728 5.373933 0.389807
v 0.487010 5.373933 0.321606
v 0.495567 5.373933 0.247289
v 0.498963 5.373933 0.177139
v 0.512238 5.373933 0.112207
v 0.000000 0.000000 0.000000
v 0.668381 5.453933 0.049237
v 0.691554 5.453933 -0.039355
v 0.686477 5.453933 -0.129712
v 0.648705 5.453933 -0.211749
v 0.587853 5.453933 -0.279404
v 0.526734 5.453933 -0.340645
v 0.477342 5.453933 -0.409474
v 0.430422 5.453933 -0.487420
v 0.369090 5.453933 -0.557776
v 0.287720 5.453933 -0.600403
v 0.194545 5.453933 -0.607284
v 0.103194 5.453933 -0.593085
v 0.018631 5.453933 -0.583482
v -0.065501 5.453933 -0.589808
v -0.155765 5.453933 -0.601617
v -0.247336 5.453933 -0.592865
v -0.326075 5.453933 -0.547811
v -0.384598 5.453933 -0.476262
v -0.430416 5.453933 -0.399810
v -0.480881 5.453933 -0.334052
v -0.544967 5.453933 -0.276156
v -0.611070 5.453933 -0.211594
v -0.655388 5.453933 -0.131366
v -0.663614 5.453933 -0.040582
v -0.642609 5.453933 0.049237
v -0.613301 5.453933 0.132432
v -0.594811 5.453933 0.213608
v -0.587357 5.453933 0.300245
v -0.571988 5.453933 0.390231
v -0.530842 5.453933 0.470863
v -0.461554 5.453933 0.529421
v -0.377927 5.453933 0.566041
v -0.296808 5.453933 0.595592
v -0.224179 5.453933 0.635431
v -0.152479 5.453933 0.687829
v -0.071781 5.453933 0.735980
v 0.018631 5.453933 0.756249
v 0.109103 5.453933 0.736438
v 0.189959 5.453933 0.688642
v 0.262797 5.453933 0.638705
v 0.336588 5.453933 0.599956
v 0.419075 5.453933 0.571106
v 0.503189 5.453933 0.533795
v 0.569427 5.453933 0.471878
v 0.604056 5.453933 0.387232
v 0.614205 5.453933 0.295932
v 0.619571 5.453933 0.210258
v 0.637860 5.453933 0.130760
v 0.736532 5.742012 0.062652
v 0.757376 5.742012 -0.030693
v 0.743656 5.742012 -0.123655
v 0.698108 5.742012 -0.206487
v 0.635868 5.742012 -0.276552
v 0.578227 5.742012 -0.343937
v 0.531014 5.742012 -0.420013
v 0.480892 5.742012 -0.501048
v 0.412168 5.742012 -0.567500
v 0.323952 5.742012 -0.602713
v 0.227392 5.742012 -0.605544
v 0.134947 5.742012 -0.595124
v 0.048349 5.742012 -0.595888
v -0.040453 5.742012 -0.611867
v -0.136088 5.742012 -0.625678
v -0.230141 5.742012 -0.609683
v -0.307598 5.742012 -0.553866
v -0.364835 5.742012 -0.475820
v -0.414200 5.742012 -0.399897
v -0.473729 5.742012 -0.337953
v -0.547366 5.742012 -0.281284
v -0.615879 5.742012 -0.212480
v -0.653923 5.742012 -0.125521
v -0.652935 5.742012 -0.029674
v -0.626521 5.742012 0.062652
v -0.600084 5.742012 0.148020
v -0.589234 5.742012 0.233492
v -0.586488 5.742012 0.325611
v -0.568528 5.742012 0.418807
v -0.519241 5.742012 0.498180
v -0.441992 5.742012 0.552993
v -0.355642 5.742012 0.589143
v -0.276298 5.742012 0.624957
v -0.205198 5.742012 0.674769
v -0.131344 5.742012 0.733278
v -0.045767 5.742012 0.777539
v 0.048349 5.742012 0.786432
v 0.139730 5.742012 0.756754
v 0.221209 5.742012 0.707773
v 0.297806 5.742012 0.664894
v 0.378644 5.742012 0.634739
v 0.468464 5.742012 0.610156
v 0.556159 5.742012 0.570461
v 0.620559 5.742012 0.501724
v 0.651214 5.742012 0.410716
v 0.661263 5.742012 0.316529
v 0.672936 5.742012 0.230010
v 0.700496 5.742012 0.148509
v 0.671063 6.021588 0.074230
v 0.679830 6.021588 -0.006241
v 0.658835 6.021588 -0.083924
v 0.615035 6.021588 -0.152112
v 0.564577 6.021588 -0.212124
v 0.521510 6.021588 -0.273302
v 0.484374 6.021588 -0.341547
v 0.439628 6.021588 -0.409307
v 0.376620 6.021588 -0.459281
v 0.298978 6.021588 -0.481959
v 0.217904 6.021588 -0.482990
v 0.141807 6.021588 -0.481854
v 0.068598 6.021588 -0.494035
v -0.008997 6.021588 -0.515164
v -0.092048 6.021588 -0.525308
v -0.170770 6.021588 -0.503654
v -0.233813 6.021588 -0.449560
v -0.281815 6.021588 -0.382437
v -0.327863 6.021588 -0.322231
v -0.385425 6.021588 -0.274154
v -0.452896 6.021588 -0.226855
v -0.510150 6.021588 -0.165496
v -0.537031 6.021588 -0.088048
v -0.530550 6.021588 -0.004650
v -0.506075 6.021588 0.074230
v -0.486574 6.021588 0.147319
v -0.481385 6.021588 0.221597
v -0.479530 6.021588 0.301271
v -0.460143 6.021588 0.379498
v -0.411936 6.021588 0.442956
v -0.343241 6.021588 0.486068
v -0.271833 6.021588 0.517888
v -0.208676 6.021588 0.554482
v -0.150677 6.021588 0.603606
v -0.086925 6.021588 0.654648
v -0.012020 6.021588 0.686582
v 0.068598 6.021588 0.686188
v 0.145380 6.021588 0.657448
v 0.214759 6.021588 0.619712
v 0.282734 6.021588 0.591201
v 0.356004 6.021588 0.572032
v 0.434955 6.021588 0.551675
v 0.507724 6.021588 0.513356
v 0.558203 6.021588 0.449917
v 0.582624 6.021588 0.371003
v 0.595513 6.021588 0.292485
v 0.613530 6.021588 0.220244
v 0.642551 6.021588 0.149792
v 0.476928 6.242754 0.080678
v 0.476214 6.242754 0.029908
v 0.458258 6.242754 -0.017842
v 0.429183 6.242754 -0.059577
v 0.399915 6.242754 -0.097918
v 0.376479 6.242754 -0.138701
v 0.354661 6.242754 -0.183404
v 0.325217 6.242754 -0.225108
v 0.283232 6.242754 -0.253006
v 0.233255 6.242754 -0.263772
v 0.183040 6.242754 -0.264393
v 0.136524 6.242754 -0.268306
v 0.090579 6.242754 -0.281760
v 0.040724 6.242754 -0.298013
v -0.012055 6.242754 -0.302358
v -0.060559 6.242754 -0.284202
v -0.098972 6.242754 -0.247634
v -0.129542 6.242754 -0.206190
v -0.161068 6.242754 -0.170970
v -0.200113 6.242754 -0.142378
v -0.243356 6.242754 -0.112120
v -0.277820 6.242754 -0.071918
v -0.292628 6.242754 -0.022002
v -0.287397 6.242754 0.030916
v -0.272622 6.242754 0.080678
v -0.262435 6.242754 0.127153
v -0.260580 6.242754 0.174770
v -0.258756 6.242754 0.225377
v -0.244265 6.242754 0.274000
v -0.211189 6.242754 0.312233
v -0.167214 6.242754 0.338471
v -0.123797 6.242754 0.360058
v -0.086042 6.242754 0.386595
v -0.050038 6.242754 0.420157
v -0.008715 6.242754 0.451247
v 0.039685 6.242754 0.467261
v 0.090579 6.242754 0.463425
v 0.138591 6.242754 0.445367
v 0.182935 6.242754 0.425353
v 0.227633 6.242754 0.411555
v 0.275668 6.242754 0.401261
v 0.325355 6.242754 0.386644
v 0.368810 6.242754 0.358908
v 0.398038 6.242754 0.316599
v 0.413591 6.242754 0.267168
v 0.425457 6.242754 0.219388
v 0.441701 6.242754 0.174761
v 0.462028 6.242754 0.129580
v 0.009736 6.366613 0.046052
vn 0.3338 -0.9318 0.1426
vn 0.3358 -0.9418 0.0165
vn 0.3181 -0.9352 -0.1558
vn 0.2932 -0.9171 -0.2700
vn 0.2931 -0.9152 -0.2764
vn 0.3111 -0.9218 -0.2315
vn 0.3376 -0.9234 -0.1827
vn 0.3017 -0.9340 -0.1913
vn 0.2031 -0.9440 -0.2598
vn 0.0730 -0.9350 -0.3471
vn -0.0427 -0.9142 -0.4030
vn -0.0583 -0.9169 -0.3949
vn -0.0119 -0.9288 -0.3703
vn 0.0558 -0.9319 -0.3583
vn 0.0413 -0.9391 -0.3413
vn -0.0729 -0.9458 -0.3165
vn -0.2367 -0.9342 -0.2671
vn -0.3455 -0.9155 -0.2063
vn -0.3330 -0.9212 -0.2011
vn -0.2780 -0.9329 -0.2291
vn -0.2287 -0.9327 -0.2790
vn -0.2354 -0.9397 -0.2479
vn -0.3066 -0.9446 -0.1173
vn -0.3726 -0.9258 0.0645
vn -0.3812 -0.9078 0.1750
vn -0.3655 -0.9198 0.1426
vn -0.3539 -0.9320 0.0784
vn -0.3627 -0.9318 0.0135
vn -0.3390 -0.9394 0.0521
vn -0.2732 -0.9408 0.2004
vn -0.1696 -0.9207 0.3516
vn -0.1084 -0.9090 0.4024
vn -0.1372 -0.9201 0.3670
vn -0.2042 -0.9275 0.3130
vn -0.2324 -0.9290 0.2880
vn -0.1558 -0.9414 0.2993
vn 0.0058 -0.9439 0.3303
vn 0.1546 -0.9257 0.3452
vn 0.2068 -0.9161 0.3435
vn 0.1697 -0.9212 0.3502
vn 0.1140 -0.9243 0.3642
vn 0.1116 -0.9315 0.3463
vn 0.1938 -0.9429 0.2707
vn 0.3166 -0.9363 0.1521
vn 0.3986 -0.9158 0.0483
vn 0.4034 -0.9144 0.0342
vn 0.3729 -0.9241 0.0835
vn 0.3449 -0.9262 0.1522
vn 0.9040 0.0175 0.4272
vn 0.9998 0.0186 -0.0072
vn 0.8625 0.0252 -0.5054
vn 0.6477 0.0437 -0.7606
vn 0.6574 0.0630 -0.7509
vn 0.8610 0.0474 -0.5064
vn 0.9443 0.0235 -0.3281
vn 0.8691 0.0226 -0.4941
vn 0.5800 0.0213 -0.8144
vn 0.1256 0.0268 -0.9917
vn -0.2052 0.0428 -0.9778
vn -0.2019 0.0553 -0.9778
vn 0.1171 0.0250 -0.9928
vn 0.3204 0.0022 -0.9473
vn 0.1498 0.0078 -0.9887
vn -0.2942 0.0096 -0.9557
vn -0.7242 0.0149 -0.6894
vn -0.9086 0.0289 -0.4167
vn -0.8815 0.0380 -0.4706
vn -0.6601 0.0113 -0.7511
vn -0.5114 -0.0007 -0.8593
vn -0.7008 0.0111 -0.7132
vn -0.9616 0.0158 -0.2738
vn -0.9681 0.0268 0.2491
vn -0.8604 0.0519 0.5069
vn -0.9254 0.0571 0.3746
vn -0.9995 0.0127 0.0293
vn -0.9953 0.0011 -0.0971
vn -0.9829 0.0140 0.1835
vn -0.7619 0.0206 0.6473
vn -0.3659 0.0322 0.9301
vn -0.1608 0.0537 0.9855
vn -0.3746 0.0429 0.9262
vn -0.6883 0.0050 0.7254
vn -0.7049 0.0040 0.7092
vn -0.4243 0.0131 0.9054
vn 0.0898 0.0187 0.9958
vn 0.5104 0.0302 0.8594
vn 0.6239 0.0541 0.7796
vn 0.4068 0.0551 0.9119
vn 0.1355 0.0296 0.9903
vn 0.2249 0.0242 0.9741
vn 0.5990 0.0221 0.8004
vn 0.9207 0.0279 0.3893
vn 0.9987 0.0450 0.0258
vn 0.9981 0.0608 -0.0061
vn 0.9482 0.0360 0.3155
vn 0.8348 0.0104 0.5504
vn 0.9477 -0.0459 0.3157
vn 0.9928 -0.0033 -0.1198
vn 0.8365 0.0384 -0.5467
vn 0.7292 0.0379 -0.6833
vn 0.7798 0.0211 -0.6257
vn 0.8721 -0.0020 -0.4894
vn 0.9035 -0.0189 -0.4281
vn 0.8142 -0.0235 -0.5800
vn 0.5082 0.0114 -0.8611
vn 0.1134 0.0470 -0.9924
vn -0.0771 0.0392 -0.9963
vn -0.0223 0.0162 -0.9996
vn 0.1418 -0.0130 -0.9898
vn 0.2127 -0.0350 -0.9765
vn 0.0619 -0.0393 -0.9973
vn -0.3383 -0.0083 -0.9410
vn -0.7206 0.0196 -0.6931
vn -0.8476 0.0070 -0.5306
vn -0.8063 -0.0114 -0.5914
vn -0.6830 -0.0339 -0.7296
vn -0.6158 -0.0496 -0.7863
vn -0.7607 -0.0414 -0.6478
vn -0.9832 0.0103 -0.1824
vn -0.9639 0.0448 0.2624
vn -0.9318 0.0228 0.3622
vn -0.9745 0.0009 0.2242
vn -0.9985 -0.0291 0.0465
vn -0.9981 -0.0587 0.0161
vn -0.9613 -0.0486 0.2712
vn -0.7054 0.0043 0.7088
vn -0.3909 0.0322 0.9199
vn -0.3370 0.0097 0.9414
vn -0.4862 -0.0130 0.8738
vn -0.6332 -0.0352 0.7732
vn -0.6307 -0.0544 0.7741
vn -0.3598 -0.0322 0.9325
vn 0.1509 0.0223 0.9883
vn 0.4734 0.0469 0.8796
vn 0.4879 0.0319 0.8723
vn 0.3552 0.0127 0.9347
vn 0.2323 -0.0027 0.9726
vn 0.3217 -0.0146 0.9467
vn 0.6604 0.0079 0.7509
vn 0.9370 0.0370 0.3474
vn 0.9902 0.0308 0.1361
vn 0.9791 0.0060 0.2035
vn 0.9263 -0.0219 0.3760
vn 0.8883 -0.0407 0.4574
vn 0.9559 0.0148 0.2933
vn 0.9786 0.0184 -0.2048
vn 0.7842 0.0254 -0.6200
vn 0.6427 0.0415 -0.7650
vn 0.7754 0.0395 -0.6302
vn 0.9387 0.0174 -0.3443
vn 0.9478 0.0181 -0.3184
vn 0.7982 0.0239 -0.6019
vn 0.4214 0.0265 -0.9065
vn 0.0029 0.0342 -0.9994
vn -0.1766 0.0523 -0.9829
vn 0.0216 0.0460 -0.9987
vn 0.3360 0.0154 -0.9417
vn 0.3357 0.0124 -0.9419
vn 0.0311 0.0167 -0.9994
vn -0.4373 0.0181 -0.8991
vn -0.7831 0.0231 -0.6215
vn -0.8907 0.0343 -0.4533
vn -0.7797 0.0236 -0.6257
vn -0.5311 0.0015 -0.8473
vn -0.5463 0.0067 -0.8376
vn -0.8111 0.0121 -0.5848
vn -0.9970 0.0178 -0.0756
vn -0.9379 0.0302 0.3455
vn -0.9040 0.0451 0.4251
vn -0.9931 0.0179 0.1160
vn -0.9842 -0.0121 -0.1765
vn -0.9985 -0.0028 -0.0542
vn -0.9359 0.0069 0.3522
vn -0.6279 0.0154 0.7782
vn -0.2982 0.0275 0.9541
vn -0.2701 0.0398 0.9620
vn -0.5830 0.0138 0.8124
vn -0.7666 -0.0043 0.6421
vn -0.6562 0.0069 0.7546
vn -0.2616 0.0119 0.9651
vn 0.2633 0.0214 0.9645
vn 0.5788 0.0435 0.8143
vn 0.5523 0.0628 0.8313
vn 0.2420 0.0423 0.9694
vn 0.0716 0.0231 0.9972
vn 0.2902 0.0246 0.9567
vn 0.6932 0.0254 0.7203
vn 0.9513 0.0322 0.3067
vn 0.9979 0.0450 0.0477
vn 0.9803 0.0371 0.1939
vn 0.8580 0.0070 0.5137
vn 0.8214 0.0066 0.5704
vn 0.9864 -0.0236 0.1629
vn 0.9473 0.0307 -0.3190
vn 0.7975 0.0522 -0.6010
vn 0.7822 0.0282 -0.6223
vn 0.8618 0.0056 -0.5073
vn 0.9182 -0.0171 -0.3957
vn 0.8922 -0.0384 -0.4499
vn 0.6875 -0.0101 -0.7261
vn 0.3160 0.0507 -0.9474
vn 0.0515 0.0707 -0.9962
vn 0.0351 0.0437 -0.9984
vn 0.1622 0.0165 -0.9866
vn 0.2842 -0.0059 -0.9587
vn 0.2245 -0.0303 -0.9740
vn -0.0856 -0.0074 -0.9963
vn -0.4838 0.0471 -0.8739
vn -0.7361 0.0624 -0.6740
vn -0.7803 0.0285 -0.6247
vn -0.7101 -0.0012 -0.7041
vn -0.6048 -0.0216 -0.7961
vn -0.6439 -0.0392 -0.7641
vn -0.8706 -0.0037 -0.4920
vn -0.9987 0.0503 -0.0027
vn -0.9651 0.0459 0.2579
vn -0.9758 0.0175 0.2182
vn -0.9996 -0.0171 0.0205
vn -0.9951 -0.0450 -0.0878
vn -0.9969 -0.0559 0.0546
vn -0.8871 -0.0080 0.4615
vn -0.5894 0.0442 0.8066
vn -0.4078 0.0374 0.9123
vn -0.4566 0.0107 0.8896
vn -0.6139 -0.0220 0.7891
vn -0.6845 -0.0448 0.7277
vn -0.5646 -0.0432 0.8242
vn -0.1467 0.0165 0.9890
vn 0.3097 0.0757 0.9478
vn 0.4664 0.0691 0.8819
vn 0.3911 0.0442 0.9193
vn 0.2287 0.0118 0.9734
vn 0.1903 -0.0135 0.9816
vn 0.3924 -0.0131 0.9197
vn 0.7551 0.0318 0.6549
vn 0.9403 0.0606 0.3349
vn 0.9682 0.0387 0.2473
vn 0.9294 0.0165 0.3688
vn 0.8690 -0.0094 0.4948
vn 0.8810 -0.0382 0.4716
vn 0.9962 0.0157 0.0860
vn 0.9080 0.0208 -0.4185
vn 0.7242 0.0361 -0.6886
vn 0.7472 0.0493 -0.6628
vn 0.9251 0.0278 -0.3787
vn 0.9760 0.0118 -0.2173
vn 0.9003 0.0171 -0.4349
vn 0.6087 0.0183 -0.7932
vn 0.1801 0.0245 -0.9833
vn -0.0814 0.0430 -0.9958
vn 0.0173 0.0529 -0.9985
vn 0.3323 0.0249 -0.9429
vn 0.4636 0.0107 -0.8860
vn 0.2368 0.0151 -0.9714
vn -0.2135 0.0163 -0.9768
vn -0.6263 0.0239 -0.7792
vn -0.8154 0.0446 -0.5772
vn -0.7711 0.0558 -0.6343
vn -0.5521 0.0221 -0.8335
vn -0.4373 0.0063 -0.8993
vn -0.6503 0.0134 -0.7596
vn -0.9301 0.0169 -0.3670
vn -0.9939 0.0257 0.1071
vn -0.9383 0.0454 0.3427
vn -0.9852 0.0354 0.1675
vn -0.9801 -0.0028 -0.1985
vn -0.9727 -0.0019 -0.2319
vn -0.9944 0.0091 0.1048
vn -0.8153 0.0153 0.5788
vn -0.4880 0.0256 0.8725
vn -0.3248 0.0454 0.9447
vn -0.5156 0.0321 0.8562
vn -0.7650 0.0004 0.6440
vn -0.7573 0.0074 0.6530
vn -0.4867 0.0202 0.8733
vn 0.0120 0.0284 0.9995
vn 0.4305 0.0429 0.9016
vn 0.5474 0.0705 0.8339
vn 0.3123 0.0627 0.9479
vn 0.0093 0.0274 0.9996
vn 0.0849 0.0234 0.9961
vn 0.4460 0.0255 0.8946
vn 0.8223 0.0310 0.5682
vn 0.9708 0.0432 0.2360
vn 0.9810 0.0569 0.1854
vn 0.8803 0.0378 0.4730
vn 0.7508 0.0155 0.6604
vn 0.8546 0.0166 0.5191
vn 0.9964 0.0761 -0.0369
vn 0.8797 0.1200 -0.4602
vn 0.8088 0.1152 -0.5768
vn 0.8640 0.0943 -0.4945
vn 0.9365 0.0654 -0.3445
vn 0.9432 0.0387 -0.3300
vn 0.8245 0.0340 -0.5648
vn 0.4897 0.0794 -0.8682
vn 0.1618 0.1130 -0.9803
vn 0.0863 0.1026 -0.9910
vn 0.2040 0.0869 -0.9751
vn 0.3460 0.0588 -0.9364
vn 0.3658 0.0240 -0.9304
vn 0.1258 0.0208 -0.9918
vn -0.3316 0.0746 -0.9405
vn -0.6320 0.1273 -0.7645
vn -0.7085 0.1213 -0.6952
vn -0.6476 0.1010 -0.7552
vn -0.5396 0.0671 -0.8393
vn -0.5318 0.0284 -0.8464
vn -0.7395 0.0351 -0.6722
vn -0.9593 0.0991 -0.2644
vn -0.9872 0.1347 0.0856
vn -0.9849 0.1091 0.1347
vn -0.9968 0.0795 -0.0047
vn -0.9861 0.0508 -0.1581
vn -0.9922 0.0200 -0.1230
vn -0.9732 0.0423 0.2262
vn -0.7473 0.1096 0.6553
vn -0.5258 0.1377 0.8394
vn -0.5243 0.1086 0.8446
vn -0.6292 0.0755 0.7736
vn -0.7167 0.0480 0.6957
vn -0.6551 0.0225 0.7552
vn -0.3355 0.0588 0.9402
vn 0.1185 0.1322 0.9841
vn 0.3722 0.1528 0.9155
vn 0.3541 0.1203 0.9274
vn 0.2172 0.0882 0.9721
vn 0.0898 0.0673 0.9937
vn 0.1940 0.0436 0.9800
vn 0.5435 0.0727 0.8363
vn 0.8354 0.1249 0.5352
vn 0.9232 0.1317 0.3611
vn 0.9144 0.1126 0.3889
vn 0.8493 0.0825 0.5214
vn 0.8110 0.0566 0.5823
vn 0.9039 0.0403 0.4259
vn 0.9906 0.0317 -0.1332
vn 0.8323 0.0389 -0.5530
vn 0.7459 0.0584 -0.6635
vn 0.8967 0.0541 -0.4394
vn 0.9890 0.0241 -0.1462
vn 0.9739 0.0195 -0.2261
vn 0.8044 0.0163 -0.5939
vn 0.4081 0.0197 -0.9127
vn 0.0528 0.0319 -0.9981
vn -0.0044 0.0434 -0.9990
vn 0.2961 0.0224 -0.9549
vn 0.5403 -0.0041 -0.8415
vn 0.4394 0.0024 -0.8983
vn 0.0438 0.0110 -0.9990
vn -0.4652 0.0196 -0.8850
vn -0.7499 0.0353 -0.6606
vn -0.7749 0.0609 -0.6291
vn -0.5468 0.0403 -0.8363
vn -0.3263 0.0034 -0.9453
vn -0.4658 0.0089 -0.8848
vn -0.8021 0.0145 -0.5970
vn -0.9924 0.0278 -0.1201
vn -0.9751 0.0579 0.2139
vn -0.9830 0.0759 0.1674
vn -0.9863 0.0377 -0.1606
vn -0.9356 0.0140 -0.3527
vn -0.9890 0.0225 -0.1461
vn -0.9435 0.0274 0.3303
vn -0.6582 0.0414 0.7517
vn -0.4148 0.0734 0.9069
vn -0.5192 0.0914 0.8497
vn -0.7667 0.0466 0.6403
vn -0.8354 0.0216 0.5492
vn -0.6533 0.0292 0.7566
vn -0.2184 0.0344 0.9752
vn 0.2528 0.0489 0.9663
vn 0.4776 0.0805 0.8749
vn 0.3393 0.0935 0.9360
vn 0.0180 0.0498 0.9986
vn -0.0869 0.0269 0.9959
vn 0.2010 0.0290 0.9792
vn 0.6424 0.0303 0.7657
vn 0.9107 0.0405 0.4111
vn 0.9689 0.0661 0.2385
vn 0.9061 0.0722 0.4168
vn 0.7350 0.0444 0.6766
vn 0.7282 0.0334 0.6846
vn 0.9199 0.0317 0.3909
vn 0.9715 0.0986 -0.2158
vn 0.8525 0.1115 -0.5107
vn 0.8630 0.0885 -0.4975
vn 0.9383 0.0677 -0.3391
vn 0.9750 0.0500 -0.2166
vn 0.9423 0.0264 -0.3338
vn 0.7273 0.0490 -0.6846
vn 0.3550 0.0853 -0.9310
vn 0.1651 0.0839 -0.9827
vn 0.2111 0.0605 -0.9756
vn 0.3764 0.0319 -0.9259
vn 0.4648 0.0075 -0.8854
vn 0.3348 -0.0078 -0.9423
vn -0.0782 0.0336 -0.9964
vn -0.5178 0.0899 -0.8508
vn -0.6881 0.0985 -0.7189
vn -0.6470 0.0787 -0.7584
vn -0.4918 0.0476 -0.8694
vn -0.4023 0.0198 -0.9153
vn -0.5515 0.0065 -0.8342
vn -0.8717 0.0604 -0.4863
vn -0.9909 0.1257 -0.0476
vn -0.9880 0.1274 0.0878
vn -0.9931 0.1121 -0.0353
vn -0.9769 0.0788 -0.1987
vn -0.9663 0.0397 -0.2543
vn -0.9987 0.0364 -0.0364
vn -0.8910 0.0962 0.4437
vn -0.6206 0.1530 0.7691
vn -0.5458 0.1469 0.8249
vn -0.6701 0.1288 0.7310
vn -0.7864 0.0963 0.6101
vn -0.7820 0.0534 0.6209
vn -0.5439 0.0521 0.8375
vn -0.0816 0.1087 0.9907
vn 0.2558 0.1429 0.9561
vn 0.3017 0.1238 0.9453
vn 0.1625 0.1009 0.9815
vn 0.0128 0.0704 0.9974
vn 0.0211 0.0327 0.9992
vn 0.3117 0.0375 0.9495
vn 0.7173 0.0909 0.6908
vn 0.8971 0.1227 0.4243
vn 0.9071 0.1128 0.4054
vn 0.8465 0.0966 0.5235
vn 0.7712 0.0759 0.6321
vn 0.7957 0.0480 0.6038
vn 0.9535 0.0554 0.2963
vn 0.9508 0.0298 -0.3084
vn 0.7977 0.0453 -0.6014
vn 0.8393 0.0580 -0.5406
vn 0.9796 0.0343 -0.1982
vn 0.9986 0.0172 -0.0497
vn 0.9490 0.0203 -0.3146
vn 0.6830 0.0214 -0.7301
vn 0.2759 0.0276 -0.9608
vn 0.0582 0.0408 -0.9975
vn 0.2109 0.0312 -0.9770
vn 0.5251 -0.0020 -0.8510
vn 0.5887 -0.0014 -0.8083
vn 0.3192 0.0123 -0.9476
vn -0.1791 0.0198 -0.9836
vn -0.6061 0.0315 -0.7948
vn -0.7681 0.0524 -0.6382
vn -0.6440 0.0451 -0.7637
vn -0.3265 0.0070 -0.9452
vn -0.2742 0.0061 -0.9616
vn -0.5827 0.0202 -0.8125
vn -0.9191 0.0303 -0.3929
vn -0.9968 0.0483 0.0641
vn -0.9751 0.0788 0.2073
vn -0.9951 0.0717 -0.0679
vn -0.9217 0.0332 -0.3865
vn -0.9359 0.0318 -0.3507
vn -0.9990 0.0411 0.0197
vn -0.8468 0.0508 0.5294
vn -0.5435 0.0696 0.8365
vn -0.4574 0.1003 0.8836
vn -0.7252 0.0904 0.6826
vn -0.8987 0.0473 0.4361
vn -0.8320 0.0393 0.5534
vn -0.5051 0.0356 0.8623
vn 0.0077 0.0431 0.9990
vn 0.3580 0.0637 0.9316
vn 0.3653 0.0822 0.9272
vn 0.0379 0.0554 0.9977
vn -0.1949 0.0215 0.9806
vn -0.0468 0.0230 0.9986
vn 0.3869 0.0205 0.9219
vn 0.8006 0.0254 0.5987
vn 0.9551 0.0435 0.2929
vn 0.9434 0.0651 0.3253
vn 0.7824 0.0516 0.6206
vn 0.6431 0.0299 0.7652
vn 0.7716 0.0296 0.6354
vn 0.9760 0.0257 0.2161
vn 0.9397 0.0460 -0.3390
vn 0.8791 0.0276 -0.4758
vn 0.9267 -0.0007 -0.3757
vn 0.9800 -0.0313 -0.1966
vn 0.9836 -0.0527 -0.1723
vn 0.9026 -0.0398 -0.4287
vn 0.6077 0.0148 -0.7941
vn 0.3092 0.0394 -0.9502
vn 0.2550 0.0169 -0.9668
vn 0.3756 -0.0076 -0.9268
vn 0.4968 -0.0356 -0.8672
vn 0.4829 -0.0620 -0.8735
vn 0.1897 -0.0353 -0.9812
vn -0.2764 0.0338 -0.9604
vn -0.5733 0.0610 -0.8170
vn -0.6246 0.0322 -0.7803
vn -0.5196 0.0027 -0.8544
vn -0.3772 -0.0252 -0.9258
vn -0.3867 -0.0515 -0.9208
vn -0.6716 -0.0263 -0.7405
vn -0.9538 0.0366 -0.2983
vn -0.9981 0.0560 0.0263
vn -0.9995 0.0304 0.0054
vn -0.9840 0.0061 -0.1780
vn -0.9496 -0.0131 -0.3132
vn -0.9719 -0.0308 -0.2334
vn -0.9897 -0.0006 0.1433
vn -0.8026 0.0534 0.5942
vn -0.5991 0.0619 0.7983
vn -0.6318 0.0405 0.7741
vn -0.7857 0.0167 0.6184
vn -0.8635 -0.0031 0.5044
vn -0.7801 -0.0217 0.6252
vn -0.4107 0.0048 0.9118
vn 0.0642 0.0373 0.9972
vn 0.2348 0.0258 0.9717
vn 0.1456 -0.0002 0.9893
vn -0.0458 -0.0293 0.9985
vn -0.1074 -0.0531 0.9928
vn 0.0770 -0.0637 0.9950
vn 0.5025 -0.0196 0.8644
vn 0.8365 0.0251 0.5473
vn 0.9134 0.0169 0.4067
vn 0.8671 -0.0044 0.4980
vn 0.7623 -0.0315 0.6465
vn 0.7238 -0.0531 0.6880
vn 0.8404 -0.0550 0.5391
vn 0.9952 0.0004 0.0975
vn 0.8943 0.0378 -0.4458
vn 0.8375 0.0592 -0.5432
vn 0.9577 0.0378 -0.2852
vn 1.0000 0.0050 0.0077
vn 0.9957 0.0126 -0.0917
vn 0.8764 0.0189 -0.4812
vn 0.5319 0.0295 -0.8463
vn 0.2058 0.0495 -0.9773
vn 0.1825 0.0637 -0.9811
vn 0.4729 0.0400 -0.8802
vn 0.6567 0.0165 -0.7540
vn 0.5204 0.0246 -0.8535
vn 0.0966 0.0293 -0.9949
vn -0.3960 0.0419 -0.9173
vn -0.6643 0.0683 -0.7444
vn -0.6536 0.0879 -0.7518
vn -0.3831 0.0598 -0.9218
vn -0.1761 0.0297 -0.9839
vn -0.3519 0.0303 -0.9356
vn -0.7393 0.0293 -0.6727
vn -0.9781 0.0363 -0.2051
vn -0.9900 0.0542 0.1306
vn -0.9958 0.0693 0.0606
vn -0.9465 0.0535 -0.3182
vn -0.8838 0.0375 -0.4664
vn -0.9709 0.0360 -0.2366
vn -0.9695 0.0323 0.2431
vn -0.7352 0.0362 0.6769
vn -0.5104 0.0500 0.8585
vn -0.6110 0.0573 0.7895
vn -0.8759 0.0440 0.4804
vn -0.9273 0.0365 0.3725
vn -0.7719 0.0299 0.6350
vn -0.3410 0.0242 0.9398
vn 0.1428 0.0249 0.9894
vn 0.3329 0.0310 0.9425
vn 0.1116 0.0228 0.9935
vn -0.2363 0.0036 0.9717
vn -0.2314 0.0049 0.9728
vn 0.1169 0.0100 0.9931
vn 0.6002 0.0119 0.7998
vn 0.8920 0.0160 0.4517
vn 0.9534 0.0280 0.3005
vn 0.8451 0.0191 0.5343
vn 0.6174 -0.0034 0.7867
vn 0.6460 0.0027 0.7633
vn 0.8817 0.0157 0.4716
vn 0.9990 0.0246 -0.0385
vn 0.9079 0.2047 -0.3657
vn 0.9302 0.1702 -0.3251
vn 0.9750 0.1343 -0.1772
vn 0.9908 0.1075 -0.0824
vn 0.9701 0.0896 -0.2254
vn 0.7993 0.1373 -0.5850
vn 0.4880 0.1994 -0.8498
vn 0.3272 0.2157 -0.9200
vn 0.3852 0.1918 -0.9027
vn 0.5031 0.1632 -0.8487
vn 0.5614 0.1431 -0.8151
vn 0.3980 0.1327 -0.9077
vn -0.0430 0.1813 -0.9825
vn -0.4235 0.2341 -0.8751
vn -0.5314 0.2400 -0.8124
vn -0.4654 0.2229 -0.8566
vn -0.3275 0.1906 -0.9254
vn -0.2746 0.1580 -0.9485
vn -0.4402 0.1389 -0.8871
vn -0.7843 0.1690 -0.5970
vn -0.9607 0.2014 -0.1909
vn -0.9815 0.1908 -0.0173
vn -0.9781 0.1739 -0.1140
vn -0.9420 0.1557 -0.2974
vn -0.9303 0.1357 -0.3407
vn -0.9851 0.1254 -0.1179
vn -0.9292 0.1558 0.3350
vn -0.7302 0.1825 0.6584
vn -0.6388 0.1660 0.7513
vn -0.7244 0.1508 0.6726
vn -0.8413 0.1340 0.5238
vn -0.8662 0.1120 0.4870
vn -0.7137 0.1107 0.6916
vn -0.2750 0.1421 0.9509
vn 0.0811 0.1561 0.9844
vn 0.1238 0.1360 0.9829
vn -0.0264 0.1192 0.9925
vn -0.1642 0.1029 0.9810
vn -0.1096 0.0824 0.9906
vn 0.2282 0.0966 0.9688
vn 0.6540 0.1431 0.7429
vn 0.8545 0.1596 0.4944
vn 0.8663 0.1372 0.4804
vn 0.7797 0.1137 0.6158
vn 0.6813 0.0928 0.7261
vn 0.7373 0.0748 0.6714
vn 0.9359 0.1115 0.3341
vn 0.9742 0.1837 -0.1312
vn 0.8749 0.1007 -0.4738
vn 0.9383 0.1015 -0.3306
vn 0.9993 0.0364 -0.0070
vn 0.9964 0.0128 0.0839
vn 0.9769 0.0340 -0.2110
vn 0.7593 0.0529 -0.6486
vn 0.3971 0.0809 -0.9142
vn 0.2030 0.1202 -0.9718
vn 0.3658 0.1379 -0.9204
vn 0.6306 0.0991 -0.7697
vn 0.6719 0.0740 -0.7369
vn 0.3962 0.0786 -0.9148
vn -0.1141 0.0864 -0.9897
vn -0.5290 0.1080 -0.8417
vn -0.6403 0.1415 -0.7549
vn -0.4434 0.1483 -0.8840
vn -0.1544 0.1069 -0.9822
vn -0.1510 0.0869 -0.9847
vn -0.4652 0.0796 -0.8816
vn -0.8436 0.0739 -0.5318
vn -0.9915 0.0783 -0.1039
vn -0.9933 0.0908 0.0719
vn -0.9836 0.0931 -0.1544
vn -0.8843 0.0750 -0.4609
vn -0.9006 0.0657 -0.4297
vn -0.9957 0.0539 -0.0748
vn -0.9003 0.0464 0.4328
vn -0.6631 0.0482 0.7470
vn -0.5840 0.0564 0.8098
vn -0.7857 0.0457 0.6169
vn -0.9309 0.0286 0.3640
vn -0.8983 0.0335 0.4381
vn -0.6619 0.0322 0.7489
vn -0.1865 0.0310 0.9820
vn 0.1864 0.0353 0.9818
vn 0.1982 0.0410 0.9793
vn -0.1203 0.0208 0.9925
vn -0.3201 0.0078 0.9474
vn -0.1503 0.0181 0.9885
vn 0.2852 0.0233 0.9582
vn 0.7172 0.0332 0.6961
vn 0.9081 0.0518 0.4156
vn 0.8954 0.0501 0.4424
vn 0.7128 0.0115 0.7012
vn 0.5513 -0.0023 0.8343
vn 0.7231 0.0183 0.6905
vn 0.9640 0.0358 0.2635
vn 0.9703 0.0619 -0.2337
vn 0.9532 0.0525 -0.2979
vn 0.9903 0.0198 -0.1372
vn 0.9996 -0.0196 0.0182
vn 0.9981 -0.0598 -0.0132
vn 0.9399 -0.0389 -0.3391
vn 0.6723 0.0408 -0.7392
vn 0.4067 0.0901 -0.9091
vn 0.3633 0.0841 -0.9279
vn 0.4823 0.0646 -0.8736
vn 0.6028 0.0381 -0.7970
vn 0.5799 0.0114 -0.8146
vn 0.2802 0.0262 -0.9596
vn -0.2054 0.0763 -0.9757
vn -0.4821 0.0932 -0.8711
vn -0.4737 0.0729 -0.8776
vn -0.3243 0.0538 -0.9444
vn -0.2046 0.0352 -0.9782
vn -0.2683 0.0087 -0.9633
vn -0.5553 0.0114 -0.8316
vn -0.8795 0.0481 -0.4734
vn -0.9812 0.0563 -0.1847
vn -0.9903 0.0245 -0.1367
vn -0.9656 0.0043 -0.2601
vn -0.9257 -0.0083 -0.3782
vn -0.9557 -0.0274 -0.2930
vn -0.9979 -0.0049 0.0643
vn -0.8721 0.0278 0.4885
vn -0.7356 0.0160 0.6773
vn -0.7481 -0.0121 0.6635
vn -0.8473 -0.0393 0.5297
vn -0.8883 -0.0634 0.4548
vn -0.8174 -0.0784 0.5706
vn -0.5483 -0.0339 0.8356
vn -0.1460 0.0150 0.9892
vn 0.0493 0.0044 0.9988
vn -0.0076 -0.0235 0.9997
vn -0.1586 -0.0540 0.9859
vn -0.1981 -0.0741 0.9774
vn -0.0116 -0.0704 0.9975
vn 0.3811 -0.0145 0.9244
vn 0.7144 0.0309 0.6990
vn 0.8294 0.0177 0.5584
vn 0.7860 -0.0172 0.6180
vn 0.7120 -0.0509 0.7003
vn 0.6567 -0.0734 0.7506
vn 0.8070 -0.0564 0.5879
vn 0.9894 0.0225 0.1437
vn 0.9696 0.0722 -0.2338
vn 0.9206 0.1038 -0.3764
vn 0.9961 0.0721 -0.0502
vn 0.9750 0.0288 0.2203
vn 0.9970 0.0329 0.0706
vn 0.9247 0.0404 -0.3785
vn 0.5981 0.0573 -0.7994
vn 0.2765 0.0894 -0.9568
vn 0.2525 0.1206 -0.9600
vn 0.5382 0.1193 -0.8343
vn 0.7396 0.0869 -0.6674
vn 0.6346 0.0758 -0.7691
vn 0.2347 0.0678 -0.9697
vn -0.2814 0.0734 -0.9568
vn -0.5786 0.0908 -0.8106
vn -0.5324 0.1110 -0.8392
vn -0.2066 0.1042 -0.9729
vn -0.0342 0.0809 -0.9961
vn -0.2371 0.0692 -0.9690
vn -0.6338 0.0612 -0.7710
vn -0.9303 0.0597 -0.3620
vn -0.9959 0.0623 -0.0650
vn -0.9917 0.0778 -0.1020
vn -0.9130 0.0727 -0.4014
vn -0.8417 0.0548 -0.5371
vn -0.9485 0.0432 -0.3137
vn -0.9867 0.0316 0.1592
vn -0.8085 0.0273 0.5878
vn -0.6476 0.0332 0.7612
vn -0.7574 0.0324 0.6521
vn -0.9349 0.0114 0.3547
vn -0.9522 0.0074 0.3053
vn -0.8092 0.0123 0.5875
vn -0.4318 0.0139 0.9019
vn -0.0048 0.0194 0.9998
vn 0.1731 0.0361 0.9843
vn -0.0324 0.0283 0.9991
vn -0.3326 0.0030 0.9431
vn -0.3201 0.0077 0.9474
vn 0.0121 0.0215 0.9997
vn 0.4713 0.0327 0.8813
vn 0.7830 0.0485 0.6202
vn 0.8750 0.0697 0.4791
vn 0.7611 0.0624 0.6456
vn 0.5603 0.0241 0.8279
vn 0.5679 0.0199 0.8228
vn 0.8292 0.0341 0.5579
vn 0.9963 0.0519 0.0685
vn 0.9425 0.0808 -0.3244
vn 0.9774 0.1619 -0.1360
vn 0.9915 0.1277 0.0249
vn 0.9857 0.1087 0.1290
vn 0.9947 0.0980 -0.0316
vn 0.8661 0.1452 -0.4784
vn 0.5384 0.1977 -0.8192
vn 0.3681 0.2020 -0.9076
vn 0.4117 0.1876 -0.8918
vn 0.5558 0.1628 -0.8152
vn 0.6403 0.1413 -0.7550
vn 0.5312 0.1326 -0.8368
vn 0.1408 0.1653 -0.9761
vn -0.2739 0.1940 -0.9420
vn -0.4259 0.1789 -0.8869
vn -0.3510 0.1586 -0.9228
vn -0.1924 0.1377 -0.9716
vn -0.1595 0.1154 -0.9804
vn -0.3630 0.1034 -0.9261
vn -0.7181 0.1390 -0.6819
vn -0.9172 0.1747 -0.3581
vn -0.9618 0.1634 -0.2195
vn -0.9519 0.1443 -0.2702
vn -0.9095 0.1197 -0.3981
vn -0.9035 0.0953 -0.4178
vn -0.9781 0.0860 -0.1895
vn -0.9576 0.1200 0.2621
vn -0.8150 0.1436 0.5614
vn -0.7749 0.1245 0.6197
vn -0.8569 0.1064 0.5044
vn -0.9258 0.0825 0.3688
vn -0.9096 0.0499 0.4125
vn -0.7099 0.0623 0.7015
vn -0.3162 0.1246 0.9405
vn -0.0462 0.1509 0.9875
vn -0.0414 0.1264 0.9911
vn -0.1684 0.0985 0.9808
vn -0.2612 0.0740 0.9624
vn -0.1676 0.0565 0.9842
vn 0.1693 0.0990 0.9806
vn 0.5197 0.1697 0.8373
vn 0.7046 0.1990 0.6812
vn 0.7346 0.1731 0.6561
vn 0.6816 0.1405 0.7181
vn 0.6197 0.1114 0.7769
vn 0.6801 0.0898 0.7276
vn 0.8809 0.1295 0.4553
vn 0.9814 0.1892 0.0322
vn 0.9625 0.1964 -0.1869
vn 0.9828 0.1185 -0.1418
vn 0.9799 0.0891 0.1785
vn 0.9628 0.0713 0.2606
vn 0.9964 0.0721 -0.0452
vn 0.8314 0.0719 -0.5509
vn 0.4668 0.0829 -0.8805
vn 0.2663 0.1014 -0.9585
vn 0.4184 0.1081 -0.9018
vn 0.6907 0.0875 -0.7178
vn 0.7432 0.0770 -0.6646
vn 0.5190 0.0734 -0.8516
vn 0.0468 0.0676 -0.9966
vn -0.3826 0.0692 -0.9213
vn -0.5167 0.0791 -0.8525
vn -0.3011 0.0756 -0.9506
vn -0.0092 0.0550 -0.9984
vn -0.0564 0.0492 -0.9972
vn -0.4093 0.0439 -0.9113
vn -0.8095 0.0415 -0.5856
vn -0.9740 0.0485 -0.2214
vn -0.9910 0.0644 -0.1172
vn -0.9352 0.0582 -0.3494
vn -0.8126 0.0335 -0.5819
vn -0.8534 0.0298 -0.5205
vn -0.9877 0.0308 -0.1533
vn -0.9324 0.0348 0.3598
vn -0.7438 0.0439 0.6670
vn -0.7255 0.0560 0.6859
vn -0.9108 0.0362 0.4113
vn -0.9843 0.0120 0.1758
vn -0.9351 0.0198 0.3538
vn -0.6644 0.0273 0.7469
vn -0.2022 0.0424 0.9784
vn 0.0926 0.0690 0.9933
vn 0.0009 0.0744 0.9972
vn -0.2964 0.0360 0.9544
vn -0.4232 0.0206 0.9058
vn -0.1959 0.0378 0.9799
vn 0.2508 0.0524 0.9666
vn 0.6409 0.0742 0.7640
vn 0.8053 0.1079 0.5830
vn 0.7581 0.1242 0.6402
vn 0.5659 0.0896 0.8196
vn 0.4592 0.0583 0.8864
vn 0.6438 0.0616 0.7627
vn 0.9151 0.0685 0.3973
vn 0.9944 0.0853 -0.0628
vn 0.9487 0.1093 -0.2967
vn 0.9910 0.1333 -0.0089
vn 0.9863 0.1112 0.1215
vn 0.9893 0.0887 0.1161
vn 0.9817 0.1029 -0.1603
vn 0.7694 0.1593 -0.6186
vn 0.5123 0.1750 -0.8408
vn 0.4528 0.1368 -0.8810
vn 0.5378 0.1079 -0.8362
vn 0.6431 0.0814 -0.7615
vn 0.6255 0.0547 -0.7783
vn 0.3931 0.0765 -0.9163
vn 0.0007 0.1289 -0.9917
vn -0.2824 0.1320 -0.9502
vn -0.3216 0.1040 -0.9412
vn -0.1978 0.0751 -0.9774
vn -0.0985 0.0486 -0.9940
vn -0.1948 0.0290 -0.9804
vn -0.5214 0.0667 -0.8507
vn -0.8303 0.1226 -0.5437
vn -0.9406 0.1214 -0.3170
vn -0.9457 0.0824 -0.3143
vn -0.9072 0.0493 -0.4179
vn -0.8669 0.0269 -0.4977
vn -0.9170 0.0124 -0.3988
vn -0.9971 0.0633 -0.0420
vn -0.9192 0.1234 0.3739
vn -0.8211 0.1202 0.5580
vn -0.8470 0.0786 0.5258
vn -0.9189 0.0430 0.3921
vn -0.9548 0.0279 0.2959
vn -0.8844 0.0339 0.4656
vn -0.5701 0.1089 0.8143
vn -0.1917 0.1639 0.9677
vn -0.0862 0.1467 0.9854
vn -0.2051 0.1202 0.9713
vn -0.3278 0.0801 0.9414
vn -0.3029 0.0359 0.9523
vn -0.0199 0.0521 0.9984
vn 0.3782 0.1292 0.9167
vn 0.6238 0.1801 0.7605
vn 0.6875 0.1752 0.7047
vn 0.6396 0.1553 0.7528
vn 0.5608 0.1222 0.8189
vn 0.5634 0.0846 0.8218
vn 0.7283 0.0843 0.6801
vn 0.9361 0.1377 0.3235
vn 0.9847 0.1742 -0.0028
vn 0.9828 0.1548 -0.1007
vn 0.9902 0.1072 0.0895
vn 0.9510 0.0884 0.2963
vn 0.9837 0.0865 0.1579
vn 0.9585 0.0878 -0.2712
vn 0.6848 0.0915 -0.7230
vn 0.4167 0.0967 -0.9039
vn 0.4459 0.1113 -0.8881
vn 0.6842 0.0855 -0.7242
vn 0.7975 0.0523 -0.6011
vn 0.6650 0.0491 -0.7452
vn 0.2914 0.0441 -0.9556
vn -0.1606 0.0457 -0.9860
vn -0.4132 0.0588 -0.9087
vn -0.3234 0.0604 -0.9443
vn -0.0273 0.0393 -0.9989
vn 0.0777 0.0314 -0.9965
vn -0.1856 0.0354 -0.9820
vn -0.6212 0.0367 -0.7828
vn -0.9051 0.0443 -0.4230
vn -0.9772 0.0608 -0.2036
vn -0.9372 0.0616 -0.3432
vn -0.8035 0.0239 -0.5948
vn -0.7643 0.0086 -0.6448
vn -0.9158 0.0221 -0.4010
vn -0.9965 0.0338 0.0765
vn -0.8649 0.0503 0.4994
vn -0.7577 0.0738 0.6484
vn -0.8676 0.0744 0.4917
vn -0.9755 0.0406 0.2164
vn -0.9827 0.0342 0.1819
vn -0.8611 0.0529 0.5057
vn -0.4831 0.0704 0.8727
vn -0.0812 0.0931 0.9923
vn -0.0037 0.1148 0.9934
vn -0.2989 0.0859 0.9504
vn -0.5297 0.0373 0.8474
vn 0.0178 0.0452 0.9988
vn 0.4991 0.0622 0.8643
vn 0.7492 0.0902 0.6561
vn 0.7648 0.1160 0.6338
vn 0.5750 0.1074 0.8111
vn 0.3754 0.0736 0.9239
vn 0.4687 0.0674 0.8808
vn 0.7635 0.0713 0.6419
vn 0.9778 0.0781 0.1944
vn 0.9845 0.0897 -0.1505
vn 0.9779 0.1096 -0.1780
vn 0.9912 0.1009 0.0853
vn 0.9860 0.0791 0.1467
vn 0.9972 0.0749 0.0087
vn 0.9190 0.1199 -0.3756
vn 0.6869 0.1572 -0.7095
vn 0.5574 0.1385 -0.8186
vn 0.6063 0.1121 -0.7873
vn 0.7102 0.0816 -0.6992
vn 0.7193 0.0509 -0.6929
vn 0.5583 0.0419 -0.8285
vn 0.2019 0.0867 -0.9756
vn -0.1228 0.1246 -0.9846
vn -0.2442 0.1093 -0.9635
vn -0.1775 0.0905 -0.9800
vn -0.0655 0.0641 -0.9958
vn -0.0653 0.0369 -0.9972
vn -0.3102 0.0533 -0.9492
vn -0.6666 0.1119 -0.7370
vn -0.8675 0.1375 -0.4780
vn -0.9132 0.1117 -0.3919
vn -0.8794 0.0836 -0.4688
vn -0.8222 0.0526 -0.5667
vn -0.8458 0.0228 -0.5331
vn -0.9601 0.0475 -0.2755
vn -0.9839 0.1151 0.1371
vn -0.8898 0.1412 0.4340
vn -0.8628 0.1170 0.4918
vn -0.9070 0.0901 0.4114
vn -0.9491 0.0647 0.3082
vn -0.9375 0.0486 0.3447
vn -0.7883 0.0907 0.6086
vn -0.4484 0.1544 0.8804
vn -0.2030 0.1608 0.9659
vn -0.2266 0.1342 0.9647
vn -0.3910 0.1027 0.9146
vn -0.4655 0.0738 0.8820
vn -0.3024 0.0541 0.9516
vn 0.1325 0.0894 0.9871
vn 0.5252 0.1319 0.8407
vn 0.6620 0.1341 0.7374
vn 0.6408 0.1169 0.7587
vn 0.5418 0.0918 0.8355
vn 0.4853 0.0680 0.8717
vn 0.5858 0.0580 0.8084
vn 0.8199 0.0985 0.5640
vn 0.9678 0.1462 0.2050
vn 0.9896 0.1433 -0.0132
vn 0.9919 0.1248 -0.0214
vn 0.9603 0.0634 0.2716
vn 0.9534 0.0530 0.2971
vn 0.9984 0.0569 -0.0048
vn 0.8710 0.0603 -0.4876
vn 0.5862 0.0695 -0.8072
vn 0.4753 0.0864 -0.8756
vn 0.6741 0.0714 -0.7351
vn 0.8498 0.0327 -0.5262
vn 0.8120 0.0283 -0.5829
vn 0.5399 0.0362 -0.8409
vn 0.0694 0.0483 -0.9964
vn -0.2825 0.0667 -0.9569
vn -0.3423 0.0889 -0.9354
vn -0.0913 0.0747 -0.9930
vn 0.1393 0.0436 -0.9893
vn 0.0288 0.0480 -0.9984
vn -0.3669 0.0555 -0.9286
vn -0.7653 0.0714 -0.6397
vn -0.9322 0.0988 -0.3483
vn -0.9333 0.1188 -0.3389
vn -0.8050 0.0903 -0.5864
vn -0.6803 0.0517 -0.7311
vn -0.7987 0.0553 -0.5991
vn -0.9765 0.0614 -0.2068
vn -0.9580 0.0759 0.2767
vn -0.8219 0.1015 0.5606
vn -0.8371 0.1196 0.5339
vn -0.9563 0.0948 0.2766
vn -0.9910 0.0649 0.1171
vn -0.9520 0.0701 0.2979
vn -0.7302 0.0736 0.6792
vn -0.3296 0.0843 0.9403
vn -0.0741 0.1050 0.9917
vn -0.2166 0.1103 0.9700
vn -0.5354 0.0822 0.8406
vn -0.6075 0.0646 0.7917
vn -0.3323 0.0615 0.9412
vn 0.1939 0.0584 0.9793
vn 0.6237 0.0623 0.7791
vn 0.7607 0.0745 0.6448
vn 0.6446 0.0784 0.7605
vn 0.3916 0.0587 0.9183
vn 0.3409 0.0511 0.9387
vn 0.5858 0.0568 0.8085
vn 0.8876 0.0585 0.4569
vn 0.9969 0.0659 0.0433
vn 0.9850 0.0858 -0.1496
vn 0.9960 0.0889 0.0020
vn 0.9769 0.0403 0.2099
vn 0.9866 0.0148 0.1622
vn 0.9929 0.0329 -0.1144
vn 0.8538 0.0835 -0.5138
vn 0.6653 0.0957 -0.7405
vn 0.6535 0.0639 -0.7542
vn 0.7501 0.0336 -0.6604
vn 0.8082 0.0088 -0.5888
vn 0.7283 -0.0075 -0.6852
vn 0.4302 0.0415 -0.9018
vn 0.0246 0.1111 -0.9935
vn -0.1812 0.1278 -0.9751
vn -0.1582 0.1003 -0.9823
vn -0.0386 0.0707 -0.9968
vn 0.0278 0.0488 -0.9984
vn -0.1263 0.0429 -0.9911
vn -0.4846 0.1064 -0.8683
vn -0.7702 0.1720 -0.6141
vn -0.8601 0.1738 -0.4796
vn -0.8394 0.1491 -0.5227
vn -0.7662 0.1142 -0.6324
vn -0.7564 0.0844 -0.6487
vn -0.8765 0.0791 -0.4748
vn -0.9874 0.1310 -0.0885
vn -0.9476 0.1735 0.2682
vn -0.8985 0.1592 0.4091
vn -0.9228 0.1334 0.3615
vn -0.9630 0.1042 0.2486
vn -0.9640 0.0751 0.2553
vn -0.8898 0.0674 0.4515
vn -0.6454 0.1104 0.7558
vn -0.3574 0.1382 0.9237
vn -0.2685 0.1176 0.9561
vn -0.3820 0.1023 0.9185
vn -0.5152 0.0851 0.8528
vn -0.5073 0.0583 0.8598
vn -0.2309 0.0541 0.9715
vn 0.2723 0.0821 0.9587
vn 0.5766 0.0924 0.8118
vn 0.6298 0.0723 0.7734
vn 0.5414 0.0590 0.8387
vn 0.4432 0.0410 0.8955
vn 0.4831 0.0162 0.8754
vn 0.7072 0.0275 0.7065
vn 0.9209 0.0794 0.3816
vn 0.9895 0.1036 0.1004
vn 0.9959 0.0848 0.0316
vn 0.9913 0.0641 0.1154
vn 0.9050 0.0007 0.4254
vn 0.9664 0.0058 0.2571
vn 0.9849 0.0174 -0.1724
vn 0.7856 0.0345 -0.6178
vn 0.5611 0.0576 -0.8258
vn 0.6350 0.0570 -0.7704
vn 0.8471 0.0156 -0.5311
vn 0.9049 -0.0008 -0.4257
vn 0.7587 0.0228 -0.6511
vn 0.3541 0.0476 -0.9340
vn -0.1181 0.0787 -0.9899
vn -0.3344 0.1153 -0.9353
vn -0.1772 0.1242 -0.9763
vn 0.1346 0.0794 -0.9877
vn 0.1990 0.0571 -0.9783
vn -0.1129 0.0777 -0.9906
vn -0.5764 0.0997 -0.8110
vn -0.8622 0.1287 -0.4899
vn -0.9210 0.1640 -0.3534
vn -0.8180 0.1668 -0.5505
vn -0.6275 0.1229 -0.7689
vn -0.6522 0.1083 -0.7503
vn -0.8760 0.1085 -0.4700
vn -0.9931 0.1150 0.0232
vn -0.9048 0.1308 0.4053
vn -0.8507 0.1529 0.5029
vn -0.9449 0.1561 0.2878
vn -0.9917 0.1227 0.0372
vn -0.9876 0.1048 0.1167
vn -0.8775 0.0929 0.4705
vn -0.5422 0.0837 0.8361
vn -0.2123 0.0821 0.9737
vn -0.1738 0.0963 0.9801
vn -0.4595 0.1049 0.8819
vn -0.6654 0.0917 0.7409
vn -0.5696 0.0819 0.8178
vn -0.1705 0.0661 0.9831
vn 0.3724 0.0516 0.9266
vn 0.6816 0.0423 0.7305
vn 0.6955 0.0479 0.7169
vn 0.4544 0.0474 0.8895
vn 0.2442 0.0320 0.9692
vn 0.3951 0.0255 0.9183
vn 0.7486 0.0181 0.6628
vn 0.9731 0.0185 0.2297
vn 0.9966 0.0318 -0.0763
vn 0.9979 0.0469 -0.0456
vn 0.9666 0.0275 0.2547
vn 0.9206 -0.2468 0.3026
vn 0.9629 -0.2293 0.1419
vn 0.9586 -0.1916 -0.2106
vn 0.8065 -0.1823 -0.5624
vn 0.6876 -0.2032 -0.6971
vn 0.7327 -0.2184 -0.6445
vn 0.8036 -0.2344 -0.5471
vn 0.8053 -0.2418 -0.5413
vn 0.6514 -0.2014 -0.7315
vn 0.2874 -0.1438 -0.9470
vn -0.0693 -0.1283 -0.9893
vn -0.1597 -0.1496 -0.9758
vn -0.0426 -0.1691 -0.9847
vn 0.0827 -0.1850 -0.9793
vn 0.0526 -0.1890 -0.9806
vn -0.2503 -0.1479 -0.9568
vn -0.6359 -0.0975 -0.7656
vn -0.8272 -0.0955 -0.5537
vn -0.8346 -0.1202 -0.5375
vn -0.7451 -0.1387 -0.6524
vn -0.6808 -0.1498 -0.7170
vn -0.7568 -0.1463 -0.6371
vn -0.9339 -0.1045 -0.3419
vn -0.9938 -0.0803 0.0762
vn -0.9469 -0.1036 0.3043
vn -0.9433 -0.1288 0.3058
vn -0.9740 -0.1426 0.1759
vn -0.9805 -0.1506 0.1261
vn -0.9510 -0.1479 0.2715
vn -0.8013 -0.1226 0.5856
vn -0.5122 -0.1221 0.8501
vn -0.3392 -0.1543 0.9280
vn -0.3775 -0.1754 0.9093
vn -0.5111 -0.1844 0.8395
vn -0.5552 -0.1865 0.8106
vn -0.4221 -0.1774 0.8890
vn -0.0508 -0.1516 0.9871
vn 0.3831 -0.1571 0.9103
vn 0.5574 -0.1927 0.8076
vn 0.5303 -0.2144 0.8203
vn 0.4079 -0.2215 0.8857
vn 0.3544 -0.2247 0.9077
vn 0.5043 -0.2173 0.8358
vn 0.7937 -0.1923 0.5771
vn 0.9569 -0.1877 0.2215
vn 0.9757 -0.2108 0.0593
vn 0.9665 -0.2280 0.1174
vn 0.9350 -0.2414 0.2598
vn -0.0000 -1.0000 -0.0000
vn 0.7797 -0.5751 0.2478
vn 0.8198 -0.5682 0.0711
vn 0.8084 -0.5499 -0.2099
vn 0.7090 -0.5283 -0.4671
vn 0.6188 -0.5287 -0.5810
vn 0.6356 -0.5564 -0.5352
vn 0.6919 -0.5616 -0.4537
vn 0.6743 -0.5416 -0.5019
vn 0.5197 -0.5142 -0.6823
vn 0.2353 -0.4777 -0.8464
vn -0.0312 -0.4516 -0.8917
vn -0.1126 -0.4625 -0.8794
vn -0.0119 -0.5002 -0.8659
vn 0.0903 -0.5084 -0.8564
vn 0.0053 -0.4912 -0.8710
vn -0.2807 -0.4642 -0.8400
vn -0.5823 -0.4344 -0.6871
vn -0.7395 -0.4188 -0.5271
vn -0.7414 -0.4380 -0.5084
vn -0.6486 -0.4636 -0.6037
vn -0.6085 -0.4598 -0.6468
vn -0.7113 -0.4548 -0.5359
vn -0.8555 -0.4498 -0.2567
vn -0.8968 -0.4382 0.0610
vn -0.8667 -0.4304 0.2521
vn -0.8606 -0.4429 0.2515
vn -0.8811 -0.4538 0.1332
vn -0.8851 -0.4521 0.1108
vn -0.8416 -0.4618 0.2800
vn -0.6912 -0.4725 0.5468
vn -0.4688 -0.4761 0.7440
vn -0.3274 -0.4808 0.8134
vn -0.3565 -0.4981 0.7904
vn -0.4687 -0.5013 0.7273
vn -0.4810 -0.4973 0.7221
vn -0.3176 -0.5087 0.8002
vn -0.0010 -0.5186 0.8550
vn 0.3102 -0.5182 0.7970
vn 0.4576 -0.5208 0.7207
vn 0.4344 -0.5395 0.7213
vn 0.3270 -0.5536 0.7659
vn 0.3037 -0.5519 0.7766
vn 0.4568 -0.5609 0.6905
vn 0.6853 -0.5599 0.4656
vn 0.8100 -0.5476 0.2098
vn 0.8321 -0.5492 0.0768
vn 0.8094 -0.5749 0.1199
vn 0.7775 -0.5834 0.2348
vn 0.9548 -0.0039 0.2971
vn 0.9992 0.0279 0.0278
vn 0.9481 0.0626 -0.3117
vn 0.8163 0.0950 -0.5697
vn 0.7524 0.1032 -0.6505
vn 0.8036 0.0794 -0.5899
vn 0.8463 0.0593 -0.5294
vn 0.7725 0.0776 -0.6302
vn 0.5406 0.1279 -0.8315
vn 0.2119 0.1769 -0.9611
vn -0.0353 0.2034 -0.9785
vn -0.0454 0.1927 -0.9802
vn 0.0903 0.1487 -0.9847
vn 0.1528 0.1196 -0.9810
vn -0.0198 0.1366 -0.9904
vn -0.3738 0.1763 -0.9106
vn -0.6827 0.2091 -0.7002
vn -0.7994 0.2265 -0.5565
vn -0.7618 0.2200 -0.6094
vn -0.6566 0.1896 -0.7300
vn -0.6555 0.1734 -0.7350
vn -0.8125 0.1907 -0.5508
vn -0.9567 0.2101 -0.2014
vn -0.9681 0.2096 0.1375
vn -0.9373 0.2051 0.2818
vn -0.9565 0.2022 0.2105
vn -0.9788 0.1905 0.0756
vn -0.9765 0.1839 0.1122
vn -0.9151 0.1834 0.3592
vn -0.7178 0.1743 0.6741
vn -0.4800 0.1579 0.8630
vn -0.3920 0.1444 0.9086
vn -0.4901 0.1361 0.8610
vn -0.5957 0.1220 0.7939
vn -0.5349 0.1164 0.8369
vn -0.2799 0.1160 0.9530
vn 0.1077 0.1082 0.9883
vn 0.4115 0.0952 0.9064
vn 0.5028 0.0794 0.8607
vn 0.4203 0.0605 0.9054
vn 0.3039 0.0378 0.9519
vn 0.3448 0.0283 0.9383
vn 0.5841 0.0301 0.8111
vn 0.8582 0.0325 0.5123
vn 0.9748 0.0379 0.2199
vn 0.9918 0.0382 0.1220
vn 0.9727 0.0158 0.2316
vn 0.9376 -0.0104 0.3476
vn 0.8751 0.4371 0.2079
vn 0.8796 0.4719 -0.0606
vn 0.7952 0.5013 -0.3411
vn 0.6915 0.5112 -0.5104
vn 0.6830 0.5095 -0.5234
vn 0.7367 0.4944 -0.4613
vn 0.7499 0.4804 -0.4548
vn 0.6379 0.5034 -0.5828
vn 0.3941 0.5387 -0.7446
vn 0.1291 0.5560 -0.8211
vn -0.0051 0.5560 -0.8312
vn 0.0664 0.5480 -0.8338
vn 0.1779 0.5197 -0.8356
vn 0.1603 0.5053 -0.8479
vn -0.0610 0.5349 -0.8427
vn -0.3761 0.5694 -0.7310
vn -0.6043 0.5727 -0.5539
vn -0.6644 0.5666 -0.4874
vn -0.5932 0.5663 -0.5722
vn -0.5127 0.5450 -0.6634
vn -0.5556 0.5400 -0.6323
vn -0.7079 0.5622 -0.4277
vn -0.8117 0.5736 -0.1102
vn -0.8141 0.5597 0.1552
vn -0.8008 0.5518 0.2327
vn -0.8189 0.5573 0.1371
vn -0.8349 0.5491 0.0386
vn -0.8278 0.5493 0.1139
vn -0.7488 0.5610 0.3530
vn -0.5621 0.5532 0.6148
vn -0.3981 0.5285 0.7498
vn -0.3844 0.5222 0.7613
vn -0.4924 0.5186 0.6990
vn -0.5479 0.5052 0.6668
vn -0.4377 0.5096 0.7408
vn -0.1753 0.5221 0.8347
vn 0.1545 0.5129 0.8444
vn 0.3643 0.4859 0.7945
vn 0.3849 0.4745 0.7916
vn 0.2852 0.4640 0.8387
vn 0.2252 0.4500 0.8641
vn 0.3251 0.4552 0.8289
vn 0.5562 0.4742 0.6825
vn 0.7759 0.4776 0.4122
vn 0.8648 0.4596 0.2025
vn 0.8770 0.4468 0.1767
vn 0.8547 0.4345 0.2842
vn 0.8451 0.4219 0.3282
vn 0.5470 0.8328 0.0850
vn 0.5295 0.8435 -0.0902
vn 0.4734 0.8452 -0.2482
vn 0.4330 0.8436 -0.3176
vn 0.4391 0.8489 -0.2941
vn 0.4715 0.8442 -0.2549
vn 0.4758 0.8345 -0.2779
vn 0.3875 0.8383 -0.3835
vn 0.2168 0.8444 -0.4899
vn 0.0625 0.8384 -0.5415
vn 0.0224 0.8363 -0.5479
vn 0.0944 0.8413 -0.5322
vn 0.1602 0.8311 -0.5326
vn 0.1180 0.8247 -0.5531
vn -0.0629 0.8366 -0.5441
vn -0.2817 0.8406 -0.4626
vn -0.4208 0.8277 -0.3713
vn -0.4402 0.8251 -0.3541
vn -0.3760 0.8305 -0.4111
vn -0.3336 0.8215 -0.4625
vn -0.3781 0.8229 -0.4240
vn -0.4738 0.8398 -0.2649
vn -0.5385 0.8413 -0.0474
vn -0.5486 0.8286 0.1116
vn -0.5421 0.8286 0.1398
vn -0.5509 0.8318 0.0681
vn -0.5655 0.8245 0.0220
vn -0.5515 0.8292 0.0914
vn -0.4727 0.8415 0.2615
vn -0.3424 0.8395 0.4219
vn -0.2604 0.8350 0.4847
vn -0.2790 0.8397 0.4658
vn -0.3494 0.8344 0.4262
vn -0.3586 0.8276 0.4319
vn -0.2535 0.8364 0.4859
vn -0.0633 0.8473 0.5274
vn 0.1240 0.8443 0.5214
vn 0.2111 0.8403 0.4994
vn 0.1903 0.8439 0.5016
vn 0.1363 0.8396 0.5259
vn 0.1378 0.8328 0.5361
vn 0.2256 0.8350 0.5019
vn 0.3697 0.8440 0.3886
vn 0.4857 0.8430 0.2310
vn 0.5234 0.8399 0.1432
vn 0.5165 0.8422 0.1547
vn 0.5059 0.8379 0.2051
vn 0.5218 0.8301 0.1967
vn -0.0665 0.9974 -0.0272
s 1
usemtl plaster_coral
f 2//2 49//49 1//1
f 2//2 51//51 50//50
f 3//3 52//52 51//51
f 4//4 53//53 52//52
f 5//5 54//54 53//53
f 7//7 54//54 6//6
f 8//8 55//55 7//7
f 9//9 56//56 8//8
f 9//9 58//58 57//57
f 10//10 59//59 58//58
f 11//11 60//60 59//59
f 12//12 61//61 60//60
f 14//14 61//61 13//13
f 15//15 62//62 14//14
f 16//16 63//63 15//15
f 16//16 65//65 64//64
f 17//17 66//66 65//65
f 18//18 67//67 66//66
f 19//19 68//68 67//67
f 21//21 68//68 20//20
f 22//22 69//69 21//21
f 23//23 70//70 22//22
f 23//23 72//72 71//71
f 24//24 73//73 72//72
f 25//25 74//74 73//73
f 26//26 75//75 74//74
f 28//28 75//75 27//27
f 29//29 76//76 28//28
f 30//30 77//77 29//29
f 30//30 79//79 78//78
f 31//31 80//80 79//79
f 32//32 81//81 80//80
f 34//34 81//81 33//33
f 35//35 82//82 34//34
f 36//36 83//83 35//35
f 37//37 84//84 36//36
f 37//37 86//86 85//85
f 38//38 87//87 86//86
f 39//39 88//88 87//87
f 41//41 88//88 40//40
f 42//42 89//89 41//41
f 43//43 90//90 42//42
f 43//43 92//92 91//91
f 44//44 93//93 92//92
f 45//45 94//94 93//93
f 46//46 95//95 94//94
f 48//48 95//95 47//47
f 1//1 96//96 48//48
f 49//49 98//98 97//97
f 51//51 98//98 50//50
f 52//52 99//99 51//51
f 53//53 100//100 52//52
f 54//54 101//101 53//53
f 54//54 103//103 102//102
f 55//55 104//104 103//103
f 56//56 105//105 104//104
f 58//58 105//105 57//57
f 59//59 106//106 58//58
f 60//60 107//107 59//59
f 61//61 108//108 60//60
f 61//61 110//110 109//109
f 62//62 111//111 110//110
f 63//63 112//112 111//111
f 65//65 112//112 64//64
f 66//66 113//113 65//65
f 67//67 114//114 66//66
f 68//68 115//115 67//67
f 68//68 117//117 116//116
f 69//69 118//118 117//117
f 70//70 119//119 118//118
f 72//72 119//119 71//71
f 73//73 120//120 72//72
f 74//74 121//121 73//73
f 74//74 123//123 122//122
f 75//75 124//124 123//123
f 76//76 125//125 124//124
f 77//77 126//126 125//125
f 79//79 126//126 78//78
f 80//80 127//127 79//79
f 81//81 128//128 80//80
f 81//81 130//130 129//129
f 82//82 131//131 130//130
f 83//83 132//132 131//131
f 84//84 133//133 132//132
f 86//86 133//133 85//85
f 87//87 134//134 86//86
f 88//88 135//135 87//87
f 88//88 137//137 136//136
f 89//89 138//138 137//137
f 90//90 139//139 138//138
f 92//92 139//139 91//91
f 93//93 140//140 92//92
f 94//94 141//141 93//93
f 95//95 142//142 94//94
f 95//95 144//144 143//143
f 96//96 97//97 144//144
f 98//98 145//145 97//97
f 98//98 147//147 146//146
f 99//99 148//148 147//147
f 100//100 149//149 148//148
f 102//102 149//149 101//101
f 103//103 150//150 102//102
f 104//104 151//151 103//103
f 105//105 152//152 104//104
f 105//105 154//154 153//153
f 106//106 155//155 154//154
f 107//107 156//156 155//155
f 109//109 156//156 108//108
f 110//110 157//157 109//109
f 111//111 158//158 110//110
f 112//112 159//159 111//111
f 112//112 161//161 160//160
f 113//113 162//162 161//161
f 114//114 163//163 162//162
f 116//116 163//163 115//115
f 117//117 164//164 116//116
f 118//118 165//165 117//117
f 119//119 166//166 118//118
f 119//119 168//168 167//167
f 120//120 169//169 168//168
f 121//121 170//170 169//169
f 123//123 170//170 122//122
f 124//124 171//171 123//123
f 125//125 172//172 124//124
f 126//126 173//173 125//125
f 126//126 175//175 174//174
f 127//127 176//176 175//175
f 128//128 177//177 176//176
f 130//130 177//177 129//129
f 131//131 178//178 130//130
f 132//132 179//179 131//131
f 132//132 181//181 180//180
f 133//133 182//182 181//181
f 134//134 183//183 182//182
f 135//135 184//184 183//183
f 137//137 184//184 136//136
f 138//138 185//185 137//137
f 139//139 186//186 138//138
f 139//139 188//188 187//187
f 140//140 189//189 188//188
f 141//141 190//190 189//189
f 143//143 190//190 142//142
f 144//144 191//191 143//143
f 97//97 192//192 144//144
f 145//145 194//194 193//193
f 147//147 194//194 146//146
f 148//148 195//195 147//147
f 149//149 196//196 148//148
f 149//149 198//198 197//197
f 150//150 199//199 198//198
f 151//151 200//200 199//199
f 152//152 201//201 200//200
f 154//154 201//201 153//153
f 155//155 202//202 154//154
f 156//156 203//203 155//155
f 156//156 205//205 204//204
f 157//157 206//206 205//205
f 158//158 207//207 206//206
f 159//159 208//208 207//207
f 161//161 208//208 160//160
f 162//162 209//209 161//161
f 163//163 210//210 162//162
f 163//163 212//212 211//211
f 164//164 213//213 212//212
f 165//165 214//214 213//213
f 167//167 214//214 166//166
f 168//168 215//215 167//167
f 169//169 216//216 168//168
f 170//170 217//217 169//169
f 170//170 219//219 218//218
f 171//171 220//220 219//219
f 172//172 221//221 220//220
f 174//174 221//221 173//173
f 175//175 222//222 174//174
f 176//176 223//223 175//175
f 177//177 224//224 176//176
f 177//177 226//226 225//225
f 178//178 227//227 226//226
f 179//179 228//228 227//227
f 181//181 228//228 180//180
f 182//182 229//229 181//181
f 183//183 230//230 182//182
f 184//184 231//231 183//183
f 184//184 233//233 232//232
f 185//185 234//234 233//233
f 186//186 235//235 234//234
f 188//188 235//235 187//187
f 189//189 236//236 188//188
f 190//190 237//237 189//189
f 190//190 239//239 238//238
f 191//191 240//240 239//239
f 192//192 193//193 240//240
f 193//193 242//242 241//241
f 194//194 243//243 242//242
f 195//195 244//244 243//243
f 196//196 245//245 244//244
f 198//198 245//245 197//197
f 199//199 246//246 198//198
f 200//200 247//247 199//199
f 200//200 249//249 248//248
f 201//201 250//250 249//249
f 202//202 251//251 250//250
f 203//203 252//252 251//251
f 205//205 252//252 204//204
f 206//206 253//253 205//205
f 207//207 254//254 206//206
f 207//207 256//256 255//255
f 208//208 257//257 256//256
f 209//209 258//258 257//257
f 210//210 259//259 258//258
f 212//212 259//259 211//211
f 213//213 260//260 212//212
f 214//214 261//261 213//213
f 214//214 263//263 262//262
f 215//215 264//264 263//263
f 216//216 265//265 264//264
f 218//218 265//265 217//217
f 219//219 266//266 218//218
f 220//220 267//267 219//219
f 221//221 268//268 220//220
f 221//221 270//270 269//269
f 222//222 271//271 270//270
f 223//223 272//272 271//271
f 225//225 272//272 224//224
f 226//226 273//273 225//225
f 227//227 274//274 226//226
f 228//228 275//275 227//227
f 228//228 277//277 276//276
f 229//229 278//278 277//277
f 230//230 279//279 278//278
f 232//232 279//279 231//231
f 233//233 280//280 232//232
f 234//234 281//281 233//233
f 235//235 282//282 234//234
f 235//235 284//284 283//283
f 236//236 285//285 284//284
f 237//237 286//286 285//285
f 239//239 286//286 238//238
f 240//240 287//287 239//239
f 193//193 288//288 240//240
f 242//242 289//289 241//241
f 243//243 290//290 242//242
f 244//244 291//291 243//243
f 245//245 292//292 244//244
f 245//245 294//294 293//293
f 246//246 295//295 294//294
f 247//247 296//296 295//295
f 249//249 296//296 248//248
f 250//250 297//297 249//249
f 251//251 298//298 250//250
f 251//251 300//300 299//299
f 252//252 301//301 300//300
f 253//253 302//302 301//301
f 254//254 303//303 302//302
f 256//256 303//303 255//255
f 257//257 304//304 256//256
f 258//258 305//305 257//257
f 258//258 307//307 306//306
f 259//259 308//308 307//307
f 260//260 309//309 308//308
f 261//261 310//310 309//309
f 263//263 310//310 262//262
f 264//264 311//311 263//263
f 265//265 312//312 264//264
f 265//265 314//314 313//313
f 266//266 315//315 314//314
f 267//267 316//316 315//315
f 268//268 317//317 316//316
f 270//270 317//317 269//269
f 271//271 318//318 270//270
f 272//272 319//319 271//271
f 272//272 321//321 320//320
f 273//273 322//322 321//321
f 274//274 323//323 322//322
f 275//275 324//324 323//323
f 277//277 324//324 276//276
f 278//278 325//325 277//277
f 279//279 326//326 278//278
f 279//279 328//328 327//327
f 280//280 329//329 328//328
f 281//281 330//330 329//329
f 283//283 330//330 282//282
f 284//284 331//331 283//283
f 285//285 332//332 284//284
f 286//286 333//333 285//285
f 286//286 335//335 334//334
f 287//287 336//336 335//335
f 288//288 289//289 336//336
f 385//385 434//434 433//433
f 386//386 435//435 434//434
f 387//387 436//436 435//435
f 389//389 436//436 388//388
f 390//390 437//437 389//389
f 391//391 438//438 390//390
f 391//391 440//440 439//439
f 392//392 441//441 440//440
f 393//393 442//442 441//441
f 395//395 442//442 394//394
f 396//396 443//443 395//395
f 397//397 444//444 396//396
f 398//398 445//445 397//397
f 398//398 447//447 446//446
f 399//399 448//448 447//447
f 400//400 449//449 448//448
f 402//402 449//449 401//401
f 403//403 450//450 402//402
f 404//404 451//451 403//403
f 405//405 452//452 404//404
f 405//405 454//454 453//453
f 406//406 455//455 454//454
f 407//407 456//456 455//455
f 409//409 456//456 408//408
f 410//410 457//457 409//409
f 411//411 458//458 410//410
f 412//412 459//459 411//411
f 412//412 461//461 460//460
f 413//413 462//462 461//461
f 414//414 463//463 462//462
f 416//416 463//463 415//415
f 417//417 464//464 416//416
f 418//418 465//465 417//417
f 418//418 467//467 466//466
f 419//419 468//468 467//467
f 420//420 469//469 468//468
f 421//421 470//470 469//469
f 423//423 470//470 422//422
f 424//424 471//471 423//423
f 425//425 472//472 424//424
f 425//425 474//474 473//473
f 426//426 475//475 474//474
f 427//427 476//476 475//475
f 428//428 477//477 476//476
f 430//430 477//477 429//429
f 431//431 478//478 430//430
f 432//432 479//479 431//431
f 432//432 433//433 480//480
f 434//434 481//481 433//433
f 435//435 482//482 434//434
f 436//436 483//483 435//435
f 436//436 485//485 484//484
f 437//437 486//486 485//485
f 438//438 487//487 486//486
f 440//440 487//487 439//439
f 441//441 488//488 440//440
f 442//442 489//489 441//441
f 442//442 491//491 490//490
f 443//443 492//492 491//491
f 444//444 493//493 492//492
f 445//445 494//494 493//493
f 447//447 494//494 446//446
f 448//448 495//495 447//447
f 449//449 496//496 448//448
f 449//449 498//498 497//497
f 450//450 499//499 498//498
f 451//451 500//500 499//499
f 452//452 501//501 500//500
f 454//454 501//501 453//453
f 455//455 502//502 454//454
f 456//456 503//503 455//455
f 456//456 505//505 504//504
f 457//457 506//506 505//505
f 458//458 507//507 506//506
f 459//459 508//508 507//507
f 461//461 508//508 460//460
f 462//462 509//509 461//461
f 463//463 510//510 462//462
f 463//463 512//512 511//511
f 464//464 513//513 512//512
f 465//465 514//514 513//513
f 467//467 514//514 466//466
f 468//468 515//515 467//467
f 469//469 516//516 468//468
f 470//470 517//517 469//469
f 470//470 519//519 518//518
f 471//471 520//520 519//519
f 472//472 521//521 520//520
f 474//474 521//521 473//473
f 475//475 522//522 474//474
f 476//476 523//523 475//475
f 477//477 524//524 476//476
f 477//477 526//526 525//525
f 478//478 527//527 526//526
f 479//479 528//528 527//527
f 433//433 528//528 480//480
f 481//481 530//530 529//529
f 482//482 531//531 530//530
f 484//484 531//531 483//483
f 485//485 532//532 484//484
f 486//486 533//533 485//485
f 486//486 535//535 534//534
f 487//487 536//536 535//535
f 488//488 537//537 536//536
f 489//489 538//538 537//537
f 491//491 538//538 490//490
f 492//492 539//539 491//491
f 493//493 540//540 492//492
f 493//493 542//542 541//541
f 494//494 543//543 542//542
f 495//495 544//544 543//543
f 496//496 545//545 544//544
f 498//498 545//545 497//497
f 499//499 546//546 498//498
f 500//500 547//547 499//499
f 500//500 549//549 548//548
f 501//501 550//550 549//549
f 502//502 551//551 550//550
f 503//503 552//552 551//551
f 505//505 552//552 504//504
f 506//506 553//553 505//505
f 507//507 554//554 506//506
f 507//507 556//556 555//555
f 508//508 557//557 556//556
f 509//509 558//558 557//557
f 511//511 558//558 510//510
f 512//512 559//559 511//511
f 513//513 560//560 512//512
f 514//514 561//561 513//513
f 514//514 563//563 562//562
f 515//515 564//564 563//563
f 516//516 565//565 564//564
f 518//518 565//565 517//517
f 519//519 566//566 518//518
f 520//520 567//567 519//519
f 521//521 568//568 520//520
f 521//521 570//570 569//569
f 522//522 571//571 570//570
f 523//523 572//572 571//571
f 525//525 572//572 524//524
f 526//526 573//573 525//525
f 527//527 574//574 526//526
f 528//528 575//575 527//527
f 528//528 529//529 576//576
f 530//530 577//577 529//529
f 531//531 578//578 530//530
f 531//531 580//580 579//579
f 532//532 581//581 580//580
f 533//533 582//582 581//581
f 535//535 582//582 534//534
f 536//536 583//583 535//535
f 537//537 584//584 536//536
f 538//538 585//585 537//537
f 538//538 587//587 586//586
f 539//539 588//588 587//587
f 540//540 589//589 588//588
f 542//542 589//589 541//541
f 543//543 590//590 542//542
f 544//544 591//591 543//543
f 545//545 592//592 544//544
f 545//545 594//594 593//593
f 546//546 595//595 594//594
f 547//547 596//596 595//595
f 549//549 596//596 548//548
f 550//550 597//597 549//549
f 551//551 598//598 550//550
f 552//552 599//599 551//551
f 552//552 601//601 600//600
f 553//553 602//602 601//601
f 554//554 603//603 602//602
f 556//556 603//603 555//555
f 557//557 604//604 556//556
f 558//558 605//605 557//557
f 558//558 607//607 606//606
f 559//559 608//608 607//607
f 560//560 609//609 608//608
f 561//561 610//610 609//609
f 563//563 610//610 562//562
f 564//564 611//611 563//563
f 565//565 612//612 564//564
f 565//565 614//614 613//613
f 566//566 615//615 614//614
f 567//567 616//616 615//615
f 568//568 617//617 616//616
f 570//570 617//617 569//569
f 571//571 618//618 570//570
f 572//572 619//619 571//571
f 572//572 621//621 620//620
f 573//573 622//622 621//621
f 574//574 623//623 622//622
f 575//575 624//624 623//623
f 529//529 624//624 576//576
f 577//577 626//626 625//625
f 578//578 627//627 626//626
f 580//580 627//627 579//579
f 581//581 628//628 580//580
f 582//582 629//629 581//581
f 582//582 631//631 630//630
f 583//583 632//632 631//631
f 584//584 633//633 632//632
f 585//585 634//634 633//633
f 587//587 634//634 586//586
f 588//588 635//635 587//587
f 589//589 636//636 588//588
f 589//589 638//638 637//637
f 590//590 639//639 638//638
f 591//591 640//640 639//639
f 593//593 640//640 592//592
f 594//594 641//641 593//593
f 595//595 642//642 594//594
f 596//596 643//643 595//595
f 596//596 645//645 644//644
f 597//597 646//646 645//645
f 598//598 647//647 646//646
f 600//600 647//647 599//599
f 601//601 648//648 600//600
f 602//602 649//649 601//601
f 603//603 650//650 602//602
f 603//603 652//652 651//651
f 604//604 653//653 652//652
f 605//605 654//654 653//653
f 607//607 654//654 606//606
f 608//608 655//655 607//607
f 609//609 656//656 608//608
f 610//610 657//657 609//609
f 610//610 659//659 658//658
f 611//611 660//660 659//659
f 612//612 661//661 660//660
f 614//614 661//661 613//613
f 615//615 662//662 614//614
f 616//616 663//663 615//615
f 616//616 665//665 664//664
f 617//617 666//666 665//665
f 618//618 667//667 666//666
f 619//619 668//668 667//667
f 621//621 668//668 620//620
f 622//622 669//669 621//621
f 623//623 670//670 622//622
f 623//623 672//672 671//671
f 624//624 625//625 672//672
f 626//626 673//673 625//625
f 626//626 675//675 674//674
f 627//627 676//676 675//675
f 628//628 677//677 676//676
f 629//629 678//678 677//677
f 631//631 678//678 630//630
f 632//632 679//679 631//631
f 633//633 680//680 632//632
f 633//633 682//682 681//681
f 634//634 683//683 682//682
f 635//635 684//684 683//683
f 636//636 685//685 684//684
f 638//638 685//685 637//637
f 639//639 686//686 638//638
f 640//640 687//687 639//639
f 640//640 689//689 688//688
f 641//641 690//690 689//689
f 642//642 691//691 690//690
f 643//643 692//692 691//691
f 645//645 692//692 644//644
f 646//646 693//693 645//645
f 647//647 694//694 646//646
f 647//647 696//696 695//695
f 648//648 697//697 696//696
f 649//649 698//698 697//697
f 651//651 698//698 650//650
f 652//652 699//699 651//651
f 653//653 700//700 652//652
f 654//654 701//701 653//653
f 654//654 703//703 702//702
f 655//655 704//704 703//703
f 656//656 705//705 704//704
f 658//658 705//705 657//657
f 659//659 706//706 658//658
f 660//660 707//707 659//659
f 661//661 708//708 660//660
f 661//661 710//710 709//709
f 662//662 711//711 710//710
f 663//663 712//712 711//711
f 665//665 712//712 664//664
f 666//666 713//713 665//665
f 667//667 714//714 666//666
f 667//667 716//716 715//715
f 668//668 717//717 716//716
f 669//669 718//718 717//717
f 670//670 719//719 718//718
f 672//672 719//719 671//671
f 625//625 720//720 672//672
f 769//769 818//818 817//817
f 771//771 818//818 770//770
f 772//772 819//819 771//771
f 773//773 820//820 772//772
f 773//773 822//822 821//821
f 774//774 823//823 822//822
f 775//775 824//824 823//823
f 777//777 824//824 776//776
f 778//778 825//825 777//777
f 779//779 826//826 778//778
f 780//780 827//827 779//779
f 780//780 829//829 828//828
f 781//781 830//830 829//829
f 782//782 831//831 830//830
f 784//784 831//831 783//783
f 785//785 832//832 784//784
f 786//786 833//833 785//785
f 787//787 834//834 786//786
f 787//787 836//836 835//835
f 788//788 837//837 836//836
f 789//789 838//838 837//837
f 791//791 838//838 790//790
f 792//792 839//839 791//791
f 793//793 840//840 792//792
f 794//794 841//841 793//793
f 794//794 843//843 842//842
f 795//795 844//844 843//843
f 796//796 845//845 844//844
f 798//798 845//845 797//797
f 799//799 846//846 798//798
f 800//800 847//847 799//799
f 800//800 849//849 848//848
f 801//801 850//850 849//849
f 802//802 851//851 850//850
f 803//803 852//852 851//851
f 805//805 852//852 804//804
f 806//806 853//853 805//805
f 807//807 854//854 806//806
f 807//807 856//856 855//855
f 808//808 857//857 856//856
f 809//809 858//858 857//857
f 810//810 859//859 858//858
f 812//812 859//859 811//811
f 813//813 860//860 812//812
f 814//814 861//861 813//813
f 814//814 863//863 862//862
f 815//815 864//864 863//863
f 816//816 817//817 864//864
f 817//817 866//866 865//865
f 818//818 867//867 866//866
f 819//819 868//868 867//867
f 820//820 869//869 868//868
f 822//822 869//869 821//821
f 823//823 870//870 822//822
f 824//824 871//871 823//823
f 825//825 872//872 824//824
f 825//825 874//874 873//873
f 826//826 875//875 874//874
f 827//827 876//876 875//875
f 829//829 876//876 828//828
f 830//830 877//877 829//829
f 831//831 878//878 830//830
f 831//831 880//880 879//879
f 832//832 881//881 880//880
f 833//833 882//882 881//881
f 835//835 882//882 834//834
f 836//836 883//883 835//835
f 837//837 884//884 836//836
f 838//838 885//885 837//837
f 838//838 887//887 886//886
f 839//839 888//888 887//887
f 840//840 889//889 888//888
f 842//842 889//889 841//841
f 843//843 890//890 842//842
f 844//844 891//891 843//843
f 845//845 892//892 844//844
f 845//845 894//894 893//893
f 846//846 895//895 894//894
f 847//847 896//896 895//895
f 849//849 896//896 848//848
f 850//850 897//897 849//849
f 851//851 898//898 850//850
f 851//851 900//900 899//899
f 852//852 901//901 900//900
f 853//853 902//902 901//901
f 854//854 903//903 902//902
f 856//856 903//903 855//855
f 857//857 904//904 856//856
f 858//858 905//905 857//857
f 858//858 907//907 906//906
f 859//859 908//908 907//907
f 860//860 909//909 908//908
f 861//861 910//910 909//909
f 863//863 910//910 862//862
f 864//864 911//911 863//863
f 817//817 912//912 864//864
f 866//866 913//913 865//865
f 867//867 914//914 866//866
f 868//868 915//915 867//867
f 869//869 916//916 868//868
f 869//869 918//918 917//917
f 870//870 919//919 918//918
f 871//871 920//920 919//919
f 873//873 920//920 872//872
f 874//874 921//921 873//873
f 875//875 922//922 874//874
f 875//875 924//924 923//923
f 876//876 925//925 924//924
f 877//877 926//926 925//925
f 879//879 926//926 878//878
f 880//880 927//927 879//879
f 881//881 928//928 880//880
f 882//882 929//929 881//881
f 882//882 931//931 930//930
f 883//883 932//932 931//931
f 884//884 933//933 932//932
f 885//885 934//934 933//933
f 887//887 934//934 886//886
f 888//888 935//935 887//887
f 889//889 936//936 888//888
f 889//889 938//938 937//937
f 890//890 939//939 938//938
f 891//891 940//940 939//939
f 892//892 941//941 940//940
f 894//894 941//941 893//893
f 895//895 942//942 894//894
f 896//896 943//943 895//895
f 896//896 945//945 944//944
f 897//897 946//946 945//945
f 898//898 947//947 946//946
f 900//900 947//947 899//899
f 901//901 948//948 900//900
f 902//902 949//223 901//901
f 902//902 951//950 950//949
f 903//903 952//951 951//950
f 904//904 953//952 952//951
f 905//905 954//953 953//952
f 907//907 954//953 906//906
f 908//908 955//954 907//907
f 909//909 956//955 908//908
f 910//910 957//956 909//909
f 910//910 959//958 958//957
f 911//911 960//959 959//958
f 912//912 913//913 960//959
f 913//913 962//961 961//960
f 914//914 963//962 962//961
f 915//915 964//963 963//962
f 917//917 964//963 916//916
f 918//918 965//964 917//917
f 919//919 966//965 918//918
f 920//920 967//966 919//919
f 920//920 969//968 968//967
f 921//921 970//969 969//968
f 922//922 971//970 970//969
f 924//924 971//970 923//923
f 925//925 972//971 924//924
f 926//926 973//972 925//925
f 926//926 975//974 974//973
f 927//927 976//975 975//974
f 928//928 977//976 976//975
f 929//929 978//977 977//976
f 931//931 978//977 930//930
f 932//932 979//978 931//931
f 933//933 980//979 932//932
f 933//933 982//981 981//980
f 934//934 983//982 982//981
f 935//935 984//983 983//982
f 936//936 985//984 984//983
f 938//938 985//984 937//937
f 939//939 986//985 938//938
f 940//940 987//986 939//939
f 940//940 989//988 988//987
f 941//941 990//989 989//988
f 942//942 991//990 990//989
f 943//943 992//991 991//990
f 945//945 992//991 944//944
f 946//946 993//992 945//945
f 947//947 994//993 946//946
f 947//947 996//995 995//994
f 948//948 997//996 996//995
f 949//223 998//997 997//996
f 951//950 998//997 950//949
f 952//951 999//998 951//950
f 953//952 1000//999 952//951
f 954//953 1001//1000 953//952
f 954//953 1003//1002 1002//1001
f 955//954 1004//1003 1003//1002
f 956//955 1005//1004 1004//1003
f 958//957 1005//1004 957//956
f 959//958 1006//1005 958//957
f 960//959 1007//1006 959//958
f 913//913 1008//1007 960//959
f 962//961 1009//1008 961//960
f 963//962 1010//1009 962//961
f 964//963 1011//1010 963//962
f 964//963 1013//1012 1012//1011
f 965//964 1014//1013 1013//1012
f 966//965 1015//1014 1014//1013
f 968//967 1015//1014 967//966
f 969//968 1016//1015 968//967
f 970//969 1017//1016 969//968
f 971//970 1018//1017 970//969
f 971//970 1020//1019 1019//1018
f 972//971 1021//1020 1020//1019
f 973//972 1022//1021 1021//1020
f 975//974 1022//1021 974//973
f 976//975 1023//1022 975//974
f 977//976 1024//1023 976//975
f 977//976 1026//1025 1025//1024
f 978//977 1027//1026 1026//1025
f 979//978 1028//1027 1027//1026
f 980//979 1029//1028 1028//1027
f 982//981 1029//1028 981//980
f 983//982 1030//1029 982//981
f 984//983 1031//1030 983//982
f 984//983 1033//1032 1032//1031
f 985//984 1034//1033 1033//1032
f 986//985 1035//1034 1034//1033
f 987//986 1036//1035 1035//1034
f 989//988 1036//1035 988//987
f 990//989 1037//1036 989//988
f 991//990 1038//1037 990//989
f 991//990 1040//1039 1039//1038
f 992//991 1041//1040 1040//1039
f 993//992 1042//1041 1041//1040
f 995//994 1042//1041 994//993
f 996//995 1043//1042 995//994
f 997//996 1044//1043 996//995
f 998//997 1045//1044 997//996
f 998//997 1047//1046 1046//1045
f 999//998 1048//1047 1047//1046
f 1000//999 1049//1048 1048//1047
f 1002//1001 1049//1048 1001//1000
f 1003//1002 1050//1049 1002//1001
f 1004//1003 1051//1050 1003//1002
f 1005//1004 1052//1051 1004//1003
f 1005//1004 1054//1053 1053//1052
f 1006//1005 1055//1054 1054//1053
f 1007//1006 1056//1055 1055//1054
f 961//960 1056//1055 1008//1007
f 1009//1008 1058//1057 1057//1056
f 1010//1009 1059//1058 1058//1057
f 1011//1010 1060//1059 1059//1058
f 1013//1012 1060//1059 1012//1011
f 1014//1013 1061//1060 1013//1012
f 1015//1014 1062//1061 1014//1013
f 1015//1014 1064//1063 1063//1062
f 1016//1015 1065//1064 1064//1063
f 1017//1016 1066//1065 1065//1064
f 1019//1018 1066//1065 1018//1017
f 1020//1019 1067//1066 1019//1018
f 1021//1020 1068//1067 1020//1019
f 1022//1021 1069//1068 1021//1020
f 1022//1021 1071//1070 1070//1069
f 1023//1022 1072//1071 1071//1070
f 1024//1023 1073//1072 1072//1071
f 1026//1025 1073//1072 1025//1024
f 1027//1026 1074//1073 1026//1025
f 1028//1027 1075//1074 1027//1026
f 1029//1028 1076//1075 1028//1027
f 1029//1028 1078//1077 1077//1076
f 1030//1029 1079//1078 1078//1077
f 1031//1030 1080//1079 1079//1078
f 1033//1032 1080//1079 1032//1031
f 1034//1033 1081//1080 1033//1032
f 1035//1034 1082//1081 1034//1033
f 1036//1035 1083//1082 1035//1034
f 1036//1035 1085//1084 1084//1083
f 1037//1036 1086//1085 1085//1084
f 1038//1037 1087//1086 1086//1085
f 1040//1039 1087//1086 1039//1038
f 1041//1040 1088//1087 1040//1039
f 1042//1041 1089//1088 1041//1040
f 1042//1041 1091//1090 1090//1089
f 1043//1042 1092//1091 1091//1090
f 1044//1043 1093//1092 1092//1091
f 1045//1044 1094//1093 1093//1092
f 1047//1046 1094//1093 1046//1045
f 1048//1047 1095//1094 1047//1046
f 1049//1048 1096//1095 1048//1047
f 1049//1048 1098//1097 1097//1096
f 1050//1049 1099//1098 1098//1097
f 1051//1050 1100//1099 1099//1098
f 1052//1051 1101//1100 1100//1099
f 1054//1053 1101//1100 1053//1052
f 1055//1054 1102//1101 1054//1053
f 1056//1055 1103//1102 1055//1054
f 1056//1055 1057//1056 1104//1103
f 1201//1200 2//2 1//1
f 1201//1200 3//3 2//2
f 1201//1200 4//4 3//3
f 1201//1200 5//5 4//4
f 1201//1200 6//6 5//5
f 1201//1200 7//7 6//6
f 1201//1200 8//8 7//7
f 1201//1200 9//9 8//8
f 1201//1200 10//10 9//9
f 1201//1200 11//11 10//10
f 1201//1200 12//12 11//11
f 1201//1200 13//13 12//12
f 1201//1200 14//14 13//13
f 1201//1200 15//15 14//14
f 1201//1200 16//16 15//15
f 1201//1200 17//17 16//16
f 1201//1200 18//18 17//17
f 1201//1200 19//19 18//18
f 1201//1200 20//20 19//19
f 1201//1200 21//21 20//20
f 1201//1200 22//22 21//21
f 1201//1200 23//23 22//22
f 1201//1200 24//24 23//23
f 1201//1200 25//25 24//24
f 1201//1200 26//26 25//25
f 1201//1200 27//27 26//26
f 1201//1200 28//28 27//27
f 1201//1200 29//29 28//28
f 1201//1200 30//30 29//29
f 1201//1200 31//31 30//30
f 1201//1200 32//32 31//31
f 1201//1200 33//33 32//32
f 1201//1200 34//34 33//33
f 1201//1200 35//35 34//34
f 1201//1200 36//36 35//35
f 1201//1200 37//37 36//36
f 1201//1200 38//38 37//37
f 1201//1200 39//39 38//38
f 1201//1200 40//40 39//39
f 1201//1200 41//41 40//40
f 1201//1200 42//42 41//41
f 1201//1200 43//43 42//42
f 1201//1200 44//44 43//43
f 1201//1200 45//45 44//44
f 1201//1200 46//46 45//45
f 1201//1200 47//47 46//46
f 1201//1200 48//48 47//47
f 1201//1200 1//1 48//48
f 2//2 50//50 49//49
f 2//2 3//3 51//51
f 3//3 4//4 52//52
f 4//4 5//5 53//53
f 5//5 6//6 54//54
f 7//7 55//55 54//54
f 8//8 56//56 55//55
f 9//9 57//57 56//56
f 9//9 10//10 58//58
f 10//10 11//11 59//59
f 11//11 12//12 60//60
f 12//12 13//13 61//61
f 14//14 62//62 61//61
f 15//15 63//63 62//62
f 16//16 64//64 63//63
f 16//16 17//17 65//65
f 17//17 18//18 66//66
f 18//18 19//19 67//67
f 19//19 20//20 68//68
f 21//21 69//69 68//68
f 22//22 70//70 69//69
f 23//23 71//71 70//70
f 23//23 24//24 72//72
f 24//24 25//25 73//73
f 25//25 26//26 74//74
f 26//26 27//27 75//75
f 28//28 76//76 75//75
f 29//29 77//77 76//76
f 30//30 78//78 77//77
f 30//30 31//31 79//79
f 31//31 32//32 80//80
f 32//32 33//33 81//81
f 34//34 82//82 81//81
f 35//35 83//83 82//82
f 36//36 84//84 83//83
f 37//37 85//85 84//84
f 37//37 38//38 86//86
f 38//38 39//39 87//87
f 39//39 40//40 88//88
f 41//41 89//89 88//88
f 42//42 90//90 89//89
f 43//43 91//91 90//90
f 43//43 44//44 92//92
f 44//44 45//45 93//93
f 45//45 46//46 94//94
f 46//46 47//47 95//95
f 48//48 96//96 95//95
f 1//1 49//49 96//96
f 49//49 50//50 98//98
f 51//51 99//99 98//98
f 52//52 100//100 99//99
f 53//53 101//101 100//100
f 54//54 102//102 101//101
f 54//54 55//55 103//103
f 55//55 56//56 104//104
f 56//56 57//57 105//105
f 58//58 106//106 105//105
f 59//59 107//107 106//106
f 60//60 108//108 107//107
f 61//61 109//109 108//108
f 61//61 62//62 110//110
f 62//62 63//63 111//111
f 63//63 64//64 112//112
f 65//65 113//113 112//112
f 66//66 114//114 113//113
f 67//67 115//115 114//114
f 68//68 116//116 115//115
f 68//68 69//69 117//117
f 69//69 70//70 118//118
f 70//70 71//71 119//119
f 72//72 120//120 119//119
f 73//73 121//121 120//120
f 74//74 122//122 121//121
f 74//74 75//75 123//123
f 75//75 76//76 124//124
f 76//76 77//77 125//125
f 77//77 78//78 126//126
f 79//79 127//127 126//126
f 80//80 128//128 127//127
f 81//81 129//129 128//128
f 81//81 82//82 130//130
f 82//82 83//83 131//131
f 83//83 84//84 132//132
f 84//84 85//85 133//133
f 86//86 134//134 133//133
f 87//87 135//135 134//134
f 88//88 136//136 135//135
f 88//88 89//89 137//137
f 89//89 90//90 138//138
f 90//90 91//91 139//139
f 92//92 140//140 139//139
f 93//93 141//141 140//140
f 94//94 142//142 141//141
f 95//95 143//143 142//142
f 95//95 96//96 144//144
f 96//96 49//49 97//97
f 98//98 146//146 145//145
f 98//98 99//99 147//147
f 99//99 100//100 148//148
f 100//100 101//101 149//149
f 102//102 150//150 149//149
f 103//103 151//151 150//150
f 104//104 152//152 151//151
f 105//105 153//153 152//152
f 105//105 106//106 154//154
f 106//106 107//107 155//155
f 107//107 108//108 156//156
f 109//109 157//157 156//156
f 110//110 158//158 157//157
f 111//111 159//159 158//158
f 112//112 160//160 159//159
f 112//112 113//113 161//161
f 113//113 114//114 162//162
f 114//114 115//115 163//163
f 116//116 164//164 163//163
f 117//117 165//165 164//164
f 118//118 166//166 165//165
f 119//119 167//167 166//166
f 119//119 120//120 168//168
f 120//120 121//121 169//169
f 121//121 122//122 170//170
f 123//123 171//171 170//170
f 124//124 172//172 171//171
f 125//125 173//173 172//172
f 126//126 174//174 173//173
f 126//126 127//127 175//175
f 127//127 128//128 176//176
f 128//128 129//129 177//177
f 130//130 178//178 177//177
f 131//131 179//179 178//178
f 132//132 180//180 179//179
f 132//132 133//133 181//181
f 133//133 134//134 182//182
f 134//134 135//135 183//183
f 135//135 136//136 184//184
f 137//137 185//185 184//184
f 138//138 186//186 185//185
f 139//139 187//187 186//186
f 139//139 140//140 188//188
f 140//140 141//141 189//189
f 141//141 142//142 190//190
f 143//143 191//191 190//190
f 144//144 192//192 191//191
f 97//97 145//145 192//192
f 145//145 146//146 194//194
f 147//147 195//195 194//194
f 148//148 196//196 195//195
f 149//149 197//197 196//196
f 149//149 150//150 198//198
f 150//150 151//151 199//199
f 151//151 152//152 200//200
f 152//152 153//153 201//201
f 154//154 202//202 201//201
f 155//155 203//203 202//202
f 156//156 204//204 203//203
f 156//156 157//157 205//205
f 157//157 158//158 206//206
f 158//158 159//159 207//207
f 159//159 160//160 208//208
f 161//161 209//209 208//208
f 162//162 210//210 209//209
f 163//163 211//211 210//210
f 163//163 164//164 212//212
f 164//164 165//165 213//213
f 165//165 166//166 214//214
f 167//167 215//215 214//214
f 168//168 216//216 215//215
f 169//169 217//217 216//216
f 170//170 218//218 217//217
f 170//170 171//171 219//219
f 171//171 172//172 220//220
f 172//172 173//173 221//221
f 174//174 222//222 221//221
f 175//175 223//223 222//222
f 176//176 224//224 223//223
f 177//177 225//225 224//224
f 177//177 178//178 226//226
f 178//178 179//179 227//227
f 179//179 180//180 228//228
f 181//181 229//229 228//228
f 182//182 230//230 229//229
f 183//183 231//231 230//230
f 184//184 232//232 231//231
f 184//184 185//185 233//233
f 185//185 186//186 234//234
f 186//186 187//187 235//235
f 188//188 236//236 235//235
f 189//189 237//237 236//236
f 190//190 238//238 237//237
f 190//190 191//191 239//239
f 191//191 192//192 240//240
f 192//192 145//145 193//193
f 193//193 194//194 242//242
f 194//194 195//195 243//243
f 195//195 196//196 244//244
f 196//196 197//197 245//245
f 198//198 246//246 245//245
f 199//199 247//247 246//246
f 200//200 248//248 247//247
f 200//200 201//201 249//249
f 201//201 202//202 250//250
f 202//202 203//203 251//251
f 203//203 204//204 252//252
f 205//205 253//253 252//252
f 206//206 254//254 253//253
f 207//207 255//255 254//254
f 207//207 208//208 256//256
f 208//208 209//209 257//257
f 209//209 210//210 258//258
f 210//210 211//211 259//259
f 212//212 260//260 259//259
f 213//213 261//261 260//260
f 214//214 262//262 261//261
f 214//214 215//215 263//263
f 215//215 216//216 264//264
f 216//216 217//217 265//265
f 218//218 266//266 265//265
f 219//219 267//267 266//266
f 220//220 268//268 267//267
f 221//221 269//269 268//268
f 221//221 222//222 270//270
f 222//222 223//223 271//271
f 223//223 224//224 272//272
f 225//225 273//273 272//272
f 226//226 274//274 273//273
f 227//227 275//275 274//274
f 228//228 276//276 275//275
f 228//228 229//229 277//277
f 229//229 230//230 278//278
f 230//230 231//231 279//279
f 232//232 280//280 279//279
f 233//233 281//281 280//280
f 234//234 282//282 281//281
f 235//235 283//283 282//282
f 235//235 236//236 284//284
f 236//236 237//237 285//285
f 237//237 238//238 286//286
f 239//239 287//287 286//286
f 240//240 288//288 287//287
f 193//193 241//241 288//288
f 242//242 290//290 289//289
f 243//243 291//291 290//290
f 244//244 292//292 291//291
f 245//245 293//293 292//292
f 245//245 246//246 294//294
f 246//246 247//247 295//295
f 247//247 248//248 296//296
f 249//249 297//297 296//296
f 250//250 298//298 297//297
f 251//251 299//299 298//298
f 251//251 252//252 300//300
f 252//252 253//253 301//301
f 253//253 254//254 302//302
f 254//254 255//255 303//303
f 256//256 304//304 303//303
f 257//257 305//305 304//304
f 258//258 306//306 305//305
f 258//258 259//259 307//307
f 259//259 260//260 308//308
f 260//260 261//261 309//309
f 261//261 262//262 310//310
f 263//263 311//311 310//310
f 264//264 312//312 311//311
f 265//265 313//313 312//312
f 265//265 266//266 314//314
f 266//266 267//267 315//315
f 267//267 268//268 316//316
f 268//268 269//269 317//317
f 270//270 318//318 317//317
f 271//271 319//319 318//318
f 272//272 320//320 319//319
f 272//272 273//273 321//321
f 273//273 274//274 322//322
f 274//274 275//275 323//323
f 275//275 276//276 324//324
f 277//277 325//325 324//324
f 278//278 326//326 325//325
f 279//279 327//327 326//326
f 279//279 280//280 328//328
f 280//280 281//281 329//329
f 281//281 282//282 330//330
f 283//283 331//331 330//330
f 284//284 332//332 331//331
f 285//285 333//333 332//332
f 286//286 334//334 333//333
f 286//286 287//287 335//335
f 287//287 288//288 336//336
f 288//288 241//241 289//289
f 385//385 386//386 434//434
f 386//386 387//387 435//435
f 387//387 388//388 436//436
f 389//389 437//437 436//436
f 390//390 438//438 437//437
f 391//391 439//439 438//438
f 391//391 392//392 440//440
f 392//392 393//393 441//441
f 393//393 394//394 442//442
f 395//395 443//443 442//442
f 396//396 444//444 443//443
f 397//397 445//445 444//444
f 398//398 446//446 445//445
f 398//398 399//399 447//447
f 399//399 400//400 448//448
f 400//400 401//401 449//449
f 402//402 450//450 449//449
f 403//403 451//451 450//450
f 404//404 452//452 451//451
f 405//405 453//453 452//452
f 405//405 406//406 454//454
f 406//406 407//407 455//455
f 407//407 408//408 456//456
f 409//409 457//457 456//456
f 410//410 458//458 457//457
f 411//411 459//459 458//458
f 412//412 460//460 459//459
f 412//412 413//413 461//461
f 413//413 414//414 462//462
f 414//414 415//415 463//463
f 416//416 464//464 463//463
f 417//417 465//465 464//464
f 418//418 466//466 465//465
f 418//418 419//419 467//467
f 419//419 420//420 468//468
f 420//420 421//421 469//469
f 421//421 422//422 470//470
f 423//423 471//471 470//470
f 424//424 472//472 471//471
f 425//425 473//473 472//472
f 425//425 426//426 474//474
f 426//426 427//427 475//475
f 427//427 428//428 476//476
f 428//428 429//429 477//477
f 430//430 478//478 477//477
f 431//431 479//479 478//478
f 432//432 480//480 479//479
f 432//432 385//385 433//433
f 434//434 482//482 481//481
f 435//435 483//483 482//482
f 436//436 484//484 483//483
f 436//436 437//437 485//485
f 437//437 438//438 486//486
f 438//438 439//439 487//487
f 440//440 488//488 487//487
f 441//441 489//489 488//488
f 442//442 490//490 489//489
f 442//442 443//443 491//491
f 443//443 444//444 492//492
f 444//444 445//445 493//493
f 445//445 446//446 494//494
f 447//447 495//495 494//494
f 448//448 496//496 495//495
f 449//449 497//497 496//496
f 449//449 450//450 498//498
f 450//450 451//451 499//499
f 451//451 452//452 500//500
f 452//452 453//453 501//501
f 454//454 502//502 501//501
f 455//455 503//503 502//502
f 456//456 504//504 503//503
f 456//456 457//457 505//505
f 457//457 458//458 506//506
f 458//458 459//459 507//507
f 459//459 460//460 508//508
f 461//461 509//509 508//508
f 462//462 510//510 509//509
f 463//463 511//511 510//510
f 463//463 464//464 512//512
f 464//464 465//465 513//513
f 465//465 466//466 514//514
f 467//467 515//515 514//514
f 468//468 516//516 515//515
f 469//469 517//517 516//516
f 470//470 518//518 517//517
f 470//470 471//471 519//519
f 471//471 472//472 520//520
f 472//472 473//473 521//521
f 474//474 522//522 521//521
f 475//475 523//523 522//522
f 476//476 524//524 523//523
f 477//477 525//525 524//524
f 477//477 478//478 526//526
f 478//478 479//479 527//527
f 479//479 480//480 528//528
f 433//433 481//481 528//528
f 481//481 482//482 530//530
f 482//482 483//483 531//531
f 484//484 532//532 531//531
f 485//485 533//533 532//532
f 486//486 534//534 533//533
f 486//486 487//487 535//535
f 487//487 488//488 536//536
f 488//488 489//489 537//537
f 489//489 490//490 538//538
f 491//491 539//539 538//538
f 492//492 540//540 539//539
f 493//493 541//541 540//540
f 493//493 494//494 542//542
f 494//494 495//495 543//543
f 495//495 496//496 544//544
f 496//496 497//497 545//545
f 498//498 546//546 545//545
f 499//499 547//547 546//546
f 500//500 548//548 547//547
f 500//500 501//501 549//549
f 501//501 502//502 550//550
f 502//502 503//503 551//551
f 503//503 504//504 552//552
f 505//505 553//553 552//552
f 506//506 554//554 553//553
f 507//507 555//555 554//554
f 507//507 508//508 556//556
f 508//508 509//509 557//557
f 509//509 510//510 558//558
f 511//511 559//559 558//558
f 512//512 560//560 559//559
f 513//513 561//561 560//560
f 514//514 562//562 561//561
f 514//514 515//515 563//563
f 515//515 516//516 564//564
f 516//516 517//517 565//565
f 518//518 566//566 565//565
f 519//519 567//567 566//566
f 520//520 568//568 567//567
f 521//521 569//569 568//568
f 521//521 522//522 570//570
f 522//522 523//523 571//571
f 523//523 524//524 572//572
f 525//525 573//573 572//572
f 526//526 574//574 573//573
f 527//527 575//575 574//574
f 528//528 576//576 575//575
f 528//528 481//481 529//529
f 530//530 578//578 577//577
f 531//531 579//579 578//578
f 531//531 532//532 580//580
f 532//532 533//533 581//581
f 533//533 534//534 582//582
f 535//535 583//583 582//582
f 536//536 584//584 583//583
f 537//537 585//585 584//584
f 538//538 586//586 585//585
f 538//538 539//539 587//587
f 539//539 540//540 588//588
f 540//540 541//541 589//589
f 542//542 590//590 589//589
f 543//543 591//591 590//590
f 544//544 592//592 591//591
f 545//545 593//593 592//592
f 545//545 546//546 594//594
f 546//546 547//547 595//595
f 547//547 548//548 596//596
f 549//549 597//597 596//596
f 550//550 598//598 597//597
f 551//551 599//599 598//598
f 552//552 600//600 599//599
f 552//552 553//553 601//601
f 553//553 554//554 602//602
f 554//554 555//555 603//603
f 556//556 604//604 603//603
f 557//557 605//605 604//604
f 558//558 606//606 605//605
f 558//558 559//559 607//607
f 559//559 560//560 608//608
f 560//560 561//561 609//609
f 561//561 562//562 610//610
f 563//563 611//611 610//610
f 564//564 612//612 611//611
f 565//565 613//613 612//612
f 565//565 566//566 614//614
f 566//566 567//567 615//615
f 567//567 568//568 616//616
f 568//568 569//569 617//617
f 570//570 618//618 617//617
f 571//571 619//619 618//618
f 572//572 620//620 619//619
f 572//572 573//573 621//621
f 573//573 574//574 622//622
f 574//574 575//575 623//623
f 575//575 576//576 624//624
f 529//529 577//577 624//624
f 577//577 578//578 626//626
f 578//578 579//579 627//627
f 580//580 628//628 627//627
f 581//581 629//629 628//628
f 582//582 630//630 629//629
f 582//582 583//583 631//631
f 583//583 584//584 632//632
f 584//584 585//585 633//633
f 585//585 586//586 634//634
f 587//587 635//635 634//634
f 588//588 636//636 635//635
f 589//589 637//637 636//636
f 589//589 590//590 638//638
f 590//590 591//591 639//639
f 591//591 592//592 640//640
f 593//593 641//641 640//640
f 594//594 642//642 641//641
f 595//595 643//643 642//642
f 596//596 644//644 643//643
f 596//596 597//597 645//645
f 597//597 598//598 646//646
f 598//598 599//599 647//647
f 600//600 648//648 647//647
f 601//601 649//649 648//648
f 602//602 650//650 649//649
f 603//603 651//651 650//650
f 603//603 604//604 652//652
f 604//604 605//605 653//653
f 605//605 606//606 654//654
f 607//607 655//655 654//654
f 608//608 656//656 655//655
f 609//609 657//657 656//656
f 610//610 658//658 657//657
f 610//610 611//611 659//659
f 611//611 612//612 660//660
f 612//612 613//613 661//661
f 614//614 662//662 661//661
f 615//615 663//663 662//662
f 616//616 664//664 663//663
f 616//616 617//617 665//665
f 617//617 618//618 666//666
f 618//618 619//619 667//667
f 619//619 620//620 668//668
f 621//621 669//669 668//668
f 622//622 670//670 669//669
f 623//623 671//671 670//670
f 623//623 624//624 672//672
f 624//624 577//577 625//625
f 626//626 674//674 673//673
f 626//626 627//627 675//675
f 627//627 628//628 676//676
f 628//628 629//629 677//677
f 629//629 630//630 678//678
f 631//631 679//679 678//678
f 632//632 680//680 679//679
f 633//633 681//681 680//680
f 633//633 634//634 682//682
f 634//634 635//635 683//683
f 635//635 636//636 684//684
f 636//636 637//637 685//685
f 638//638 686//686 685//685
f 639//639 687//687 686//686
f 640//640 688//688 687//687
f 640//640 641//641 689//689
f 641//641 642//642 690//690
f 642//642 643//643 691//691
f 643//643 644//644 692//692
f 645//645 693//693 692//692
f 646//646 694//694 693//693
f 647//647 695//695 694//694
f 647//647 648//648 696//696
f 648//648 649//649 697//697
f 649//649 650//650 698//698
f 651//651 699//699 698//698
f 652//652 700//700 699//699
f 653//653 701//701 700//700
f 654//654 702//702 701//701
f 654//654 655//655 703//703
f 655//655 656//656 704//704
f 656//656 657//657 705//705
f 658//658 706//706 705//705
f 659//659 707//707 706//706
f 660//660 708//708 707//707
f 661//661 709//709 708//708
f 661//661 662//662 710//710
f 662//662 663//663 711//711
f 663//663 664//664 712//712
f 665//665 713//713 712//712
f 666//666 714//714 713//713
f 667//667 715//715 714//714
f 667//667 668//668 716//716
f 668//668 669//669 717//717
f 669//669 670//670 718//718
f 670//670 671//671 719//719
f 672//672 720//720 719//719
f 625//625 673//673 720//720
f 769//769 770//770 818//818
f 771//771 819//819 818//818
f 772//772 820//820 819//819
f 773//773 821//821 820//820
f 773//773 774//774 822//822
f 774//774 775//775 823//823
f 775//775 776//776 824//824
f 777//777 825//825 824//824
f 778//778 826//826 825//825
f 779//779 827//827 826//826
f 780//780 828//828 827//827
f 780//780 781//781 829//829
f 781//781 782//782 830//830
f 782//782 783//783 831//831
f 784//784 832//832 831//831
f 785//785 833//833 832//832
f 786//786 834//834 833//833
f 787//787 835//835 834//834
f 787//787 788//788 836//836
f 788//788 789//789 837//837
f 789//789 790//790 838//838
f 791//791 839//839 838//838
f 792//792 840//840 839//839
f 793//793 841//841 840//840
f 794//794 842//842 841//841
f 794//794 795//795 843//843
f 795//795 796//796 844//844
f 796//796 797//797 845//845
f 798//798 846//846 845//845
f 799//799 847//847 846//846
f 800//800 848//848 847//847
f 800//800 801//801 849//849
f 801//801 802//802 850//850
f 802//802 803//803 851//851
f 803//803 804//804 852//852
f 805//805 853//853 852//852
f 806//806 854//854 853//853
f 807//807 855//855 854//854
f 807//807 808//808 856//856
f 808//808 809//809 857//857
f 809//809 810//810 858//858
f 810//810 811//811 859//859
f 812//812 860//860 859//859
f 813//813 861//861 860//860
f 814//814 862//862 861//861
f 814//814 815//815 863//863
f 815//815 816//816 864//864
f 816//816 769//769 817//817
f 817//817 818//818 866//866
f 818//818 819//819 867//867
f 819//819 820//820 868//868
f 820//820 821//821 869//869
f 822//822 870//870 869//869
f 823//823 871//871 870//870
f 824//824 872//872 871//871
f 825//825 873//873 872//872
f 825//825 826//826 874//874
f 826//826 827//827 875//875
f 827//827 828//828 876//876
f 829//829 877//877 876//876
f 830//830 878//878 877//877
f 831//831 879//879 878//878
f 831//831 832//832 880//880
f 832//832 833//833 881//881
f 833//833 834//834 882//882
f 835//835 883//883 882//882
f 836//836 884//884 883//883
f 837//837 885//885 884//884
f 838//838 886//886 885//885
f 838//838 839//839 887//887
f 839//839 840//840 888//888
f 840//840 841//841 889//889
f 842//842 890//890 889//889
f 843//843 891//891 890//890
f 844//844 892//892 891//891
f 845//845 893//893 892//892
f 845//845 846//846 894//894
f 846//846 847//847 895//895
f 847//847 848//848 896//896
f 849//849 897//897 896//896
f 850//850 898//898 897//897
f 851//851 899//899 898//898
f 851//851 852//852 900//900
f 852//852 853//853 901//901
f 853//853 854//854 902//902
f 854//854 855//855 903//903
f 856//856 904//904 903//903
f 857//857 905//905 904//904
f 858//858 906//906 905//905
f 858//858 859//859 907//907
f 859//859 860//860 908//908
f 860//860 861//861 909//909
f 861//861 862//862 910//910
f 863//863 911//911 910//910
f 864//864 912//912 911//911
f 817//817 865//865 912//912
f 866//866 914//914 913//913
f 867//867 915//915 914//914
f 868//868 916//916 915//915
f 869//869 917//917 916//916
f 869//869 870//870 918//918
f 870//870 871//871 919//919
f 871//871 872//872 920//920
f 873//873 921//921 920//920
f 874//874 922//922 921//921
f 875//875 923//923 922//922
f 875//875 876//876 924//924
f 876//876 877//877 925//925
f 877//877 878//878 926//926
f 879//879 927//927 926//926
f 880//880 928//928 927//927
f 881//881 929//929 928//928
f 882//882 930//930 929//929
f 882//882 883//883 931//931
f 883//883 884//884 932//932
f 884//884 885//885 933//933
f 885//885 886//886 934//934
f 887//887 935//935 934//934
f 888//888 936//936 935//935
f 889//889 937//937 936//936
f 889//889 890//890 938//938
f 890//890 891//891 939//939
f 891//891 892//892 940//940
f 892//892 893//893 941//941
f 894//894 942//942 941//941
f 895//895 943//943 942//942
f 896//896 944//944 943//943
f 896//896 897//897 945//945
f 897//897 898//898 946//946
f 898//898 899//899 947//947
f 900//900 948//948 947//947
f 901//901 949//223 948//948
f 902//902 950//949 949//223
f 902//902 903//903 951//950
f 903//903 904//904 952//951
f 904//904 905//905 953//952
f 905//905 906//906 954//953
f 907//907 955//954 954//953
f 908//908 956//955 955//954
f 909//909 957//956 956//955
f 910//910 958//957 957//956
f 910//910 911//911 959//958
f 911//911 912//912 960//959
f 912//912 865//865 913//913
f 913//913 914//914 962//961
f 914//914 915//915 963//962
f 915//915 916//916 964//963
f 917//917 965//964 964//963
f 918//918 966//965 965//964
f 919//919 967//966 966//965
f 920//920 968//967 967//966
f 920//920 921//921 969//968
f 921//921 922//922 970//969
f 922//922 923//923 971//970
f 924//924 972//971 971//970
f 925//925 973//972 972//971
f 926//926 974//973 973//972
f 926//926 927//927 975//974
f 927//927 928//928 976//975
f 928//928 929//929 977//976
f 929//929 930//930 978//977
f 931//931 979//978 978//977
f 932//932 980//979 979//978
f 933//933 981//980 980//979
f 933//933 934//934 982//981
f 934//934 935//935 983//982
f 935//935 936//936 984//983
f 936//936 937//937 985//984
f 938//938 986//985 985//984
f 939//939 987//986 986//985
f 940//940 988//987 987//986
f 940//940 941//941 989//988
f 941//941 942//942 990//989
f 942//942 943//943 991//990
f 943//943 944//944 992//991
f 945//945 993//992 992//991
f 946//946 994//993 993//992
f 947//947 995//994 994//993
f 947//947 948//948 996//995
f 948//948 949//223 997//996
f 949//223 950//949 998//997
f 951//950 999//998 998//997
f 952//951 1000//999 999//998
f 953//952 1001//1000 1000//999
f 954//953 1002//1001 1001//1000
f 954//953 955//954 1003//1002
f 955//954 956//955 1004//1003
f 956//955 957//956 1005//1004
f 958//957 1006//1005 1005//1004
f 959//958 1007//1006 1006//1005
f 960//959 1008//1007 1007//1006
f 913//913 961//960 1008//1007
f 962//961 1010//1009 1009//1008
f 963//962 1011//1010 1010//1009
f 964//963 1012//1011 1011//1010
f 964//963 965//964 1013//1012
f 965//964 966//965 1014//1013
f 966//965 967//966 1015//1014
f 968//967 1016//1015 1015//1014
f 969//968 1017//1016 1016//1015
f 970//969 1018//1017 1017//1016
f 971//970 1019//1018 1018//1017
f 971//970 972//971 1020//1019
f 972//971 973//972 1021//1020
f 973//972 974//973 1022//1021
f 975//974 1023//1022 1022//1021
f 976//975 1024//1023 1023//1022
f 977//976 1025//1024 1024//1023
f 977//976 978//977 1026//1025
f 978//977 979//978 1027//1026
f 979//978 980//979 1028//1027
f 980//979 981//980 1029//1028
f 982//981 1030//1029 1029//1028
f 983//982 1031//1030 1030//1029
f 984//983 1032//1031 1031//1030
f 984//983 985//984 1033//1032
f 985//984 986//985 1034//1033
f 986//985 987//986 1035//1034
f 987//986 988//987 1036//1035
f 989//988 1037//1036 1036//1035
f 990//989 1038//1037 1037//1036
f 991//990 1039//1038 1038//1037
f 991//990 992//991 1040//1039
f 992//991 993//992 1041//1040
f 993//992 994//993 1042//1041
f 995//994 1043//1042 1042//1041
f 996//995 1044//1043 1043//1042
f 997//996 1045//1044 1044//1043
f 998//997 1046//1045 1045//1044
f 998//997 999//998 1047//1046
f 999//998 1000//999 1048//1047
f 1000//999 1001//1000 1049//1048
f 1002//1001 1050//1049 1049//1048
f 1003//1002 1051//1050 1050//1049
f 1004//1003 1052//1051 1051//1050
f 1005//1004 1053//1052 1052//1051
f 1005//1004 1006//1005 1054//1053
f 1006//1005 1007//1006 1055//1054
f 1007//1006 1008//1007 1056//1055
f 961//960 1009//1008 1056//1055
f 1009//1008 1010//1009 1058//1057
f 1010//1009 1011//1010 1059//1058
f 1011//1010 1012//1011 1060//1059
f 1013//1012 1061//1060 1060//1059
f 1014//1013 1062//1061 1061//1060
f 1015//1014 1063//1062 1062//1061
f 1015//1014 1016//1015 1064//1063
f 1016//1015 1017//1016 1065//1064
f 1017//1016 1018//1017 1066//1065
f 1019//1018 1067//1066 1066//1065
f 1020//1019 1068//1067 1067//1066
f 1021//1020 1069//1068 1068//1067
f 1022//1021 1070//1069 1069//1068
f 1022//1021 1023//1022 1071//1070
f 1023//1022 1024//1023 1072//1071
f 1024//1023 1025//1024 1073//1072
f 1026//1025 1074//1073 1073//1072
f 1027//1026 1075//1074 1074//1073
f 1028//1027 1076//1075 1075//1074
f 1029//1028 1077//1076 1076//1075
f 1029//1028 1030//1029 1078//1077
f 1030//1029 1031//1030 1079//1078
f 1031//1030 1032//1031 1080//1079
f 1033//1032 1081//1080 1080//1079
f 1034//1033 1082//1081 1081//1080
f 1035//1034 1083//1082 1082//1081
f 1036//1035 1084//1083 1083//1082
f 1036//1035 1037//1036 1085//1084
f 1037//1036 1038//1037 1086//1085
f 1038//1037 1039//1038 1087//1086
f 1040//1039 1088//1087 1087//1086
f 1041//1040 1089//1088 1088//1087
f 1042//1041 1090//1089 1089//1088
f 1042//1041 1043//1042 1091//1090
f 1043//1042 1044//1043 1092//1091
f 1044//1043 1045//1044 1093//1092
f 1045//1044 1046//1045 1094//1093
f 1047//1046 1095//1094 1094//1093
f 1048//1047 1096//1095 1095//1094
f 1049//1048 1097//1096 1096//1095
f 1049//1048 1050//1049 1098//1097
f 1050//1049 1051//1050 1099//1098
f 1051//1050 1052//1051 1100//1099
f 1052//1051 1053//1052 1101//1100
f 1054//1053 1102//1101 1101//1100
f 1055//1054 1103//1102 1102//1101
f 1056//1055 1104//1103 1103//1102
f 1056//1055 1009//1008 1057//1056
usemtl flesh_band
f 289//289 338//338 337//337
f 290//290 339//339 338//338
f 291//291 340//340 339//339
f 293//293 340//340 292//292
f 294//294 341//341 293//293
f 295//295 342//342 294//294
f 295//295 344//344 343//343
f 296//296 345//345 344//344
f 297//297 346//346 345//345
f 298//298 347//347 346//346
f 300//300 347//347 299//299
f 301//301 348//348 300//300
f 302//302 349//349 301//301
f 303//303 350//350 302//302
f 303//303 352//352 351//351
f 304//304 353//353 352//352
f 305//305 354//354 353//353
f 307//307 354//354 306//306
f 308//308 355//355 307//307
f 309//309 356//356 308//308
f 309//309 358//358 357//357
f 310//310 359//359 358//358
f 311//311 360//360 359//359
f 312//312 361//361 360//360
f 314//314 361//361 313//313
f 315//315 362//362 314//314
f 316//316 363//363 315//315
f 316//316 365//365 364//364
f 317//317 366//366 365//365
f 318//318 367//367 366//366
f 319//319 368//368 367//367
f 321//321 368//368 320//320
f 322//322 369//369 321//321
f 323//323 370//370 322//322
f 323//323 372//372 371//371
f 324//324 373//373 372//372
f 325//325 374//374 373//373
f 326//326 375//375 374//374
f 328//328 375//375 327//327
f 329//329 376//376 328//328
f 330//330 377//377 329//329
f 330//330 379//379 378//378
f 331//331 380//380 379//379
f 332//332 381//381 380//380
f 334//334 381//381 333//333
f 335//335 382//382 334//334
f 336//336 383//383 335//335
f 289//289 384//384 336//336
f 338//338 385//385 337//337
f 339//339 386//386 338//338
f 340//340 387//387 339//339
f 340//340 389//389 388//388
f 341//341 390//390 389//389
f 342//342 391//391 390//390
f 344//344 391//391 343//343
f 345//345 392//392 344//344
f 346//346 393//393 345//345
f 347//347 394//394 346//346
f 347//347 396//396 395//395
f 348//348 397//397 396//396
f 349//349 398//398 397//397
f 351//351 398//398 350//350
f 352//352 399//399 351//351
f 353//353 400//400 352//352
f 354//354 401//401 353//353
f 354//354 403//403 402//402
f 355//355 404//404 403//403
f 356//356 405//405 404//404
f 358//358 405//405 357//357
f 359//359 406//406 358//358
f 360//360 407//407 359//359
f 360//360 409//409 408//408
f 361//361 410//410 409//409
f 362//362 411//411 410//410
f 363//363 412//412 411//411
f 365//365 412//412 364//364
f 366//366 413//413 365//365
f 367//367 414//414 366//366
f 367//367 416//416 415//415
f 368//368 417//417 416//416
f 369//369 418//418 417//417
f 370//370 419//419 418//418
f 372//372 419//419 371//371
f 373//373 420//420 372//372
f 374//374 421//421 373//373
f 374//374 423//423 422//422
f 375//375 424//424 423//423
f 376//376 425//425 424//424
f 377//377 426//426 425//425
f 379//379 426//426 378//378
f 380//380 427//427 379//379
f 381//381 428//428 380//380
f 381//381 430//430 429//429
f 382//382 431//431 430//430
f 383//383 432//432 431//431
f 384//384 385//385 432//432
f 673//673 722//722 721//721
f 675//675 722//722 674//674
f 676//676 723//723 675//675
f 677//677 724//724 676//676
f 677//677 726//726 725//725
f 678//678 727//727 726//726
f 679//679 728//728 727//727
f 680//680 729//729 728//728
f 682//682 729//729 681//681
f 683//683 730//730 682//682
f 684//684 731//731 683//683
f 684//684 733//733 732//732
f 685//685 734//734 733//733
f 686//686 735//735 734//734
f 687//687 736//736 735//735
f 689//689 736//736 688//688
f 690//690 737//737 689//689
f 691//691 738//738 690//690
f 692//692 739//739 691//691
f 692//692 741//741 740//740
f 693//693 742//742 741//741
f 694//694 743//743 742//742
f 696//696 743//743 695//695
f 697//697 744//744 696//696
f 698//698 745//745 697//697
f 698//698 747//747 746//746
f 699//699 748//748 747//747
f 700//700 749//749 748//748
f 702//702 749//749 701//701
f 703//703 750//750 702//702
f 704//704 751//751 703//703
f 705//705 752//752 704//704
f 705//705 754//754 753//753
f 706//706 755//755 754//754
f 707//707 756//756 755//755
f 709//709 756//756 708//708
f 710//710 757//757 709//709
f 711//711 758//758 710//710
f 712//712 759//759 711//711
f 712//712 761//761 760//760
f 713//713 762//762 761//761
f 714//714 763//763 762//762
f 715//715 764//764 763//763
f 717//717 764//764 716//716
f 718//718 765//765 717//717
f 718//718 767//767 766//766
f 719//719 768//768 767//767
f 720//720 721//721 768//768
f 722//722 769//769 721//721
f 722//722 771//771 770//770
f 723//723 772//772 771//771
f 724//724 773//773 772//772
f 726//726 773//773 725//725
f 727//727 774//774 726//726
f 728//728 775//775 727//727
f 729//729 776//776 728//728
f 729//729 778//778 777//777
f 730//730 779//779 778//778
f 731//731 780//780 779//779
f 733//733 780//780 732//732
f 734//734 781//781 733//733
f 735//735 782//782 734//734
f 736//736 783//783 735//735
f 736//736 785//785 784//784
f 737//737 786//786 785//785
f 738//738 787//787 786//786
f 740//740 787//787 739//739
f 741//741 788//788 740//740
f 742//742 789//789 741//741
f 743//743 790//790 742//742
f 743//743 792//792 791//791
f 744//744 793//793 792//792
f 745//745 794//794 793//793
f 747//747 794//794 746//746
f 748//748 795//795 747//747
f 749//749 796//796 748//748
f 749//749 798//798 797//797
f 750//750 799//799 798//798
f 751//751 800//800 799//799
f 752//752 801//801 800//800
f 754//754 801//801 753//753
f 755//755 802//802 754//754
f 756//756 803//803 755//755
f 756//756 805//805 804//804
f 757//757 806//806 805//805
f 758//758 807//807 806//806
f 759//759 808//808 807//807
f 761//761 808//808 760//760
f 762//762 809//809 761//761
f 763//763 810//810 762//762
f 763//763 812//812 811//811
f 764//764 813//813 812//812
f 765//765 814//814 813//813
f 766//766 815//815 814//814
f 768//768 815//815 767//767
f 721//721 816//816 768//768
f 1058//1057 1105//1104 1057//1056
f 1059//1058 1106//1105 1058//1057
f 1059//1058 1108//1107 1107//1106
f 1060//1059 1109//1108 1108//1107
f 1061//1060 1110//1109 1109//1108
f 1062//1061 1111//1110 1110//1109
f 1064//1063 1111//1110 1063//1062
f 1065//1064 1112//1111 1064//1063
f 1066//1065 1113//1112 1065//1064
f 1066//1065 1115//1114 1114//1113
f 1067//1066 1116//1115 1115//1114
f 1068//1067 1117//1116 1116//1115
f 1069//1068 1118//1117 1117//1116
f 1071//1070 1118//1117 1070//1069
f 1072//1071 1119//1118 1071//1070
f 1073//1072 1120//1119 1072//1071
f 1073//1072 1122//1121 1121//1120
f 1074//1073 1123//1122 1122//1121
f 1075//1074 1124//1123 1123//1122
f 1077//1076 1124//1123 1076//1075
f 1078//1077 1125//1124 1077//1076
f 1079//1078 1126//1125 1078//1077
f 1080//1079 1127//1126 1079//1078
f 1080//1079 1129//1128 1128//1127
f 1081//1080 1130//1129 1129//1128
f 1082//1081 1131//1130 1130//1129
f 1084//1083 1131//1130 1083//1082
f 1085//1084 1132//1131 1084//1083
f 1086//1085 1133//1132 1085//1084
f 1087//1086 1134//1133 1086//1085
f 1087//1086 1136//1135 1135//1134
f 1088//1087 1137//1136 1136//1135
f 1089//1088 1138//1137 1137//1136
f 1091//1090 1138//1137 1090//1089
f 1092//1091 1139//1138 1091//1090
f 1093//1092 1140//1139 1092//1091
f 1094//1093 1141//1140 1093//1092
f 1094//1093 1143//1142 1142//1141
f 1095//1094 1144//1143 1143//1142
f 1096//1095 1145//1144 1144//1143
f 1098//1097 1145//1144 1097//1096
f 1099//1098 1146//1145 1098//1097
f 1100//1099 1147//1146 1099//1098
f 1100//1099 1149//1148 1148//1147
f 1101//1100 1150//1149 1149//1148
f 1102//1101 1151//1150 1150//1149
f 1103//1102 1152//1151 1151//1150
f 1057//1056 1152//1151 1104//1103
f 1105//1104 1154//1153 1153//1152
f 1106//1105 1155//1154 1154//1153
f 1108//1107 1155//1154 1107//1106
f 1109//1108 1156//1155 1108//1107
f 1110//1109 1157//1156 1109//1108
f 1110//1109 1159//1158 1158//1157
f 1111//1110 1160//1159 1159//1158
f 1112//1111 1161//1160 1160//1159
f 1113//1112 1162//1161 1161//1160
f 1115//1114 1162//1161 1114//1113
f 1116//1115 1163//1162 1115//1114
f 1117//1116 1164//1163 1116//1115
f 1117//1116 1166//1165 1165//1164
f 1118//1117 1167//1166 1166//1165
f 1119//1118 1168//1167 1167//1166
f 1120//1119 1169//1168 1168//1167
f 1122//1121 1169//1168 1121//1120
f 1123//1122 1170//1169 1122//1121
f 1124//1123 1171//1170 1123//1122
f 1124//1123 1173//1172 1172//1171
f 1125//1124 1174//1173 1173//1172
f 1126//1125 1175//1174 1174//1173
f 1128//1127 1175//1174 1127//1126
f 1129//1128 1176//1175 1128//1127
f 1130//1129 1177//1176 1129//1128
f 1131//1130 1178//1177 1130//1129
f 1131//1130 1180//1179 1179//1178
f 1132//1131 1181//1180 1180//1179
f 1133//1132 1182//1181 1181//1180
f 1135//1134 1182//1181 1134//1133
f 1136//1135 1183//1182 1135//1134
f 1137//1136 1184//1183 1136//1135
f 1138//1137 1185//1184 1137//1136
f 1138//1137 1187//1186 1186//1185
f 1139//1138 1188//1187 1187//1186
f 1140//1139 1189//1188 1188//1187
f 1142//1141 1189//1188 1141//1140
f 1143//1142 1190//1189 1142//1141
f 1144//1143 1191//1190 1143//1142
f 1145//1144 1192//1191 1144//1143
f 1145//1144 1194//1193 1193//1192
f 1146//1145 1195//1194 1194//1193
f 1147//1146 1196//1195 1195//1194
f 1149//1148 1196//1195 1148//1147
f 1150//1149 1197//1196 1149//1148
f 1151//1150 1198//1197 1150//1149
f 1152//1151 1199//1198 1151//1150
f 1152//1151 1153//1152 1200//1199
f 289//289 290//290 338//338
f 290//290 291//291 339//339
f 291//291 292//292 340//340
f 293//293 341//341 340//340
f 294//294 342//342 341//341
f 295//295 343//343 342//342
f 295//295 296//296 344//344
f 296//296 297//297 345//345
f 297//297 298//298 346//346
f 298//298 299//299 347//347
f 300//300 348//348 347//347
f 301//301 349//349 348//348
f 302//302 350//350 349//349
f 303//303 351//351 350//350
f 303//303 304//304 352//352
f 304//304 305//305 353//353
f 305//305 306//306 354//354
f 307//307 355//355 354//354
f 308//308 356//356 355//355
f 309//309 357//357 356//356
f 309//309 310//310 358//358
f 310//310 311//311 359//359
f 311//311 312//312 360//360
f 312//312 313//313 361//361
f 314//314 362//362 361//361
f 315//315 363//363 362//362
f 316//316 364//364 363//363
f 316//316 317//317 365//365
f 317//317 318//318 366//366
f 318//318 319//319 367//367
f 319//319 320//320 368//368
f 321//321 369//369 368//368
f 322//322 370//370 369//369
f 323//323 371//371 370//370
f 323//323 324//324 372//372
f 324//324 325//325 373//373
f 325//325 326//326 374//374
f 326//326 327//327 375//375
f 328//328 376//376 375//375
f 329//329 377//377 376//376
f 330//330 378//378 377//377
f 330//330 331//331 379//379
f 331//331 332//332 380//380
f 332//332 333//333 381//381
f 334//334 382//382 381//381
f 335//335 383//383 382//382
f 336//336 384//384 383//383
f 289//289 337//337 384//384
f 338//338 386//386 385//385
f 339//339 387//387 386//386
f 340//340 388//388 387//387
f 340//340 341//341 389//389
f 341//341 342//342 390//390
f 342//342 343//343 391//391
f 344//344 392//392 391//391
f 345//345 393//393 392//392
f 346//346 394//394 393//393
f 347//347 395//395 394//394
f 347//347 348//348 396//396
f 348//348 349//349 397//397
f 349//349 350//350 398//398
f 351//351 399//399 398//398
f 352//352 400//400 399//399
f 353//353 401//401 400//400
f 354//354 402//402 401//401
f 354//354 355//355 403//403
f 355//355 356//356 404//404
f 356//356 357//357 405//405
f 358//358 406//406 405//405
f 359//359 407//407 406//406
f 360//360 408//408 407//407
f 360//360 361//361 409//409
f 361//361 362//362 410//410
f 362//362 363//363 411//411
f 363//363 364//364 412//412
f 365//365 413//413 412//412
f 366//366 414//414 413//413
f 367//367 415//415 414//414
f 367//367 368//368 416//416
f 368//368 369//369 417//417
f 369//369 370//370 418//418
f 370//370 371//371 419//419
f 372//372 420//420 419//419
f 373//373 421//421 420//420
f 374//374 422//422 421//421
f 374//374 375//375 423//423
f 375//375 376//376 424//424
f 376//376 377//377 425//425
f 377//377 378//378 426//426
f 379//379 427//427 426//426
f 380//380 428//428 427//427
f 381//381 429//429 428//428
f 381//381 382//382 430//430
f 382//382 383//383 431//431
f 383//383 384//384 432//432
f 384//384 337//337 385//385
f 673//673 674//674 722//722
f 675//675 723//723 722//722
f 676//676 724//724 723//723
f 677//677 725//725 724//724
f 677//677 678//678 726//726
f 678//678 679//679 727//727
f 679//679 680//680 728//728
f 680//680 681//681 729//729
f 682//682 730//730 729//729
f 683//683 731//731 730//730
f 684//684 732//732 731//731
f 684//684 685//685 733//733
f 685//685 686//686 734//734
f 686//686 687//687 735//735
f 687//687 688//688 736//736
f 689//689 737//737 736//736
f 690//690 738//738 737//737
f 691//691 739//739 738//738
f 692//692 740//740 739//739
f 692//692 693//693 741//741
f 693//693 694//694 742//742
f 694//694 695//695 743//743
f 696//696 744//744 743//743
f 697//697 745//745 744//744
f 698//698 746//746 745//745
f 698//698 699//699 747//747
f 699//699 700//700 748//748
f 700//700 701//701 749//749
f 702//702 750//750 749//749
f 703//703 751//751 750//750
f 704//704 752//752 751//751
f 705//705 753//753 752//752
f 705//705 706//706 754//754
f 706//706 707//707 755//755
f 707//707 708//708 756//756
f 709//709 757//757 756//756
f 710//710 758//758 757//757
f 711//711 759//759 758//758
f 712//712 760//760 759//759
f 712//712 713//713 761//761
f 713//713 714//714 762//762
f 714//714 715//715 763//763
f 715//715 716//716 764//764
f 717//717 765//765 764//764
f 718//718 766//766 765//765
f 718//718 719//719 767//767
f 719//719 720//720 768//768
f 720//720 673//673 721//721
f 722//722 770//770 769//769
f 722//722 723//723 771//771
f 723//723 724//724 772//772
f 724//724 725//725 773//773
f 726//726 774//774 773//773
f 727//727 775//775 774//774
f 728//728 776//776 775//775
f 729//729 777//777 776//776
f 729//729 730//730 778//778
f 730//730 731//731 779//779
f 731//731 732//732 780//780
f 733//733 781//781 780//780
f 734//734 782//782 781//781
f 735//735 783//783 782//782
f 736//736 784//784 783//783
f 736//736 737//737 785//785
f 737//737 738//738 786//786
f 738//738 739//739 787//787
f 740//740 788//788 787//787
f 741//741 789//789 788//788
f 742//742 790//790 789//789
f 743//743 791//791 790//790
f 743//743 744//744 792//792
f 744//744 745//745 793//793
f 745//745 746//746 794//794
f 747//747 795//795 794//794
f 748//748 796//796 795//795
f 749//749 797//797 796//796
f 749//749 750//750 798//798
f 750//750 751//751 799//799
f 751//751 752//752 800//800
f 752//752 753//753 801//801
f 754//754 802//802 801//801
f 755//755 803//803 802//802
f 756//756 804//804 803//803
f 756//756 757//757 805//805
f 757//757 758//758 806//806
f 758//758 759//759 807//807
f 759//759 760//760 808//808
f 761//761 809//809 808//808
f 762//762 810//810 809//809
f 763//763 811//811 810//810
f 763//763 764//764 812//812
f 764//764 765//765 813//813
f 765//765 766//766 814//814
f 766//766 767//767 815//815
f 768//768 816//816 815//815
f 721//721 769//769 816//816
f 1058//1057 1106//1105 1105//1104
f 1059//1058 1107//1106 1106//1105
f 1059//1058 1060//1059 1108//1107
f 1060//1059 1061//1060 1109//1108
f 1061//1060 1062//1061 1110//1109
f 1062//1061 1063//1062 1111//1110
f 1064//1063 1112//1111 1111//1110
f 1065//1064 1113//1112 1112//1111
f 1066//1065 1114//1113 1113//1112
f 1066//1065 1067//1066 1115//1114
f 1067//1066 1068//1067 1116//1115
f 1068//1067 1069//1068 1117//1116
f 1069//1068 1070//1069 1118//1117
f 1071//1070 1119//1118 1118//1117
f 1072//1071 1120//1119 1119//1118
f 1073//1072 1121//1120 1120//1119
f 1073//1072 1074//1073 1122//1121
f 1074//1073 1075//1074 1123//1122
f 1075//1074 1076//1075 1124//1123
f 1077//1076 1125//1124 1124//1123
f 1078//1077 1126//1125 1125//1124
f 1079//1078 1127//1126 1126//1125
f 1080//1079 1128//1127 1127//1126
f 1080//1079 1081//1080 1129//1128
f 1081//1080 1082//1081 1130//1129
f 1082//1081 1083//1082 1131//1130
f 1084//1083 1132//1131 1131//1130
f 1085//1084 1133//1132 1132//1131
f 1086//1085 1134//1133 1133//1132
f 1087//1086 1135//1134 1134//1133
f 1087//1086 1088//1087 1136//1135
f 1088//1087 1089//1088 1137//1136
f 1089//1088 1090//1089 1138//1137
f 1091//1090 1139//1138 1138//1137
f 1092//1091 1140//1139 1139//1138
f 1093//1092 1141//1140 1140//1139
f 1094//1093 1142//1141 1141//1140
f 1094//1093 1095//1094 1143//1142
f 1095//1094 1096//1095 1144//1143
f 1096//1095 1097//1096 1145//1144
f 1098//1097 1146//1145 1145//1144
f 1099//1098 1147//1146 1146//1145
f 1100//1099 1148//1147 1147//1146
f 1100//1099 1101//1100 1149//1148
f 1101//1100 1102//1101 1150//1149
f 1102//1101 1103//1102 1151//1150
f 1103//1102 1104//1103 1152//1151
f 1057//1056 1105//1104 1152//1151
f 1105//1104 1106//1105 1154//1153
f 1106//1105 1107//1106 1155//1154
f 1108//1107 1156//1155 1155//1154
f 1109//1108 1157//1156 1156//1155
f 1110//1109 1158//1157 1157//1156
f 1110//1109 1111//1110 1159//1158
f 1111//1110 1112//1111 1160//1159
f 1112//1111 1113//1112 1161//1160
f 1113//1112 1114//1113 1162//1161
f 1115//1114 1163//1162 1162//1161
f 1116//1115 1164//1163 1163//1162
f 1117//1116 1165//1164 1164//1163
f 1117//1116 1118//1117 1166//1165
f 1118//1117 1119//1118 1167//1166
f 1119//1118 1120//1119 1168//1167
f 1120//1119 1121//1120 1169//1168
f 1122//1121 1170//1169 1169//1168
f 1123//1122 1171//1170 1170//1169
f 1124//1123 1172//1171 1171//1170
f 1124//1123 1125//1124 1173//1172
f 1125//1124 1126//1125 1174//1173
f 1126//1125 1127//1126 1175//1174
f 1128//1127 1176//1175 1175//1174
f 1129//1128 1177//1176 1176//1175
f 1130//1129 1178//1177 1177//1176
f 1131//1130 1179//1178 1178//1177
f 1131//1130 1132//1131 1180//1179
f 1132//1131 1133//1132 1181//1180
f 1133//1132 1134//1133 1182//1181
f 1135//1134 1183//1182 1182//1181
f 1136//1135 1184//1183 1183//1182
f 1137//1136 1185//1184 1184//1183
f 1138//1137 1186//1185 1185//1184
f 1138//1137 1139//1138 1187//1186
f 1139//1138 1140//1139 1188//1187
f 1140//1139 1141//1140 1189//1188
f 1142//1141 1190//1189 1189//1188
f 1143//1142 1191//1190 1190//1189
f 1144//1143 1192//1191 1191//1190
f 1145//1144 1193//1192 1192//1191
f 1145//1144 1146//1145 1194//1193
f 1146//1145 1147//1146 1195//1194
f 1147//1146 1148//1147 1196//1195
f 1149//1148 1197//1196 1196//1195
f 1150//1149 1198//1197 1197//1196
f 1151//1150 1199//1198 1198//1197
f 1152//1151 1200//1199 1199//1198
f 1152//1151 1105//1104 1153//1152
usemtl flesh_cap
f 1154//1153 1202//1201 1153//1152
f 1155//1154 1203//1202 1154//1153
f 1155//1154 1205//1204 1204//1203
f 1156//1155 1206//1205 1205//1204
f 1157//1156 1207//1206 1206//1205
f 1159//1158 1207//1206 1158//1157
f 1160//1159 1208//1207 1159//1158
f 1161//1160 1209//1208 1160//1159
f 1161//1160 1211//1210 1210//1209
f 1162//1161 1212//1211 1211//1210
f 1163//1162 1213//1212 1212//1211
f 1164//1163 1214//1213 1213//1212
f 1166//1165 1214//1213 1165//1164
f 1167//1166 1215//1214 1166//1165
f 1168//1167 1216//1215 1167//1166
f 1168//1167 1218//1217 1217//1216
f 1169//1168 1219//1218 1218//1217
f 1170//1169 1220//1219 1219//1218
f 1171//1170 1221//1220 1220//1219
f 1173//1172 1221//1220 1172//1171
f 1174//1173 1222//1221 1173//1172
f 1175//1174 1223//1222 1174//1173
f 1175//1174 1225//1224 1224//1223
f 1176//1175 1226//1225 1225//1224
f 1177//1176 1227//1226 1226//1225
f 1179//1178 1227//1226 1178//1177
f 1180//1179 1228//1227 1179//1178
f 1181//1180 1229//1228 1180//1179
f 1182//1181 1230//1229 1181//1180
f 1182//1181 1232//1231 1231//1230
f 1183//1182 1233//1232 1232//1231
f 1184//1183 1234//1233 1233//1232
f 1186//1185 1234//1233 1185//1184
f 1187//1186 1235//1234 1186//1185
f 1188//1187 1236//1235 1187//1186
f 1189//1188 1237//1236 1188//1187
f 1189//1188 1239//1238 1238//1237
f 1190//1189 1240//1239 1239//1238
f 1191//1190 1241//1240 1240//1239
f 1193//1192 1241//1240 1192//1191
f 1194//1193 1242//1241 1193//1192
f 1195//1194 1243//1242 1194//1193
f 1196//1195 1244//1243 1195//1194
f 1196//1195 1246//1245 1245//1244
f 1197//1196 1247//1246 1246//1245
f 1198//1197 1248//1247 1247//1246
f 1200//1199 1248//1247 1199//1198
f 1153//1152 1249//1248 1200//1199
f 1203//1202 1250//1249 1202//1201
f 1203//1202 1252//1251 1251//1250
f 1204//1203 1253//1252 1252//1251
f 1205//1204 1254//1253 1253//1252
f 1206//1205 1255//1254 1254//1253
f 1207//1206 1256//1255 1255//1254
f 1208//1207 1257//1256 1256//1255
f 1209//1208 1258//1257 1257//1256
f 1210//1209 1259//1258 1258//1257
f 1211//1210 1260//1259 1259//1258
f 1212//1211 1261//1260 1260//1259
f 1213//1212 1262//1261 1261//1260
f 1214//1213 1263//1262 1262//1261
f 1215//1214 1264//1263 1263//1262
f 1216//1215 1265//1264 1264//1263
f 1217//1216 1266//1265 1265//1264
f 1218//1217 1267//1266 1266//1265
f 1219//1218 1268//1267 1267//1266
f 1220//1219 1269//1268 1268//1267
f 1221//1220 1270//1269 1269//1268
f 1223//1222 1270//1269 1222//1221
f 1224//1223 1271//1270 1223//1222
f 1225//1224 1272//1271 1224//1223
f 1226//1225 1273//1272 1225//1224
f 1227//1226 1274//1273 1226//1225
f 1228//1227 1275//1274 1227//1226
f 1229//1228 1276//1275 1228//1227
f 1230//1229 1277//1276 1229//1228
f 1231//1230 1278//1277 1230//1229
f 1232//1231 1279//1278 1231//1230
f 1233//1232 1280//1279 1232//1231
f 1234//1233 1281//1280 1233//1232
f 1235//1234 1282//1281 1234//1233
f 1236//1235 1283//1282 1235//1234
f 1237//1236 1284//1283 1236//1235
f 1238//1237 1285//1284 1237//1236
f 1239//1238 1286//1285 1238//1237
f 1240//1239 1287//1286 1239//1238
f 1241//1240 1288//1287 1240//1239
f 1242//1241 1289//1288 1241//1240
f 1243//1242 1290//1289 1242//1241
f 1244//1243 1291//1290 1243//1242
f 1245//1244 1292//1291 1244//1243
f 1245//1244 1294//1293 1293//1292
f 1246//1245 1295//1294 1294//1293
f 1247//1246 1296//1295 1295//1294
f 1248//1247 1297//1296 1296//1295
f 1202//1201 1297//1296 1249//1248
f 1250//1249 1299//1298 1298//1297
f 1251//1250 1300//1299 1299//1298
f 1253//1252 1300//1299 1252//1251
f 1254//1253 1301//1300 1253//1252
f 1254//1253 1303//1302 1302//1301
f 1255//1254 1304//1303 1303//1302
f 1256//1255 1305//1304 1304//1303
f 1257//1256 1306//1305 1305//1304
f 1258//1257 1307//1306 1306//1305
f 1260//1259 1307//1306 1259//1258
f 1261//1260 1308//1307 1260//1259
f 1261//1260 1310//1309 1309//1308
f 1262//1261 1311//1310 1310//1309
f 1263//1262 1312//1311 1311//1310
f 1264//1263 1313//1312 1312//1311
f 1266//1265 1313//1312 1265//1264
f 1267//1266 1314//1313 1266//1265
f 1268//1267 1315//1314 1267//1266
f 1268//1267 1317//1316 1316//1315
f 1269//1268 1318//1317 1317//1316
f 1270//1269 1319//1318 1318//1317
f 1271//1270 1320//1319 1319//1318
f 1273//1272 1320//1319 1272//1271
f 1274//1273 1321//1320 1273//1272
f 1275//1274 1322//1321 1274//1273
f 1276//1275 1323//1322 1275//1274
f 1276//1275 1325//1324 1324//1323
f 1277//1276 1326//1325 1325//1324
f 1279//1278 1326//1325 1278//1277
f 1280//1279 1327//1326 1279//1278
f 1281//1280 1328//1327 1280//1279
f 1282//1281 1329//1328 1281//1280
f 1283//1282 1330//1329 1282//1281
f 1283//1282 1332//1331 1331//1330
f 1284//1283 1333//1332 1332//1331
f 1286//1285 1333//1332 1285//1284
f 1287//1286 1334//1333 1286//1285
f 1288//1287 1335//1334 1287//1286
f 1289//1288 1336//1335 1288//1287
f 1290//1289 1337//1336 1289//1288
f 1290//1289 1339//1338 1338//1337
f 1291//1290 1340//1339 1339//1338
f 1293//1292 1340//1339 1292//1291
f 1294//1293 1341//1340 1293//1292
f 1295//1294 1342//1341 1294//1293
f 1296//1295 1343//1342 1295//1294
f 1296//1295 1345//1344 1344//1343
f 1297//1296 1298//1297 1345//1344
f 1298//1297 1347//1346 1346//1345
f 1300//1299 1347//1346 1299//1298
f 1301//1300 1348//1347 1300//1299
f 1302//1301 1349//1348 1301//1300
f 1302//1301 1351//1350 1350//1349
f 1303//1302 1352//1351 1351//1350
f 1304//1303 1353//1352 1352//1351
f 1305//1304 1354//1353 1353//1352
f 1307//1306 1354//1353 1306//1305
f 1308//1307 1355//1354 1307//1306
f 1309//1308 1356//1355 1308//1307
f 1309//1308 1358//1357 1357//1356
f 1310//1309 1359//1358 1358//1357
f 1311//1310 1360//1359 1359//1358
f 1312//1311 1361//1360 1360//1359
f 1314//1313 1361//1360 1313//1312
f 1315//1314 1362//1361 1314//1313
f 1316//1315 1363//1362 1315//1314
f 1316//1315 1365//1364 1364//1363
f 1317//1316 1366//1365 1365//1364
f 1318//1317 1367//1366 1366//1365
f 1320//1319 1367//1366 1319//1318
f 1321//1320 1368//1367 1320//1319
f 1322//1321 1369//1368 1321//1320
f 1323//1322 1370//1369 1322//1321
f 1323//1322 1372//1371 1371//1370
f 1324//1323 1373//1372 1372//1371
f 1325//1324 1374//1373 1373//1372
f 1327//1326 1374//1373 1326//1325
f 1328//1327 1375//1374 1327//1326
f 1329//1328 1376//1375 1328//1327
f 1330//1329 1377//1376 1329//1328
f 1330//1329 1379//1378 1378//1377
f 1331//1330 1380//1379 1379//1378
f 1332//1331 1381//1380 1380//1379
f 1334//1333 1381//1380 1333//1332
f 1335//1334 1382//1381 1334//1333
f 1336//1335 1383//1382 1335//1334
f 1337//1336 1384//1383 1336//1335
f 1337//1336 1386//1385 1385//1384
f 1338//1337 1387//1386 1386//1385
f 1339//1338 1388//1387 1387//1386
f 1341//1340 1388//1387 1340//1339
f 1342//1341 1389//1388 1341//1340
f 1343//1342 1390//1389 1342//1341
f 1344//1343 1391//1390 1343//1342
f 1344//1343 1393//1392 1392//1391
f 1345//1344 1346//1345 1393//1392
f 1394//1393 1346//1345 1347//1346
f 1394//1393 1347//1346 1348//1347
f 1394//1393 1348//1347 1349//1348
f 1394//1393 1349//1348 1350//1349
f 1394//1393 1350//1349 1351//1350
f 1394//1393 1351//1350 1352//1351
f 1394//1393 1352//1351 1353//1352
f 1394//1393 1353//1352 1354//1353
f 1394//1393 1354//1353 1355//1354
f 1394//1393 1355//1354 1356//1355
f 1394//1393 1356//1355 1357//1356
f 1394//1393 1357//1356 1358//1357
f 1394//1393 1358//1357 1359//1358
f 1394//1393 1359//1358 1360//1359
f 1394//1393 1360//1359 1361//1360
f 1394//1393 1361//1360 1362//1361
f 1394//1393 1362//1361 1363//1362
f 1394//1393 1363//1362 1364//1363
f 1394//1393 1364//1363 1365//1364
f 1394//1393 1365//1364 1366//1365
f 1394//1393 1366//1365 1367//1366
f 1394//1393 1367//1366 1368//1367
f 1394//1393 1368//1367 1369//1368
f 1394//1393 1369//1368 1370//1369
f 1394//1393 1370//1369 1371//1370
f 1394//1393 1371//1370 1372//1371
f 1394//1393 1372//1371 1373//1372
f 1394//1393 1373//1372 1374//1373
f 1394//1393 1374//1373 1375//1374
f 1394//1393 1375//1374 1376//1375
f 1394//1393 1376//1375 1377//1376
f 1394//1393 1377//1376 1378//1377
f 1394//1393 1378//1377 1379//1378
f 1394//1393 1379//1378 1380//1379
f 1394//1393 1380//1379 1381//1380
f 1394//1393 1381//1380 1382//1381
f 1394//1393 1382//1381 1383//1382
f 1394//1393 1383//1382 1384//1383
f 1394//1393 1384//1383 1385//1384
f 1394//1393 1385//1384 1386//1385
f 1394//1393 1386//1385 1387//1386
f 1394//1393 1387//1386 1388//1387
f 1394//1393 1388//1387 1389//1388
f 1394//1393 1389//1388 1390//1389
f 1394//1393 1390//1389 1391//1390
f 1394//1393 1391//1390 1392//1391
f 1394//1393 1392//1391 1393//1392
f 1394//1393 1393//1392 1346//1345
f 1154//1153 1203//1202 1202//1201
f 1155//1154 1204//1203 1203//1202
f 1155//1154 1156//1155 1205//1204
f 1156//1155 1157//1156 1206//1205
f 1157//1156 1158//1157 1207//1206
f 1159//1158 1208//1207 1207//1206
f 1160//1159 1209//1208 1208//1207
f 1161//1160 1210//1209 1209//1208
f 1161//1160 1162//1161 1211//1210
f 1162//1161 1163//1162 1212//1211
f 1163//1162 1164//1163 1213//1212
f 1164//1163 1165//1164 1214//1213
f 1166//1165 1215//1214 1214//1213
f 1167//1166 1216//1215 1215//1214
f 1168//1167 1217//1216 1216//1215
f 1168//1167 1169//1168 1218//1217
f 1169//1168 1170//1169 1219//1218
f 1170//1169 1171//1170 1220//1219
f 1171//1170 1172//1171 1221//1220
f 1173//1172 1222//1221 1221//1220
f 1174//1173 1223//1222 1222//1221
f 1175//1174 1224//1223 1223//1222
f 1175//1174 1176//1175 1225//1224
f 1176//1175 1177//1176 1226//1225
f 1177//1176 1178//1177 1227//1226
f 1179//1178 1228//1227 1227//1226
f 1180//1179 1229//1228 1228//1227
f 1181//1180 1230//1229 1229//1228
f 1182//1181 1231//1230 1230//1229
f 1182//1181 1183//1182 1232//1231
f 1183//1182 1184//1183 1233//1232
f 1184//1183 1185//1184 1234//1233
f 1186//1185 1235//1234 1234//1233
f 1187//1186 1236//1235 1235//1234
f 1188//1187 1237//1236 1236//1235
f 1189//1188 1238//1237 1237//1236
f 1189//1188 1190//1189 1239//1238
f 1190//1189 1191//1190 1240//1239
f 1191//1190 1192//1191 1241//1240
f 1193//1192 1242//1241 1241//1240
f 1194//1193 1243//1242 1242//1241
f 1195//1194 1244//1243 1243//1242
f 1196//1195 1245//1244 1244//1243
f 1196//1195 1197//1196 1246//1245
f 1197//1196 1198//1197 1247//1246
f 1198//1197 1199//1198 1248//1247
f 1200//1199 1249//1248 1248//1247
f 1153//1152 1202//1201 1249//1248
f 1203//1202 1251//1250 1250//1249
f 1203//1202 1204//1203 1252//1251
f 1204//1203 1205//1204 1253//1252
f 1205//1204 1206//1205 1254//1253
f 1206//1205 1207//1206 1255//1254
f 1207//1206 1208//1207 1256//1255
f 1208//1207 1209//1208 1257//1256
f 1209//1208 1210//1209 1258//1257
f 1210//1209 1211//1210 1259//1258
f 1211//1210 1212//1211 1260//1259
f 1212//1211 1213//1212 1261//1260
f 1213//1212 1214//1213 1262//1261
f 1214//1213 1215//1214 1263//1262
f 1215//1214 1216//1215 1264//1263
f 1216//1215 1217//1216 1265//1264
f 1217//1216 1218//1217 1266//1265
f 1218//1217 1219//1218 1267//1266
f 1219//1218 1220//1219 1268//1267
f 1220//1219 1221//1220 1269//1268
f 1221//1220 1222//1221 1270//1269
f 1223//1222 1271//1270 1270//1269
f 1224//1223 1272//1271 1271//1270
f 1225//1224 1273//1272 1272//1271
f 1226//1225 1274//1273 1273//1272
f 1227//1226 1275//1274 1274//1273
f 1228//1227 1276//1275 1275//1274
f 1229//1228 1277//1276 1276//1275
f 1230//1229 1278//1277 1277//1276
f 1231//1230 1279//1278 1278//1277
f 1232//1231 1280//1279 1279//1278
f 1233//1232 1281//1280 1280//1279
f 1234//1233 1282//1281 1281//1280
f 1235//1234 1283//1282 1282//1281
f 1236//1235 1284//1283 1283//1282
f 1237//1236 1285//1284 1284//1283
f 1238//1237 1286//1285 1285//1284
f 1239//1238 1287//1286 1286//1285
f 1240//1239 1288//1287 1287//1286
f 1241//1240 1289//1288 1288//1287
f 1242//1241 1290//1289 1289//1288
f 1243//1242 1291//1290 1290//1289
f 1244//1243 1292//1291 1291//1290
f 1245//1244 1293//1292 1292//1291
f 1245//1244 1246//1245 1294//1293
f 1246//1245 1247//1246 1295//1294
f 1247//1246 1248//1247 1296//1295
f 1248//1247 1249//1248 1297//1296
f 1202//1201 1250//1249 1297//1296
f 1250//1249 1251//1250 1299//1298
f 1251//1250 1252//1251 1300//1299
f 1253//1252 1301//1300 1300//1299
f 1254//1253 1302//1301 1301//1300
f 1254//1253 1255//1254 1303//1302
f 1255//1254 1256//1255 1304//1303
f 1256//1255 1257//1256 1305//1304
f 1257//1256 1258//1257 1306//1305
f 1258//1257 1259//1258 1307//1306
f 1260//1259 1308//1307 1307//1306
f 1261//1260 1309//1308 1308//1307
f 1261//1260 1262//1261 1310//1309
f 1262//1261 1263//1262 1311//1310
f 1263//1262 1264//1263 1312//1311
f 1264//1263 1265//1264 1313//1312
f 1266//1265 1314//1313 1313//1312
f 1267//1266 1315//1314 1314//1313
f 1268//1267 1316//1315 1315//1314
f 1268//1267 1269//1268 1317//1316
f 1269//1268 1270//1269 1318//1317
f 1270//1269 1271//1270 1319//1318
f 1271//1270 1272//1271 1320//1319
f 1273//1272 1321//1320 1320//1319
f 1274//1273 1322//1321 1321//1320
f 1275//1274 1323//1322 1322//1321
f 1276//1275 1324//1323 1323//1322
f 1276//1275 1277//1276 1325//1324
f 1277//1276 1278//1277 1326//1325
f 1279//1278 1327//1326 1326//1325
f 1280//1279 1328//1327 1327//1326
f 1281//1280 1329//1328 1328//1327
f 1282//1281 1330//1329 1329//1328
f 1283//1282 1331//1330 1330//1329
f 1283//1282 1284//1283 1332//1331
f 1284//1283 1285//1284 1333//1332
f 1286//1285 1334//1333 1333//1332
f 1287//1286 1335//1334 1334//1333
f 1288//1287 1336//1335 1335//1334
f 1289//1288 1337//1336 1336//1335
f 1290//1289 1338//1337 1337//1336
f 1290//1289 1291//1290 1339//1338
f 1291//1290 1292//1291 1340//1339
f 1293//1292 1341//1340 1340//1339
f 1294//1293 1342//1341 1341//1340
f 1295//1294 1343//1342 1342//1341
f 1296//1295 1344//1343 1343//1342
f 1296//1295 1297//1296 1345//1344
f 1297//1296 1250//1249 1298//1297
f 1298//1297 1299//1298 1347//1346
f 1300//1299 1348//1347 1347//1346
f 1301//1300 1349//1348 1348//1347
f 1302//1301 1350//1349 1349//1348
f 1302//1301 1303//1302 1351//1350
f 1303//1302 1304//1303 1352//1351
f 1304//1303 1305//1304 1353//1352
f 1305//1304 1306//1305 1354//1353
f 1307//1306 1355//1354 1354//1353
f 1308//1307 1356//1355 1355//1354
f 1309//1308 1357//1356 1356//1355
f 1309//1308 1310//1309 1358//1357
f 1310//1309 1311//1310 1359//1358
f 1311//1310 1312//1311 1360//1359
f 1312//1311 1313//1312 1361//1360
f 1314//1313 1362//1361 1361//1360
f 1315//1314 1363//1362 1362//1361
f 1316//1315 1364//1363 1363//1362
f 1316//1315 1317//1316 1365//1364
f 1317//1316 1318//1317 1366//1365
f 1318//1317 1319//1318 1367//1366
f 1320//1319 1368//1367 1367//1366
f 1321//1320 1369//1368 1368//1367
f 1322//1321 1370//1369 1369//1368
f 1323//1322 1371//1370 1370//1369
f 1323//1322 1324//1323 1372//1371
f 1324//1323 1325//1324 1373//1372
f 1325//1324 1326//1325 1374//1373
f 1327//1326 1375//1374 1374//1373
f 1328//1327 1376//1375 1375//1374
f 1329//1328 1377//1376 1376//1375
f 1330//1329 1378//1377 1377//1376
f 1330//1329 1331//1330 1379//1378
f 1331//1330 1332//1331 1380//1379
f 1332//1331 1333//1332 1381//1380
f 1334//1333 1382//1381 1381//1380
f 1335//1334 1383//1382 1382//1381
f 1336//1335 1384//1383 1383//1382
f 1337//1336 1385//1384 1384//1383
f 1337//1336 1338//1337 1386//1385
f 1338//1337 1339//1338 1387//1386
f 1339//1338 1340//1339 1388//1387
f 1341//1340 1389//1388 1388//1387
f 1342//1341 1390//1389 1389//1388
f 1343//1342 1391//1390 1390//1389
f 1344//1343 1392//1391 1391//1390
f 1344//1343 1345//1344 1393//1392
f 1345//1344 1298//1297 1346//1345
