# Blender 4.4.3
# www.blender.org
mtllib moss_arch_mound.mtl
o moss_arch_mound_mound
v 0.000000 2.632888 0.000000
v 0.221878 2.607070 0.000000
v 0.220649 2.604815 -0.019540
v 0.217318 2.602837 -0.038867
v 0.211914 2.601073 -0.057799
v 0.204497 2.599627 -0.076161
v 0.195156 2.598768 -0.093790
v 0.183965 2.598329 -0.110522
v 0.171027 2.598261 -0.126200
v 0.156469 2.598718 -0.140686
v 0.140417 2.599560 -0.153840
v 0.123010 2.600557 -0.165527
v 0.104412 2.601725 -0.175637
v 0.084793 2.602823 -0.184058
v 0.064345 2.604034 -0.190719
v 0.043261 2.605292 -0.195551
v 0.021742 2.606194 -0.198480
v 0.000000 2.607055 -0.199495
v -0.021752 2.607699 -0.198576
v -0.043301 2.608151 -0.195731
v -0.064432 2.608225 -0.190977
v -0.084937 2.608090 -0.184371
v -0.104619 2.607862 -0.175985
v -0.123277 2.607281 -0.165886
v -0.140733 2.606533 -0.154186
v -0.156832 2.605891 -0.141012
v -0.171412 2.605233 -0.126484
v -0.184367 2.605098 -0.110764
v -0.195558 2.605147 -0.093984
v -0.204860 2.605121 -0.076296
v -0.212251 2.606006 -0.057891
v -0.217642 2.607469 -0.038925
v -0.220931 2.608787 -0.019565
v -0.222107 2.610281 -0.000000
v -0.221201 2.612574 0.019589
v -0.218147 2.614666 0.039015
v -0.212978 2.616648 0.058089
v -0.205765 2.618843 0.076633
v -0.196579 2.621368 0.094475
v -0.185464 2.623564 0.111423
v -0.172553 2.625892 0.127326
v -0.157945 2.627923 0.142012
v -0.141783 2.629696 0.155336
v -0.124238 2.631489 0.167179
v -0.105476 2.633320 0.177427
v -0.085666 2.634765 0.185954
v -0.065013 2.636273 0.192701
v -0.043704 2.637035 0.197551
v -0.021964 2.637988 0.200512
v -0.000000 2.638230 0.201498
v 0.021966 2.638201 0.200526
v 0.043714 2.637754 0.197596
v 0.065031 2.637108 0.192752
v 0.085690 2.635645 0.186006
v 0.105505 2.634163 0.177475
v 0.124268 2.632259 0.167220
v 0.141808 2.630243 0.155363
v 0.157946 2.627953 0.142014
v 0.172533 2.625521 0.127311
v 0.185417 2.622769 0.111394
v 0.196497 2.620059 0.094435
v 0.205667 2.617357 0.076597
v 0.212849 2.614760 0.058054
v 0.217970 2.612141 0.038983
v 0.220987 2.609565 0.019570
v 0.439437 2.564932 0.000000
v 0.436764 2.561033 -0.038678
v 0.429961 2.557601 -0.076897
v 0.419077 2.554466 -0.114302
v 0.404322 2.552383 -0.150582
v 0.385692 2.550270 -0.185361
v 0.363374 2.548146 -0.218307
v 0.337580 2.545927 -0.249098
v 0.308613 2.544097 -0.277483
v 0.276878 2.544095 -0.303344
v 0.242604 2.545699 -0.326457
v 0.206049 2.548671 -0.346604
v 0.167487 2.552588 -0.363561
v 0.127232 2.557007 -0.377117
v 0.085618 2.560945 -0.387013
v 0.043063 2.564270 -0.393122
v 0.000000 2.566305 -0.395287
v -0.043102 2.567043 -0.393479
v -0.085768 2.566285 -0.387689
v -0.127528 2.564127 -0.377997
v -0.167939 2.560806 -0.364542
v -0.206576 2.556456 -0.347491
v -0.243102 2.551949 -0.327128
v -0.277161 2.547200 -0.303654
v -0.308475 2.542735 -0.277358
v -0.336745 2.538403 -0.248482
v -0.361758 2.534608 -0.217336
v -0.383263 2.531095 -0.184194
v -0.401088 2.528010 -0.149378
v -0.415117 2.525654 -0.113222
v -0.425476 2.525761 -0.076095
v -0.431960 2.527421 -0.038253
v -0.434408 2.529914 -0.000000
v -0.432800 2.533295 0.038327
v -0.427001 2.536582 0.076368
v -0.417129 2.540292 0.113771
v -0.403119 2.543311 0.150134
v -0.385143 2.545933 0.185097
v -0.363399 2.548356 0.218322
v -0.338089 2.550511 0.249474
v -0.309593 2.553746 0.278364
v -0.278081 2.557302 0.304663
v -0.243881 2.561710 0.328176
v -0.207277 2.566820 0.348671
v -0.168601 2.572860 0.365980
v -0.128143 2.578861 0.379818
v -0.086292 2.584995 0.390059
v -0.043432 2.590492 0.396492
v -0.000000 2.595245 0.399024
v 0.043546 2.598546 0.397527
v 0.086729 2.600589 0.392034
v 0.129063 2.600945 0.382547
v 0.170111 2.600331 0.369257
v 0.209440 2.598761 0.352308
v 0.246685 2.596844 0.331948
v 0.281517 2.595016 0.308427
v 0.313620 2.593403 0.281985
v 0.342665 2.591735 0.252851
v 0.368290 2.589310 0.221260
v 0.390207 2.585915 0.187531
v 0.408256 2.582033 0.152047
v 0.422267 2.577675 0.115172
v 0.432187 2.573406 0.077296
v 0.437915 2.569086 0.038780
v 0.646247 2.485567 0.000000
v 0.642993 2.484910 -0.056941
v 0.633483 2.483941 -0.113297
v 0.617720 2.482201 -0.168481
v 0.595840 2.479516 -0.221909
v 0.568095 2.475942 -0.273023
v 0.534868 2.471913 -0.321337
v 0.496592 2.467925 -0.366433
v 0.453742 2.464587 -0.407972
v 0.406912 2.463350 -0.445809
v 0.356599 2.465386 -0.479854
v 0.303310 2.472590 -0.510212
v 0.247175 2.483962 -0.536538
v 0.188261 2.496112 -0.558009
v 0.127000 2.507356 -0.574068
v 0.063999 2.516342 -0.584244
v 0.000000 2.521283 -0.588036
v -0.064121 2.522106 -0.585365
v -0.127473 2.518502 -0.576204
v -0.189222 2.511344 -0.560857
v -0.248684 2.502115 -0.539815
v -0.305336 2.492370 -0.513620
v -0.358697 2.482766 -0.482677
v -0.408399 2.474137 -0.447438
v -0.454062 2.466668 -0.408259
v -0.495239 2.459866 -0.365434
v -0.531599 2.453820 -0.319373
v -0.562723 2.447911 -0.270441
v -0.588291 2.441914 -0.219098
v -0.608127 2.436068 -0.165865
v -0.622256 2.431258 -0.111289
v -0.630947 2.429203 -0.055874
v -0.633896 2.428725 -0.000000
v -0.631108 2.429949 0.055889
v -0.622338 2.431645 0.111304
v -0.607519 2.433142 0.165699
v -0.586849 2.434730 0.218560
v -0.560312 2.435329 0.269282
v -0.528176 2.434873 0.317316
v -0.490778 2.433308 0.362142
v -0.448622 2.431265 0.403368
v -0.402337 2.430161 0.440796
v -0.352704 2.433122 0.474613
v -0.300188 2.442116 0.504961
v -0.244736 2.454633 0.531244
v -0.186635 2.470334 0.553190
v -0.126093 2.485963 0.569969
v -0.063660 2.500448 0.581154
v -0.000000 2.512335 0.586288
v 0.064086 2.520433 0.585039
v 0.127750 2.525035 0.577456
v 0.190158 2.526185 0.563632
v 0.250574 2.524840 0.543916
v 0.308446 2.522740 0.518852
v 0.363246 2.520442 0.488797
v 0.414436 2.517931 0.454052
v 0.461485 2.514982 0.414934
v 0.503903 2.511447 0.371827
v 0.541163 2.506757 0.325119
v 0.573022 2.501656 0.275391
v 0.599271 2.496608 0.223187
v 0.619775 2.492084 0.169042
v 0.634475 2.488597 0.113474
v 0.643345 2.486537 0.056972
v 0.848904 2.414654 0.000000
v 0.847208 2.422848 -0.075026
v 0.836046 2.426659 -0.149525
v 0.815691 2.426559 -0.222478
v 0.786988 2.424631 -0.293099
v 0.750007 2.419838 -0.360449
v 0.705339 2.412609 -0.423752
v 0.653670 2.403445 -0.482340
v 0.595975 2.393963 -0.535857
v 0.533251 2.386232 -0.584224
v 0.466387 2.382506 -0.627589
v 0.396209 2.386002 -0.666483
v 0.323308 2.400814 -0.701800
v 0.247287 2.424790 -0.732964
v 0.167513 2.447865 -0.757196
v 0.084672 2.465597 -0.772966
v 0.000000 2.475795 -0.779396
v -0.085031 2.478111 -0.776250
v -0.168932 2.472669 -0.763611
v -0.250520 2.462766 -0.742547
v -0.329131 2.452696 -0.714440
v -0.404334 2.444771 -0.680150
v -0.475684 2.439560 -0.640099
v -0.542229 2.434484 -0.594060
v -0.603211 2.428855 -0.542363
v -0.657861 2.421932 -0.485432
v -0.705439 2.413018 -0.423812
v -0.745348 2.401824 -0.358209
v -0.777183 2.388446 -0.289447
v -0.801022 2.374292 -0.218477
v -0.816969 2.360342 -0.146113
v -0.825432 2.348242 -0.073097
v -0.825765 2.335760 -0.000000
v -0.818704 2.325192 0.072501
v -0.804309 2.316330 0.143849
v -0.783514 2.311912 0.213701
v -0.756242 2.311163 0.281648
v -0.722317 2.312786 0.347141
v -0.681431 2.314572 0.409389
v -0.633570 2.314786 0.467508
v -0.579135 2.312765 0.520716
v -0.519336 2.311448 0.568979
v -0.455217 2.313953 0.612558
v -0.387471 2.322799 0.651784
v -0.316376 2.339051 0.686752
v -0.241569 2.357636 0.716018
v -0.163301 2.374251 0.738156
v -0.082419 2.387254 0.752406
v -0.000000 2.397071 0.758635
v 0.082895 2.403795 0.756747
v 0.165246 2.408241 0.746948
v 0.246067 2.410467 0.729349
v 0.324459 2.411065 0.704297
v 0.399824 2.412145 0.672563
v 0.471659 2.414856 0.634682
v 0.539048 2.417391 0.590575
v 0.601237 2.419340 0.540589
v 0.657412 2.419949 0.485101
v 0.706517 2.417438 0.424459
v 0.748008 2.412107 0.359487
v 0.781915 2.405909 0.291209
v 0.808707 2.401675 0.220573
v 0.828874 2.401727 0.148242
v 0.842417 2.406433 0.074601
v 1.058124 2.371703 0.000000
v 1.059098 2.388072 -0.093790
v 1.046086 2.394400 -0.187090
v 1.020525 2.394042 -0.278345
v 0.983444 2.388742 -0.366265
v 0.935707 2.379387 -0.449694
v 0.878234 2.366653 -0.527623
v 0.812148 2.351588 -0.599279
v 0.738817 2.336060 -0.664290
v 0.659357 2.321312 -0.722384
v 0.575071 2.309904 -0.773838
v 0.487012 2.304605 -0.819227
v 0.396163 2.310238 -0.859946
v 0.302734 2.330800 -0.897310
v 0.205529 2.359315 -0.929037
v 0.104132 2.383155 -0.950624
v 0.000000 2.398074 -0.960221
v -0.104905 2.404301 -0.957674
v -0.208642 2.402139 -0.943107
v -0.310175 2.399607 -0.919366
v -0.409425 2.403254 -0.888732
v -0.505920 2.412265 -0.851032
v -0.597416 2.417861 -0.803906
v -0.682391 2.418771 -0.747620
v -0.759646 2.415128 -0.683019
v -0.828218 2.407388 -0.611137
v -0.886990 2.394921 -0.532884
v -0.934818 2.376684 -0.449268
v -0.971057 2.352755 -0.361651
v -0.995828 2.324766 -0.271609
v -1.010815 2.297874 -0.180782
v -1.017278 2.275277 -0.090086
v -1.012026 2.247969 -0.000000
v -0.996898 2.220309 0.088282
v -0.974054 2.197268 0.174207
v -0.945950 2.184860 0.258005
v -0.913089 2.184340 0.340062
v -0.874758 2.193887 0.420403
v -0.828930 2.207490 0.498002
v -0.774060 2.219332 0.571174
v -0.709499 2.224769 0.637929
v -0.637274 2.227876 0.698190
v -0.559168 2.233071 0.752438
v -0.476157 2.242796 0.800967
v -0.388380 2.255644 0.843050
v -0.295771 2.266422 0.876673
v -0.199158 2.271654 0.900237
v -0.100102 2.272780 0.913829
v -0.000000 2.273537 0.918505
v 0.100259 2.277075 0.915261
v 0.199944 2.282464 0.903789
v 0.298007 2.287092 0.883299
v 0.393786 2.293560 0.854784
v 0.487343 2.306486 0.819783
v 0.577958 2.323853 0.777723
v 0.663990 2.340915 0.727461
v 0.743462 2.353693 0.668467
v 0.814720 2.360519 0.601177
v 0.877141 2.363126 0.526966
v 0.928125 2.356311 0.446051
v 0.968554 2.345483 0.360719
v 1.000818 2.338762 0.272970
v 1.026601 2.341077 0.183605
v 1.046275 2.353488 0.092654
v 1.279871 2.350909 0.000000
v 1.277167 2.358529 -0.113101
v 1.256997 2.354750 -0.224811
v 1.220269 2.340621 -0.332825
v 1.169610 2.320449 -0.435598
v 1.107677 2.298539 -0.532342
v 1.037164 2.279698 -0.623105
v 0.959689 2.266783 -0.708149
v 0.874067 2.254993 -0.785897
v 0.780807 2.243322 -0.855444
v 0.679373 2.225886 -0.914191
v 0.572488 2.207494 -0.963010
v 0.462771 2.196157 -1.004529
v 0.351524 2.199849 -1.041925
v 0.238197 2.221756 -1.076701
v 0.120774 2.246350 -1.102547
v 0.000000 2.266547 -1.116166
v -0.122269 2.279787 -1.116195
v -0.243932 2.286200 -1.102624
v -0.364218 2.295715 -1.079552
v -0.483607 2.315514 -1.049757
v -0.600172 2.336237 -1.009578
v -0.711861 2.354077 -0.957908
v -0.816350 2.366142 -0.894384
v -0.910622 2.368323 -0.818765
v -0.993569 2.362865 -0.733149
v -1.063851 2.350059 -0.639138
v -1.119210 2.327207 -0.537885
v -1.158619 2.294370 -0.431505
v -1.183843 2.257174 -0.322890
v -1.197434 2.221617 -0.214158
v -1.202454 2.193951 -0.106485
v -1.192629 2.159658 -0.000000
v -1.170143 2.122775 0.103623
v -1.139487 2.092098 0.203794
v -1.104301 2.074957 0.301195
v -1.065938 2.074457 0.396988
v -1.024105 2.090804 0.492178
v -0.974678 2.114950 0.585564
v -0.911751 2.130834 0.672776
v -0.836750 2.139302 0.752344
v -0.752789 2.146502 0.824747
v -0.662074 2.157624 0.890912
v -0.565207 2.173637 0.950763
v -0.461604 2.189471 1.001996
v -0.350893 2.195082 1.040055
v -0.235122 2.187205 1.062802
v -0.117701 2.177610 1.074489
v -0.000000 2.175673 1.078893
v 0.118007 2.184457 1.077284
v 0.236137 2.198617 1.067392
v 0.352553 2.207621 1.044976
v 0.466542 2.217760 1.012715
v 0.578700 2.236383 0.973459
v 0.688944 2.263650 0.927070
v 0.795772 2.295033 0.871839
v 0.894837 2.319385 0.804572
v 0.980966 2.327121 0.723849
v 1.051666 2.317933 0.631818
v 1.112557 2.310670 0.534688
v 1.163598 2.306184 0.433359
v 1.206706 2.309551 0.329126
v 1.242211 2.321702 0.222166
v 1.267555 2.337355 0.112250
v 1.500031 2.311397 0.000000
v 1.487022 2.300739 -0.131685
v 1.456350 2.283622 -0.260465
v 1.408385 2.259561 -0.384133
v 1.345616 2.231556 -0.501148
v 1.269278 2.199901 -0.610006
v 1.182611 2.168907 -0.710486
v 1.091566 2.150175 -0.805460
v 0.997980 2.148818 -0.897311
v 0.891918 2.138883 -0.977176
v 0.775093 2.119069 -1.042995
v 0.652032 2.097179 -1.096815
v 0.525765 2.080122 -1.141269
v 0.397643 2.072697 -1.178625
v 0.268112 2.080872 -1.211925
v 0.135803 2.101417 -1.239745
v 0.000000 2.124368 -1.256999
v -0.138061 2.143649 -1.260356
v -0.276127 2.156196 -1.248155
v -0.413275 2.171430 -1.224958
v -0.549314 2.192946 -1.192386
v -0.682400 2.215293 -1.147899
v -0.810655 2.236428 -1.090849
v -0.932027 2.254801 -1.021118
v -1.044661 2.269858 -0.939283
v -1.144303 2.275259 -0.844375
v -1.227929 2.268837 -0.737712
v -1.293510 2.250279 -0.621652
v -1.341011 2.222417 -0.499433
v -1.371797 2.189461 -0.374154
v -1.387462 2.154845 -0.248144
v -1.390513 2.122936 -0.123139
v -1.375330 2.082763 -0.000000
v -1.346628 2.042087 0.119252
v -1.312068 2.013904 0.234660
v -1.273674 2.001461 0.347391
v -1.231003 2.004106 0.458463
v -1.180667 2.015685 0.567421
v -1.119303 2.029308 0.672452
v -1.046191 2.042554 0.771979
v -0.960333 2.051202 0.863461
v -0.864407 2.059374 0.947035
v -0.761528 2.074300 1.024741
v -0.651784 2.096215 1.096398
v -0.533249 2.115982 1.157516
v -0.405210 2.120491 1.201054
v -0.270729 2.105467 1.223755
v -0.135434 2.094518 1.236378
v -0.000000 2.100084 1.245090
v 0.136858 2.121141 1.249371
v 0.274847 2.144161 1.242366
v 0.410076 2.151223 1.215476
v 0.540394 2.150213 1.173025
v 0.667472 2.157230 1.122787
v 0.794366 2.182669 1.068929
v 0.920503 2.221496 1.008493
v 1.038619 2.254189 0.933850
v 1.139328 2.263458 0.840703
v 1.222067 2.255910 0.734190
v 1.293275 2.249791 0.621540
v 1.358940 2.257997 0.506111
v 1.417278 2.276600 0.386559
v 1.464395 2.298661 0.261903
v 1.493168 2.312061 0.132229
v 1.698827 2.225816 0.000000
v 1.678097 2.206172 -0.148606
v 1.641154 2.186060 -0.293516
v 1.590858 2.169136 -0.433902
v 1.526318 2.152986 -0.568448
v 1.443027 2.128304 -0.693509
v 1.343259 2.096047 -0.807000
v 1.236362 2.070947 -0.912305
v 1.121832 2.050850 -1.008670
v 1.000898 2.037162 -1.096573
v 0.872112 2.024755 -1.173547
v 0.734191 2.005627 -1.235018
v 0.590817 1.984437 -1.282477
v 0.444877 1.966796 -1.318627
v 0.298147 1.960097 -1.347691
v 0.150672 1.974028 -1.375480
v 0.000000 2.001013 -1.397710
v -0.153985 2.026681 -1.405723
v -0.308345 2.041526 -1.393787
v -0.460319 2.049667 -1.364398
v -0.610967 2.066462 -1.326216
v -0.759423 2.089008 -1.277462
v -0.902321 2.109460 -1.214198
v -1.036466 2.124504 -1.135541
v -1.162175 2.139727 -1.044943
v -1.279967 2.158822 -0.944480
v -1.378706 2.162460 -0.828296
v -1.453864 2.147446 -0.698717
v -1.510100 2.125640 -0.562408
v -1.550753 2.103849 -0.422963
v -1.575376 2.081584 -0.281752
v -1.581319 2.054681 -0.140036
v -1.565867 2.018691 -0.000000
v -1.538940 1.988344 0.136283
v -1.508805 1.975847 0.269846
v -1.473721 1.978448 0.401953
v -1.426161 1.984106 0.531146
v -1.359399 1.980585 0.653318
v -1.277594 1.973019 0.767550
v -1.187192 1.971857 0.876022
v -1.087653 1.975550 0.977938
v -0.977110 1.978750 1.070512
v -0.860436 1.992015 1.157835
v -0.736255 2.012447 1.238490
v -0.601038 2.026045 1.304664
v -0.455494 2.023773 1.350096
v -0.304005 2.006867 1.374167
v -0.152224 1.998694 1.389647
v -0.000000 2.010755 1.403333
v 0.154640 2.037095 1.411705
v 0.310427 2.058152 1.403199
v 0.461315 2.055011 1.367350
v 0.604852 2.041571 1.312943
v 0.742922 2.034477 1.249704
v 0.881513 2.051117 1.186198
v 1.024612 2.095396 1.122554
v 1.160270 2.135530 1.043230
v 1.275280 2.149377 0.941022
v 1.369808 2.145788 0.822950
v 1.452471 2.144987 0.698048
v 1.529711 2.158707 0.569711
v 1.601822 2.186984 0.436892
v 1.661202 2.217903 0.297102
v 1.695257 2.233033 0.150126
v 1.877335 2.110417 0.000000
v 1.860325 2.099706 -0.164743
v 1.824268 2.087244 -0.326266
v 1.777389 2.083712 -0.484778
v 1.718764 2.087739 -0.640120
v 1.636518 2.081388 -0.786500
v 1.527204 2.056144 -0.917510
v 1.402705 2.026519 -1.035048
v 1.269075 1.999962 -1.141060
v 1.128590 1.978917 -1.236471
v 0.982267 1.964241 -1.321776
v 0.825999 1.943116 -1.389453
v 0.661539 1.911617 -1.435992
v 0.494769 1.879178 -1.466509
v 0.329602 1.859195 -1.489874
v 0.166136 1.866521 -1.516650
v 0.000000 1.897293 -1.544676
v -0.170555 1.926823 -1.556996
v -0.341166 1.938464 -1.542144
v -0.507254 1.936695 -1.503513
v -0.672318 1.949288 -1.459391
v -0.836742 1.973594 -1.407524
v -0.994417 1.993490 -1.338126
v -1.138498 1.999804 -1.247327
v -1.273343 2.008034 -1.144897
v -1.397860 2.018137 -1.031473
v -1.505823 2.021755 -0.904665
v -1.590253 2.011231 -0.764265
v -1.655719 1.996476 -0.616640
v -1.706733 1.984967 -0.465507
v -1.743043 1.976488 -0.311739
v -1.760217 1.965178 -0.155878
v -1.755023 1.946841 -0.000000
v -1.739938 1.937926 0.154082
v -1.721273 1.946804 0.307845
v -1.693986 1.967153 0.462030
v -1.641659 1.976125 0.611404
v -1.550709 1.951264 0.745260
v -1.440053 1.915967 0.865151
v -1.327046 1.895622 0.979220
v -1.214494 1.896732 1.091985
v -1.092627 1.903103 1.197071
v -0.959368 1.909119 1.290963
v -0.819036 1.923362 1.377740
v -0.667149 1.931222 1.448169
v -0.504403 1.923559 1.495062
v -0.336261 1.904841 1.519973
v -0.168210 1.894825 1.535588
v -0.000000 1.902210 1.547982
v 0.169950 1.918570 1.551474
v 0.339358 1.926070 1.533971
v 0.502585 1.915187 1.489675
v 0.657424 1.897237 1.427060
v 0.806706 1.888382 1.357000
v 0.958668 1.907433 1.290020
v 1.113839 1.947821 1.220311
v 1.256453 1.976090 1.129711
v 1.380364 1.987867 1.018563
v 1.488783 1.994346 0.894427
v 1.590512 2.011624 0.764390
v 1.684876 2.038684 0.627500
v 1.764469 2.065657 0.481254
v 1.828237 2.092656 0.326975
v 1.867464 2.109300 0.165376
v 2.032679 1.970640 0.000000
v 2.026656 1.975010 -0.179473
v 2.001008 1.979341 -0.357875
v 1.959854 1.988389 -0.534545
v 1.903483 2.002570 -0.708915
v 1.825661 2.013869 -0.877401
v 1.713669 2.003375 -1.029534
v 1.575515 1.976965 -1.162563
v 1.427896 1.955240 -1.283860
v 1.272352 1.939377 -1.393976
v 1.102952 1.915855 -1.484175
v 0.921995 1.881906 -1.550932
v 0.734826 1.840675 -1.595075
v 0.547068 1.799542 -1.621523
v 0.362815 1.770813 -1.640000
v 0.182557 1.774024 -1.666564
v 0.000000 1.809863 -1.702519
v -0.188116 1.839550 -1.717312
v -0.374803 1.841814 -1.694192
v -0.553955 1.826955 -1.641937
v -0.730778 1.828453 -1.586288
v -0.909098 1.850297 -1.529238
v -1.080322 1.868792 -1.453723
v -1.235467 1.872200 -1.353564
v -1.376746 1.871662 -1.237869
v -1.501682 1.866612 -1.108083
v -1.616857 1.868848 -0.971371
v -1.718772 1.873837 -0.826030
v -1.794958 1.866851 -0.668497
v -1.849743 1.855445 -0.504512
v -1.893101 1.852224 -0.338576
v -1.927112 1.859443 -0.170658
v -1.940916 1.864619 -0.000000
v -1.932292 1.865456 0.171117
v -1.910893 1.873183 0.341758
v -1.883665 1.896402 0.513764
v -1.831492 1.912540 0.682104
v -1.725439 1.882571 0.829234
v -1.589825 1.831286 0.955131
v -1.453991 1.795330 1.072892
v -1.327226 1.790748 1.193344
v -1.196995 1.802133 1.311415
v -1.050098 1.805938 1.413053
v -0.894149 1.813657 1.504092
v -0.728386 1.821233 1.581097
v -0.551218 1.816059 1.633823
v -0.367375 1.797823 1.660616
v -0.183647 1.786872 1.676515
v -0.000000 1.787528 1.685138
v 0.183741 1.787972 1.677367
v 0.363996 1.777810 1.645340
v 0.538749 1.766431 1.596865
v 0.705540 1.752257 1.531505
v 0.865926 1.744484 1.456617
v 1.029827 1.763780 1.385774
v 1.189249 1.788026 1.302929
v 1.334196 1.802138 1.199612
v 1.468886 1.817592 1.083882
v 1.601491 1.847496 0.962139
v 1.731585 1.890623 0.832188
v 1.841756 1.925375 0.685926
v 1.921779 1.942418 0.524160
v 1.979578 1.954096 0.354043
v 2.016903 1.963687 0.178609
v 2.185587 1.834528 0.000000
v 2.192818 1.852390 -0.194188
v 2.176601 1.868223 -0.389280
v 2.132417 1.877360 -0.581611
v 2.068655 1.888098 -0.770430
v 1.989160 1.904505 -0.955977
v 1.873155 1.901842 -1.125349
v 1.726241 1.882136 -1.273783
v 1.572320 1.872581 -1.413716
v 1.408304 1.868903 -1.542923
v 1.218251 1.841744 -1.639326
v 1.013364 1.798604 -1.704628
v 0.804282 1.750535 -1.745842
v 0.594893 1.698128 -1.763277
v 0.393513 1.665831 -1.778765
v 0.198268 1.671544 -1.809986
v 0.000000 1.711400 -1.854539
v -0.204501 1.735212 -1.866891
v -0.405616 1.727936 -1.833470
v -0.595568 1.700455 -1.765277
v -0.780590 1.688555 -1.694415
v -0.968494 1.703311 -1.629150
v -1.148634 1.716292 -1.545646
v -1.323502 1.735076 -1.450014
v -1.473274 1.732349 -1.324660
v -1.599217 1.717625 -1.180053
v -1.724996 1.723449 -1.036338
v -1.850051 1.746592 -0.889122
v -1.941841 1.750679 -0.723201
v -1.997798 1.736523 -0.544894
v -2.048578 1.737543 -0.366383
v -2.101143 1.760166 -0.186069
v -2.131886 1.780766 -0.000000
v -2.118339 1.777465 0.187592
v -2.070965 1.760394 0.370387
v -2.021275 1.761084 0.551297
v -1.968393 1.779451 0.733090
v -1.871967 1.771470 0.899655
v -1.735997 1.736695 1.042948
v -1.586136 1.700684 1.170401
v -1.441427 1.687259 1.296026
v -1.293215 1.687280 1.416833
v -1.131541 1.685492 1.522646
v -0.960851 1.687080 1.616295
v -0.782687 1.694041 1.698967
v -0.593883 1.694644 1.760283
v -0.396565 1.681494 1.792562
v -0.198322 1.672093 1.810477
v -0.000000 1.670765 1.818044
v 0.197065 1.659261 1.799008
v 0.388112 1.638113 1.754349
v 0.576285 1.633952 1.708121
v 0.756989 1.626812 1.643185
v 0.927245 1.615709 1.559764
v 1.093841 1.617555 1.471914
v 1.257889 1.631531 1.378129
v 1.418525 1.654834 1.275434
v 1.571973 1.682341 1.159950
v 1.734657 1.735082 1.042143
v 1.882877 1.783856 0.904898
v 1.995499 1.808824 0.743185
v 2.082023 1.824638 0.567866
v 2.136748 1.827543 0.382152
v 2.167351 1.826770 0.191932
v 2.349905 1.711098 0.000000
v 2.369201 1.737782 -0.209808
v 2.355100 1.755630 -0.421204
v 2.294257 1.752379 -0.625752
v 2.213094 1.750596 -0.824224
v 2.127923 1.765682 -1.022666
v 2.004538 1.763957 -1.204281
v 1.852416 1.751402 -1.366887
v 1.695425 1.752553 -1.524402
v 1.526294 1.759683 -1.672191
v 1.322490 1.737569 -1.779594
v 1.097798 1.692807 -1.846660
v 0.867078 1.638125 -1.882154
v 0.636395 1.574388 -1.886290
v 0.420234 1.541191 -1.899547
v 0.212639 1.554518 -1.941181
v 0.000000 1.594092 -1.991590
v -0.218248 1.604159 -1.992384
v -0.430843 1.588368 -1.947504
v -0.629427 1.553565 -1.865637
v -0.823380 1.539065 -1.787298
v -1.019902 1.549458 -1.715627
v -1.211554 1.564347 -1.630313
v -1.402959 1.591030 -1.537067
v -1.562635 1.589644 -1.405007
v -1.691787 1.571140 -1.248360
v -1.828885 1.580693 -1.098753
v -1.979054 1.619248 -0.951120
v -2.090345 1.635338 -0.778508
v -2.148514 1.620259 -0.586001
v -2.203969 1.621957 -0.394174
v -2.268752 1.650221 -0.200912
v -2.309708 1.676227 -0.000000
v -2.297255 1.675067 0.203436
v -2.227983 1.643197 0.398469
v -2.150506 1.622065 0.586544
v -2.089442 1.634490 0.778172
v -2.011413 1.651078 0.966672
v -1.888678 1.643076 1.134675
v -1.736940 1.621812 1.281678
v -1.573237 1.602651 1.414540
v -1.403080 1.591195 1.537199
v -1.220939 1.579002 1.642942
v -1.032115 1.571933 1.736171
v -0.838686 1.573762 1.820522
v -0.636178 1.573739 1.885646
v -0.425426 1.564281 1.923018
v -0.212345 1.551913 1.938493
v -0.000000 1.540052 1.935580
v 0.208286 1.515991 1.901441
v 0.410192 1.496542 1.854158
v 0.613413 1.505708 1.818171
v 0.809463 1.507517 1.757088
v 0.987953 1.490663 1.661883
v 1.160215 1.484184 1.561229
v 1.337022 1.500865 1.464827
v 1.520848 1.538379 1.367435
v 1.702740 1.583432 1.256442
v 1.880341 1.634378 1.129666
v 2.029137 1.668512 0.975190
v 2.141846 1.683696 0.797689
v 2.242763 1.705699 0.611707
v 2.307336 1.713383 0.412661
v 2.332539 1.705824 0.206561
v 2.509969 1.581445 0.000000
v 2.534642 1.609127 -0.224458
v 2.517527 1.624073 -0.450253
v 2.440224 1.611467 -0.665564
v 2.344528 1.602227 -0.873174
v 2.250606 1.612896 -1.081626
v 2.121175 1.612282 -1.274354
v 1.970672 1.610957 -1.454148
v 1.812459 1.621341 -1.629630
v 1.634144 1.630869 -1.790351
v 1.413811 1.607544 -1.902479
v 1.170185 1.560768 -1.968425
v 0.921957 1.505916 -2.001277
v 0.674281 1.441191 -1.998585
v -0.228808 1.449842 -2.088787
v -0.449878 1.428582 -2.033548
v -0.660179 1.404783 -1.956785
v -0.870527 1.405195 -1.889638
v -1.078808 1.415492 -1.814714
v -1.284400 1.432972 -1.728338
v -1.477913 1.446304 -1.619185
v -1.636102 1.434425 -1.471063
v -1.770098 1.416498 -1.306146
v -1.926783 1.437067 -1.157568
v -2.101056 1.485811 -1.009754
v -2.223963 1.504425 -0.828272
v -2.282852 1.488218 -0.622641
v -2.336592 1.485816 -0.417894
v -2.403133 1.510091 -0.212812
v -2.452612 1.538459 -0.000000
v -2.460433 1.553242 0.217887
v -2.394426 1.530008 0.428237
v -2.298499 1.500472 0.626909
v -2.219133 1.500508 0.826473
v -2.146888 1.524758 1.031780
v -2.034897 1.534515 1.222520
v -1.874024 1.517255 1.382832
v -1.699574 1.501698 1.528133
v -1.516981 1.492457 1.661988
v -1.320574 1.481769 1.777015
v -1.112004 1.468269 1.870556
v -0.902936 1.468666 1.959989
v -0.684704 1.468101 2.029479
v 0.216298 1.354186 1.974579
v 0.425941 1.336624 1.925344
v 0.640747 1.354616 1.899191
v 0.851482 1.367900 1.848300
v 1.043185 1.358857 1.754791
v 1.232198 1.362554 1.658093
v 1.424261 1.382922 1.560405
v 1.622662 1.420181 1.458979
v 1.829357 1.473950 1.349873
v 2.014858 1.516453 1.210481
v 2.154828 1.531506 1.035596
v 2.269073 1.541018 0.845072
v 2.388519 1.570973 0.651462
v 2.469396 1.587295 0.441645
v 2.494363 1.578795 0.220892
v 2.641616 1.429281 0.000000
v 2.663914 1.451920 -0.235906
v 2.645417 1.465072 -0.473126
v 2.570144 1.457704 -0.700999
v 2.474952 1.453249 -0.921748
v 2.367619 1.456946 -1.137862
v 2.225620 1.451873 -1.337102
v 2.073819 1.455767 -1.530259
v 1.917393 1.474310 -1.723980
v 1.717365 1.471412 -1.881527
v 1.479569 1.443139 -1.990966
v 1.220378 1.395335 -2.052857
v 0.964689 1.351583 -2.094035
v -0.464932 1.262995 -2.101595
v -0.693140 1.265973 -2.054484
v -0.924469 1.283963 -2.006732
v -1.142741 1.289371 -1.922261
v -1.357081 1.301287 -1.826140
v -1.549966 1.301637 -1.698126
v -1.697956 1.274645 -1.526678
v -1.841728 1.262593 -1.359001
v -2.023200 1.295240 -1.215493
v -2.212568 1.343830 -1.063345
v -2.340162 1.359380 -0.871548
v -2.395775 1.340468 -0.653441
v -2.437176 1.328466 -0.435883
v -2.499061 1.345342 -0.221308
v -2.560688 1.377213 -0.000000
v -2.601485 1.411560 0.230378
v -2.560136 1.409127 0.457874
v -2.456181 1.381082 0.669916
v -2.342763 1.361192 0.872517
v -2.257282 1.376451 1.084835
v -2.148269 1.392019 1.290632
v -1.980616 1.378192 1.461485
v -1.800228 1.367702 1.618634
v -1.611320 1.363862 1.765345
v -1.402823 1.354261 1.887693
v -1.179434 1.339452 1.983983
v -0.960758 1.344974 2.085503
v 0.443427 1.192071 2.004385
v 0.665920 1.205641 1.973802
v 0.890693 1.227177 1.933415
v 1.102671 1.234680 1.854855
v 1.308368 1.244873 1.760590
v 1.503555 1.254568 1.647279
v 1.703910 1.280063 1.532032
v 1.934817 1.340073 1.427691
v 2.132332 1.379687 1.281057
v 2.268148 1.384378 1.090057
v 2.384110 1.389986 0.887915
v 2.509499 1.416930 0.684459
v 2.593684 1.431135 0.463874
v 2.622715 1.425285 0.232258
v 2.725112 1.250098 0.000000
v 2.739190 1.265039 -0.242572
v 2.722343 1.277740 -0.486884
v 2.668528 1.284807 -0.727833
v 2.589557 1.292631 -0.964430
v 2.471149 1.292133 -1.187618
v 2.313721 1.281572 -1.390031
v 2.148990 1.280118 -1.585728
v 1.974380 1.286770 -1.775218
v 1.756614 1.274072 -1.924528
v 1.510494 1.246656 -2.032579
v 1.246037 1.205367 -2.096020
v 0.996121 1.183338 -2.162265
v -0.485471 1.120718 -2.194432
v -0.734987 1.144504 -2.178520
v -0.981179 1.161994 -2.129831
v -1.199558 1.151467 -2.017835
v -1.417465 1.155119 -1.907396
v -1.618375 1.154949 -1.773074
v -1.767699 1.126984 -1.589386
v -1.926785 1.122977 -1.421764
v -2.126708 1.158618 -1.277678
v -2.321283 1.199238 -1.115593
v -2.450440 1.210314 -0.912619
v -2.501390 1.189327 -0.682247
v -2.532914 1.172157 -0.453005
v -2.598326 1.187661 -0.230098
v -2.666409 1.218007 -0.000000
v -2.716010 1.252306 0.240520
v -2.682640 1.255610 0.479783
v -2.579393 1.233887 0.703522
v -2.441724 1.205157 0.909373
v -2.340034 1.210861 1.124605
v -2.226418 1.224174 1.337582
v -2.058416 1.216065 1.518894
v -1.876239 1.210897 1.686977
v -1.683972 1.211475 1.844941
v -1.460640 1.197602 1.965493
v -1.228031 1.184486 2.065730
v -1.003693 1.194154 2.178700
v 0.467879 1.071423 2.114912
v 0.700877 1.080268 2.077416
v 0.942414 1.106617 2.045683
v 1.175167 1.123181 1.976805
v 1.387573 1.125706 1.867172
v 1.572620 1.115521 1.722945
v 1.773800 1.131701 1.594871
v 2.012264 1.183427 1.484839
v 2.211496 1.214363 1.328617
v 2.351705 1.218095 1.130214
v 2.477949 1.226592 0.922864
v 2.600752 1.246089 0.709348
v 2.685294 1.257090 0.480258
v 2.713161 1.250741 0.240267
v 2.754282 1.051567 0.000000
v 2.763760 1.062014 -0.244748
v 2.754339 1.076264 -0.492606
v 2.723872 1.093701 -0.742928
v 2.665211 1.111242 -0.992606
v 2.545206 1.111779 -1.223209
v 2.379299 1.100614 -1.429429
v 2.193654 1.089755 -1.618685
v 1.989177 1.078468 -1.788522
v 1.759334 1.060241 -1.927508
v 1.514302 1.038485 -2.037703
v 1.254960 1.009474 -2.111029
v 1.020147 1.011100 -2.214417
v -0.513917 0.996687 -2.323014
v -0.782289 1.024419 -2.318725
v -1.033427 1.026965 -2.243243
v -1.245916 1.000702 -2.095816
v -1.467570 1.000028 -1.974819
v -1.687748 1.008649 -1.849079
v -1.852298 0.989964 -1.665451
v -2.032359 0.994354 -1.499666
v -2.239573 1.023782 -1.345485
v -2.428669 1.051364 -1.167202
v -2.553618 1.056017 -0.951045
v -2.599054 1.034066 -0.708885
v -2.637611 1.021849 -0.471730
v -2.712021 1.038244 -0.240167
v -2.773226 1.060228 -0.000000
v -2.807476 1.082098 0.248620
v -2.760431 1.079104 0.493696
v -2.649986 1.058400 0.722776
v -2.517040 1.037915 0.937423
v -2.419251 1.046482 1.162676
v -2.302814 1.058557 1.383479
v -2.126029 1.049757 1.568785
v -1.931572 1.041221 1.736728
v -1.735497 1.043062 1.901393
v -1.497555 1.024704 2.015167
v -1.266701 1.020861 2.130778
v 0.495902 0.954470 2.241586
v 0.746982 0.968808 2.214072
v 1.007869 0.996431 2.187766
v 1.256585 1.011050 2.113763
v 1.466149 0.998858 1.972907
v 1.643356 0.976656 1.800443
v 1.843839 0.984495 1.657845
v 2.066511 1.014555 1.524867
v 2.245901 1.027261 1.349286
v 2.391684 1.032190 1.149427
v 2.536844 1.047716 0.944798
v 2.666898 1.066480 0.727389
v 2.746052 1.072401 0.491124
v 2.757303 1.059047 0.244176
v 2.764038 0.857378 0.000000
v 2.777366 0.867372 -0.245953
v 2.770701 0.880135 -0.495533
v 2.743889 0.895957 -0.748388
v 2.690683 0.912767 -1.002092
v 2.579812 0.917563 -1.239840
v 2.414871 0.909768 -1.450800
v 2.213281 0.894404 -1.633168
v 1.984365 0.873164 -1.784196
v 1.746699 0.853382 -1.913665
v 1.509121 0.839569 -2.030731
v 1.261953 0.824896 -2.122793
v 1.040263 0.840313 -2.258082
v -0.540792 0.860354 -2.444497
v -0.821122 0.881515 -2.433826
v -1.073550 0.872793 -2.330338
v -1.286821 0.844594 -2.164623
v -1.516707 0.844667 -2.040939
v -1.757759 0.859892 -1.925782
v -1.943758 0.851721 -1.747685
v -2.147591 0.862672 -1.584696
v -2.359642 0.884964 -1.417620
v -2.543238 0.902078 -1.222264
v -2.656266 0.898857 -0.989275
v -2.707321 0.881688 -0.738414
v -2.749694 0.872137 -0.491776
v -2.820138 0.883421 -0.249741
v -2.864466 0.894878 -0.000000
v -2.875289 0.904114 0.254625
v -2.811717 0.895750 0.502868
v -2.697203 0.877740 0.735655
v -2.578611 0.867471 0.960353
v -2.499329 0.883487 1.201161
v -2.384049 0.895926 1.432283
v -2.190703 0.883498 1.616508
v -1.971342 0.866287 1.772487
v -1.765464 0.864427 1.934223
v -1.531655 0.854715 2.061054
v -1.312274 0.864757 2.207440
v 0.521212 0.822878 2.355993
v 0.793667 0.846198 2.352449
v 1.070788 0.870098 2.324343
v 1.331656 0.880110 2.240043
v 1.546393 0.864620 2.080886
v 1.729197 0.843080 1.894490
v 1.922160 0.840315 1.728266
v 2.114342 0.846611 1.560161
v 2.260678 0.840521 1.358164
v 2.405457 0.843741 1.156047
v 2.563946 0.861544 0.954892
v 2.709014 0.882349 0.738876
v 2.784510 0.885392 0.498003
v 2.776753 0.867142 0.245899
v 2.807061 0.684302 0.000000
v 2.817287 0.691315 -0.249488
v 2.793794 0.696492 -0.499663
v 2.747717 0.703202 -0.749432
v 2.687796 0.714342 -1.001018
v 2.592360 0.723218 -1.245871
v 2.447875 0.724567 -1.470628
v 2.236996 0.709822 -1.650667
v 1.985654 0.684619 -1.785355
v 1.746231 0.668292 -1.913152
v 1.520458 0.663634 -2.045987
v 1.282562 0.658935 -2.157459
v 1.057210 0.671239 -2.294870
v -0.558717 0.701007 -2.525520
v -0.841262 0.711052 -2.493521
v -1.098742 0.703142 -2.385023
v -1.325696 0.685834 -2.230017
v -1.563500 0.686408 -2.103906
v -1.814198 0.699787 -1.987616
v -2.033851 0.704655 -1.828690
v -2.269615 0.722226 -1.674736
v -2.483395 0.737125 -1.491968
v -2.654713 0.744002 -1.275837
v -2.758822 0.736941 -1.027470
v -2.815334 0.723974 -0.767874
v -2.857161 0.715484 -0.510996
v -2.910662 0.718897 -0.257757
v -2.931144 0.720777 -0.000000
v -2.920728 0.721870 0.258649
v -2.860656 0.716532 0.511621
v -2.762349 0.707697 0.753423
v -2.654917 0.703880 0.988772
v -2.562827 0.713374 1.231678
v -2.437780 0.720998 1.464563
v -2.237532 0.710026 1.651062
v -2.000337 0.690723 1.798557
v -1.783992 0.685790 1.954522
v -1.570428 0.690074 2.113229
v -1.363428 0.709363 2.293488
v -1.128508 0.726007 2.449635
v 0.545618 0.681270 2.466312
v 0.834111 0.703810 2.472325
v 1.121211 0.720402 2.433795
v 1.392710 0.727624 2.342744
v 1.627259 0.720144 2.189703
v 1.824114 0.704381 1.998480
v 2.004280 0.692362 1.802102
v 2.166201 0.682900 1.598428
v 2.296880 0.671184 1.379914
v 2.443257 0.673519 1.174213
v 2.604293 0.687772 0.969918
v 2.749580 0.703775 0.749940
v 2.818602 0.703927 0.504100
v 2.811692 0.689662 0.248993
v 2.878701 0.520655 0.000000
v 2.877472 0.523420 -0.254818
v 2.836939 0.523664 -0.507379
v 2.777546 0.525844 -0.757568
v 2.708571 0.532205 -1.008755
v 2.621003 0.540958 -1.259637
v 2.494664 0.547139 -1.498738
v 2.279950 0.536062 -1.682362
v 2.007922 0.512146 -1.805377
v 1.764857 0.499587 -1.933559
v 1.543551 0.498793 -2.077061
v 1.304728 0.496501 -2.194746
v 1.066801 0.500834 -2.315689
v -0.567536 0.527274 -2.565386
v -0.845870 0.528328 -2.507179
v -1.111568 0.526310 -2.412864
v -1.364587 0.524156 -2.295438
v -1.608411 0.524218 -2.164340
v -1.853634 0.530063 -2.030822
v -2.110376 0.543702 -1.897496
v -2.372865 0.562239 -1.750924
v -2.579355 0.569322 -1.549618
v -2.737423 0.569707 -1.315587
v -2.840833 0.563383 -1.058013
v -2.905690 0.555008 -0.792519
v -2.949361 0.548628 -0.527486
v -2.984766 0.546900 -0.264320
v -2.984774 0.543756 -0.000000
v -2.951140 0.539541 0.261342
v -2.903115 0.538359 0.519215
v -2.837506 0.539490 0.773922
v -2.732851 0.537929 1.017797
v -2.600808 0.535971 1.249931
v -2.455795 0.536958 1.475386
v -2.260509 0.530584 1.668017
v -2.027048 0.518037 1.822573
v -1.809985 0.515079 1.983000
v -1.606419 0.523438 2.161659
v -1.399094 0.540098 2.353484
v -1.158961 0.553282 2.515739
v 0.564911 0.524344 2.553520
v 0.859682 0.538690 2.548117
v 1.149816 0.548077 2.495888
v 1.421897 0.550633 2.391842
v 1.667724 0.547470 2.244154
v 1.878663 0.538656 2.058243
v 2.054138 0.526380 1.846931
v 2.202303 0.514186 1.625067
v 2.344513 0.507810 1.408530
v 2.501787 0.511518 1.202342
v 2.654460 0.519450 0.988602
v 2.784589 0.527447 0.759489
v 2.842495 0.524898 0.508373
v 2.858384 0.519243 0.253128
v 2.946152 0.352919 0.000000
v 2.932924 0.353057 -0.259729
v 2.896879 0.353996 -0.518100
v 2.846375 0.356993 -0.776341
v 2.768317 0.360152 -1.031006
v 2.668563 0.364391 -1.282494
v 2.534756 0.367655 -1.522824
v 2.322397 0.361297 -1.713684
v 2.041780 0.344478 -1.835820
v 1.790418 0.335084 -1.961563
v 1.561478 0.333405 -2.101185
v 1.316793 0.330929 -2.215041
v 1.067183 0.330252 -2.316517
v -0.568493 0.348291 -2.569712
v -0.841500 0.346114 -2.494228
v -1.116332 0.348739 -2.423204
v -1.400623 0.356527 -2.356056
v -1.651371 0.356695 -2.222148
v -1.884321 0.356391 -2.064442
v -2.162713 0.369096 -1.944554
v -2.429703 0.381278 -1.792864
v -2.622780 0.382893 -1.575707
v -2.780963 0.382736 -1.336512
v -2.895925 0.380034 -1.078531
v -2.969069 0.375448 -0.809805
v -3.012376 0.370946 -0.538756
v -3.034883 0.367805 -0.268758
v -3.024983 0.364266 -0.000000
v -2.973228 0.358887 0.263298
v -2.932819 0.359270 0.524527
v -2.894432 0.364221 0.789448
v -2.783255 0.362480 1.036569
v -2.613473 0.355399 1.256018
v -2.448522 0.352726 1.471017
v -2.261111 0.349885 1.668462
v -2.048473 0.345841 1.841838
v -1.841593 0.346696 2.017630
v -1.633635 0.352100 2.198282
v -1.409478 0.359231 2.370951
v -1.159832 0.365102 2.517630
v 0.572359 0.351143 2.587185
v 0.862113 0.356335 2.555323
v 1.148645 0.360893 2.493346
v 1.415297 0.361008 2.380739
v 1.656188 0.357943 2.228630
v 1.874762 0.354222 2.053969
v 2.059273 0.348039 1.851548
v 2.212344 0.340804 1.632476
v 2.376754 0.340302 1.427900
v 2.552962 0.345523 1.226936
v 2.700402 0.349571 1.005712
v 2.820719 0.353133 0.769343
v 2.872417 0.350405 0.513725
v 2.908933 0.349587 0.257604
v 2.967833 0.176836 0.000000
v 2.950651 0.176628 -0.261299
v 2.940747 0.179022 -0.525945
v 2.914199 0.182385 -0.794840
v 2.830155 0.183675 -1.054036
v 2.704206 0.183884 -1.299623
v 2.543652 0.183380 -1.528169
v 2.334318 0.180556 -1.722481
v 2.059472 0.172877 -1.851726
v 1.799193 0.167403 -1.971177
v 1.557738 0.165095 -2.096152
v 1.312376 0.163674 -2.207611
v 1.059870 0.162640 -2.300643
v -0.569619 0.173395 -2.574802
v -0.841916 0.172001 -2.495458
v -1.122204 0.174303 -2.435950
v -1.424026 0.180633 -2.395422
v -1.681020 0.180984 -2.262046
v -1.907202 0.179594 -2.089510
v -2.188977 0.185991 -1.968168
v -2.446573 0.190954 -1.805312
v -2.631442 0.190940 -1.580911
v -2.800336 0.191689 -1.345823
v -2.927824 0.191244 -1.090411
v -2.999116 0.188739 -0.818001
v -3.038279 0.186142 -0.543388
v -3.056109 0.184216 -0.270638
v -3.044171 0.182302 -0.000000
v -2.985838 0.179160 0.264415
v -2.944083 0.179266 0.526542
v -2.913753 0.182352 0.794718
v -2.800803 0.181400 1.043105
v -2.624425 0.177407 1.261281
v -2.449640 0.175284 1.471688
v -2.258346 0.173518 1.666421
v -2.058348 0.172763 1.850716
v -1.860708 0.174346 2.038572
v -1.644943 0.176334 2.213499
v -1.401935 0.177278 2.358263
v -1.141842 0.177978 2.478580
v 0.568538 0.172998 2.569914
v 0.850145 0.174031 2.519851
v 1.131993 0.176135 2.457199
v 1.396621 0.176471 2.349323
v 1.625778 0.173864 2.187710
v 1.842163 0.172253 2.018254
v 2.040269 0.170932 1.834460
v 2.203459 0.168434 1.625920
v 2.377884 0.169105 1.428579
v 2.570817 0.173055 1.235518
v 2.725352 0.175552 1.015004
v 2.848722 0.177486 0.776981
v 2.900840 0.176109 0.518808
v 2.937016 0.175647 0.260091
v 2.958574 0.000000 0.000000
v 2.950873 0.000000 -0.261318
v 2.968299 0.000000 -0.530873
v 2.957283 0.000000 -0.806591
v 2.860977 0.000000 -1.065516
v 2.697708 0.000000 -1.296501
v 2.507682 0.000000 -1.506559
v 2.305211 0.000000 -1.701003
v 2.051324 0.000000 -1.844401
v 1.794472 0.000000 -1.966004
v 1.550772 0.000000 -2.086779
v 1.306387 0.000000 -2.197537
v 1.051877 0.000000 -2.283293
v -0.574011 0.000000 -2.594655
v -0.854874 0.000000 -2.533867
v -1.142394 0.000000 -2.479778
v -1.437087 0.000000 -2.417393
v -1.680894 0.000000 -2.261876
v -1.902155 0.000000 -2.083981
v -2.177899 0.000000 -1.958207
v -2.431388 0.000000 -1.794108
v -2.631539 0.000000 -1.580969
v -2.819722 0.000000 -1.355140
v -2.956995 0.000000 -1.101276
v -3.023637 0.000000 -0.824688
v -3.050138 0.000000 -0.545509
v -3.058875 0.000000 -0.270883
v -3.050117 0.000000 -0.000000
v -2.995888 0.000000 0.265305
v -2.934102 0.000000 0.524757
v -2.888943 0.000000 0.787951
v -2.797805 0.000000 1.041988
v -2.655767 0.000000 1.276344
v -2.472749 0.000000 1.485572
v -2.259041 0.000000 1.666934
v -2.059260 0.000000 1.851537
v -1.870239 0.000000 2.049014
v -1.650406 0.000000 2.220850
v -1.396171 0.000000 2.348567
v -1.127901 0.000000 2.448318
v 0.560489 0.000000 2.533534
v 0.841039 0.000000 2.492860
v 1.119096 0.000000 2.429205
v 1.387439 0.000000 2.333877
v 1.609812 0.000000 2.166225
v 1.814944 0.000000 1.988433
v 2.012731 0.000000 1.809701
v 2.183128 0.000000 1.610918
v 2.355381 0.000000 1.415059
v 2.557303 0.000000 1.229023
v 2.734401 0.000000 1.018375
v 2.863610 0.000000 0.781042
v 2.919326 0.000000 0.522114
v 2.944519 0.000000 0.260756
v 0.608102 1.432781 -2.003099
v 0.512148 1.468726 -1.969575
v 0.428948 1.496846 -1.938936
v 0.440252 1.495467 -1.940965
v 0.357566 1.506046 -1.954104
v 0.248117 1.520000 -1.968628
v 0.217046 1.515887 -1.981406
v 0.083808 1.498096 -2.045129
v 0.064249 1.495467 -2.055490
v 0.000000 1.467312 -2.107345
v -0.016656 1.460551 -2.111006
v -0.587921 1.464223 2.046485
v -0.503796 1.495467 2.012185
v -0.444318 1.502846 2.008415
v -0.347801 1.514464 1.981918
v -0.302690 1.520000 1.975609
v -0.217848 1.509151 1.988735
v -0.139906 1.499681 1.972324
v -0.106406 1.495467 1.973558
v -0.000000 1.452157 1.999103
v 0.149568 1.367951 1.994041
v 0.074356 1.423538 1.987015
v 0.787174 1.320388 -2.104899
v 0.751527 1.344776 -2.089018
v 0.689901 1.385240 -2.044883
v 0.642546 1.417316 -2.020627
v 0.633069 1.423538 -2.013834
v -0.234438 1.330248 -2.140183
v -0.110040 1.423538 -2.115299
v -0.286944 1.278685 -2.147475
v -0.263289 1.309117 -2.140994
v -0.767305 1.376171 2.126341
v -0.805717 1.349797 2.142532
v -0.705210 1.417797 2.090259
v -0.696463 1.423538 2.083977
v -0.645401 1.442623 2.065341
v 0.218852 1.317011 1.997898
v 0.229449 1.309117 1.999504
v 0.307490 1.205225 2.041077
v 0.917567 1.179978 -2.181675
v 0.852017 1.257754 -2.161763
v 0.804114 1.309117 -2.115571
v -0.388182 1.125648 -2.215597
v -0.375604 1.160000 -2.198498
v -0.327857 1.223592 -2.172897
v -0.960105 1.196218 2.196324
v -0.881523 1.287789 2.162819
v -0.862926 1.309117 2.152903
v 0.364259 1.080528 2.143855
v 0.339363 1.160000 2.074203
v 0.943336 1.144319 -2.201824
v 1.003721 1.012135 -2.221862
v 0.935171 1.160000 -2.192279
v -0.428059 0.996275 -2.333648
v -0.410603 1.049211 -2.293503
v -1.048220 1.041105 2.247077
v -1.051911 1.033285 2.249113
v -1.028829 1.081187 2.233263
v -0.990438 1.160000 2.204224
v 0.383192 1.014542 2.214131
v 0.392133 0.986350 2.238063
v 0.392385 0.958659 2.263712
v 1.008124 1.002680 -2.223890
v 1.015401 0.986350 -2.225054
v 1.040236 0.840315 -2.258096
v -0.431976 0.912330 -2.409958
v -0.434103 0.856712 -2.449871
v -0.431167 0.986350 -2.342355
v -1.096728 0.892114 2.330173
v -1.099440 0.879450 2.337038
v -1.075408 0.986350 2.270947
v 0.393119 0.890020 2.326515
v 0.396375 0.822039 2.370603
v 1.048233 0.760804 -2.275382
v 1.046820 0.800000 -2.265269
v 1.040304 0.839903 -2.258171
v 1.051359 0.671553 -2.297770
v 1.040239 0.840296 -2.258099
v -0.435399 0.764947 -2.496827
v -0.431072 0.696236 -2.527812
v -0.437917 0.800000 -2.478791
v -1.125146 0.737099 2.442338
v -1.118234 0.800000 2.392837
v -1.126273 0.726024 2.450408
v 0.392090 0.756822 2.423143
v 0.384720 0.677432 2.475919
v 0.396980 0.800000 2.388129
v 1.051409 0.667268 -2.298130
v 1.054636 0.501206 -2.321236
v -0.425356 0.523530 -2.568739
v -1.126357 0.724518 2.451011
v -1.136444 0.553340 2.523237
v 0.372568 0.520449 2.562935
v 1.054760 0.330495 -2.322122
v -0.425052 0.434062 -2.570920
v -0.424224 0.346371 -2.576845
v -1.136742 0.365149 2.525374
v 0.371091 0.466913 2.573510
v 0.366892 0.349397 2.603581
v 1.054665 0.322067 -2.321446
v 1.052260 0.162725 -2.304223
v -0.423869 0.260411 -2.579391
v -0.423291 0.172544 -2.583527
v -1.130732 0.177992 2.482339
v 0.367610 0.297915 2.598443
v 0.368467 0.172659 2.592303
v 1.052188 0.157644 -2.303705
v 1.049498 0.000000 -2.284443
v -0.421943 0.090021 -2.593178
v -0.421129 0.000000 -2.599009
v -1.130481 0.170977 2.480540
v -1.126056 0.000000 2.448855
v 0.370101 0.119220 2.580603
v 0.374542 0.000000 2.548800
v 0.739625 0.000000 -0.065498
v 0.730479 0.000000 0.000000
v 0.749190 0.000000 -0.133991
v 0.759403 0.000000 -0.207125
v 0.770555 0.000000 -0.286978
v 0.783031 0.000000 -0.376320
v 0.797377 0.000000 -0.479046
v 0.814399 0.000000 -0.600941
v 0.835369 0.000000 -0.751103
v 0.862428 0.000000 -0.944867
v 0.899512 0.000000 -1.210418
v 0.954761 0.000000 -1.606050
v 1.048233 0.000000 -2.275382
v -0.480663 0.000000 -2.172699
v -0.554541 0.000000 -1.643672
v -0.601686 0.000000 -1.306071
v -0.634927 0.000000 -1.068041
v -0.660044 0.000000 -0.888181
v -0.680034 0.000000 -0.745038
v -0.696610 0.000000 -0.626340
v -0.710829 0.000000 -0.524517
v -0.723387 0.000000 -0.434594
v -0.734764 0.000000 -0.353123
v -0.745314 0.000000 -0.277578
v -0.755308 0.000000 -0.206008
v -0.764971 0.000000 -0.136813
v -0.774499 0.000000 -0.068587
v -0.784077 0.000000 -0.000000
v -0.793895 0.000000 0.070304
v -0.804162 0.000000 0.143822
v -0.815124 0.000000 0.222323
v -0.827094 0.000000 0.308035
v -0.840486 0.000000 0.403932
v -0.855884 0.000000 0.514196
v -0.874155 0.000000 0.645034
v -0.896664 0.000000 0.806215
v -0.925708 0.000000 1.014196
v -0.965513 0.000000 1.299232
v -1.024816 0.000000 1.723893
v -1.125146 0.000000 2.442338
v 0.447805 0.000000 2.024176
v 0.516633 0.000000 1.531312
v 0.560556 0.000000 1.216789
v 0.591524 0.000000 0.995031
v 0.614924 0.000000 0.827466
v 0.633547 0.000000 0.694108
v 0.648990 0.000000 0.583525
v 0.662238 0.000000 0.488661
v 0.673937 0.000000 0.404886
v 0.684536 0.000000 0.328984
v 0.694365 0.000000 0.258603
v 0.703676 0.000000 0.191926
v 0.712679 0.000000 0.127461
v 0.721555 0.000000 0.063898
vn 0.1147 0.9860 -0.1210
vn 0.1148 0.9860 -0.1207
vn 0.1141 0.9857 -0.1244
vn 0.1142 0.9857 -0.1238
vn 0.1191 0.9866 -0.1112
vn 0.1211 0.9869 -0.1069
vn 0.1223 0.9869 -0.1051
vn 0.1279 0.9870 -0.0975
vn 0.1298 0.9869 -0.0953
vn 0.1241 0.9872 -0.1006
vn 0.1189 0.9874 -0.1045
vn 0.1040 0.9881 -0.1135
vn 0.0966 0.9884 -0.1169
vn 0.0866 0.9889 -0.1204
vn 0.0588 0.9902 -0.1267
vn 0.0452 0.9907 -0.1283
vn 0.0240 0.9914 -0.1284
vn 0.0041 0.9920 -0.1263
vn -0.0235 0.9925 -0.1202
vn -0.0432 0.9926 -0.1136
vn -0.0572 0.9926 -0.1072
vn -0.0812 0.9924 -0.0929
vn -0.0969 0.9920 -0.0811
vn -0.1021 0.9918 -0.0764
vn -0.1109 0.9916 -0.0665
vn -0.1034 0.9917 -0.0767
vn -0.1055 0.9917 -0.0733
vn -0.1129 0.9919 -0.0579
vn -0.1014 0.9909 -0.0884
vn -0.0970 0.9898 -0.1039
vn -0.1007 0.9913 -0.0846
vn -0.1009 0.9915 -0.0818
vn -0.1006 0.9887 -0.1111
vn -0.0991 0.9909 -0.0912
vn -0.0966 0.9923 -0.0769
vn -0.0974 0.9921 -0.0796
vn -0.1006 0.9910 -0.0885
vn -0.0913 0.9934 -0.0689
vn -0.0923 0.9932 -0.0705
vn -0.0818 0.9951 -0.0562
vn -0.0720 0.9964 -0.0452
vn -0.0716 0.9964 -0.0449
vn -0.0724 0.9963 -0.0455
vn -0.0571 0.9977 -0.0364
vn -0.0605 0.9975 -0.0379
vn -0.0295 0.9992 -0.0275
vn -0.0397 0.9988 -0.0298
vn -0.0098 0.9996 -0.0265
vn 0.0001 0.9996 -0.0265
vn 0.0167 0.9995 -0.0283
vn 0.0235 0.9993 -0.0298
vn 0.0572 0.9975 -0.0411
vn 0.0569 0.9975 -0.0410
vn 0.0733 0.9960 -0.0507
vn 0.0779 0.9955 -0.0541
vn 0.0883 0.9941 -0.0637
vn 0.0945 0.9930 -0.0705
vn 0.1056 0.9907 -0.0858
vn 0.1071 0.9903 -0.0883
vn 0.1096 0.9896 -0.0935
vn 0.1104 0.9893 -0.0958
vn 0.1129 0.9880 -0.1054
vn 0.1142 0.9870 -0.1132
vn 0.1147 0.9861 -0.1205
vn 0.1864 0.9746 -0.1242
vn 0.1837 0.9742 -0.1314
vn 0.1802 0.9733 -0.1421
vn 0.1752 0.9734 -0.1474
vn 0.1793 0.9734 -0.1424
vn 0.1830 0.9719 -0.1479
vn 0.1874 0.9694 -0.1588
vn 0.1966 0.9661 -0.1671
vn 0.1966 0.9641 -0.1782
vn 0.1840 0.9640 -0.1919
vn 0.1689 0.9653 -0.1991
vn 0.1423 0.9683 -0.2054
vn 0.1237 0.9713 -0.2033
vn 0.1045 0.9737 -0.2024
vn 0.0686 0.9768 -0.2029
vn 0.0482 0.9779 -0.2035
vn 0.0204 0.9788 -0.2037
vn -0.0063 0.9790 -0.2035
vn -0.0425 0.9781 -0.2039
vn -0.0727 0.9759 -0.2056
vn -0.1004 0.9727 -0.2091
vn -0.1416 0.9682 -0.2060
vn -0.1755 0.9639 -0.2003
vn -0.2004 0.9595 -0.1980
vn -0.2295 0.9551 -0.1871
vn -0.2428 0.9509 -0.1919
vn -0.2673 0.9464 -0.1811
vn -0.2972 0.9422 -0.1549
vn -0.3058 0.9372 -0.1679
vn -0.3243 0.9316 -0.1640
vn -0.3442 0.9310 -0.1219
vn -0.3525 0.9312 -0.0923
vn -0.3565 0.9297 -0.0923
vn -0.3568 0.9331 -0.0444
vn -0.3508 0.9364 -0.0022
vn -0.3492 0.9367 0.0250
vn -0.3509 0.9352 0.0483
vn -0.3363 0.9365 0.0992
vn -0.3295 0.9351 0.1306
vn -0.3035 0.9371 0.1723
vn -0.2731 0.9396 0.2063
vn -0.2478 0.9425 0.2244
vn -0.2212 0.9462 0.2360
vn -0.1757 0.9530 0.2468
vn -0.1495 0.9583 0.2436
vn -0.0895 0.9663 0.2414
vn -0.0735 0.9711 0.2273
vn -0.0203 0.9769 0.2126
vn 0.0107 0.9771 0.2126
vn 0.0460 0.9803 0.1923
vn 0.0690 0.9826 0.1725
vn 0.1177 0.9820 0.1474
vn 0.1294 0.9831 0.1298
vn 0.1572 0.9819 0.1054
vn 0.1701 0.9818 0.0847
vn 0.1857 0.9810 0.0563
vn 0.1922 0.9809 0.0284
vn 0.2001 0.9798 -0.0075
vn 0.1963 0.9801 -0.0283
vn 0.1956 0.9795 -0.0478
vn 0.1938 0.9791 -0.0621
vn 0.1954 0.9773 -0.0818
vn 0.1942 0.9759 -0.0993
vn 0.1921 0.9746 -0.1155
vn 0.3558 0.9271 -0.1180
vn 0.3147 0.9388 -0.1403
vn 0.2971 0.9405 -0.1653
vn 0.2932 0.9402 -0.1732
vn 0.2818 0.9367 -0.2079
vn 0.2689 0.9322 -0.2422
vn 0.2507 0.9276 -0.2769
vn 0.2361 0.9241 -0.3005
vn 0.2442 0.9222 -0.2998
vn 0.2455 0.9218 -0.3001
vn 0.2358 0.9272 -0.2910
vn 0.2152 0.9377 -0.2729
vn 0.1900 0.9481 -0.2551
vn 0.1483 0.9589 -0.2419
vn 0.1087 0.9670 -0.2306
vn 0.0574 0.9722 -0.2271
vn 0.0071 0.9738 -0.2275
vn -0.0475 0.9737 -0.2228
vn -0.1019 0.9694 -0.2232
vn -0.1542 0.9619 -0.2256
vn -0.2061 0.9525 -0.2240
vn -0.2402 0.9450 -0.2218
vn -0.2765 0.9375 -0.2115
vn -0.3006 0.9326 -0.1996
vn -0.3247 0.9288 -0.1786
vn -0.3405 0.9264 -0.1606
vn -0.3585 0.9238 -0.1347
vn -0.3740 0.9209 -0.1099
vn -0.3880 0.9172 -0.0908
vn -0.3930 0.9127 -0.1123
vn -0.4141 0.9035 -0.1106
vn -0.4507 0.8885 -0.0867
vn -0.4654 0.8832 -0.0584
vn -0.4738 0.8806 -0.0039
vn -0.4817 0.8754 0.0403
vn -0.4749 0.8731 0.1105
vn -0.4647 0.8682 0.1738
vn -0.4525 0.8607 0.2334
vn -0.4353 0.8506 0.2949
vn -0.4348 0.8358 0.3353
vn -0.4165 0.8223 0.3878
vn -0.3955 0.8156 0.4223
vn -0.3615 0.8217 0.4407
vn -0.3290 0.8332 0.4445
vn -0.2774 0.8537 0.4408
vn -0.2329 0.8728 0.4289
vn -0.1768 0.8922 0.4157
vn -0.1227 0.9075 0.4018
vn -0.0563 0.9194 0.3892
vn 0.0052 0.9233 0.3841
vn 0.0734 0.9291 0.3624
vn 0.1248 0.9312 0.3424
vn 0.1756 0.9306 0.3213
vn 0.2114 0.9305 0.2991
vn 0.2365 0.9311 0.2778
vn 0.2585 0.9312 0.2570
vn 0.2854 0.9301 0.2312
vn 0.3218 0.9276 0.1898
vn 0.3574 0.9235 0.1392
vn 0.3798 0.9204 0.0925
vn 0.3950 0.9178 0.0416
vn 0.3975 0.9176 0.0007
vn 0.3930 0.9184 -0.0446
vn 0.3779 0.9220 -0.0839
vn 0.2884 0.9571 -0.0275
vn 0.2615 0.9633 -0.0607
vn 0.2438 0.9646 -0.1001
vn 0.2246 0.9643 -0.1404
vn 0.2094 0.9609 -0.1809
vn 0.2012 0.9550 -0.2180
vn 0.2008 0.9461 -0.2541
vn 0.2059 0.9354 -0.2876
vn 0.2253 0.9239 -0.3091
vn 0.2549 0.9118 -0.3221
vn 0.3026 0.8985 -0.3180
vn 0.3234 0.8967 -0.3022
vn 0.2896 0.9165 -0.2759
vn 0.2382 0.9379 -0.2520
vn 0.1747 0.9555 -0.2378
vn 0.0885 0.9691 -0.2304
vn 0.0029 0.9729 -0.2313
vn -0.0864 0.9728 -0.2148
vn -0.1618 0.9662 -0.2005
vn -0.2141 0.9593 -0.1843
vn -0.2391 0.9576 -0.1608
vn -0.2470 0.9606 -0.1277
vn -0.2334 0.9680 -0.0922
vn -0.2161 0.9741 -0.0662
vn -0.2077 0.9772 -0.0445
vn -0.2041 0.9784 -0.0327
vn -0.2170 0.9760 -0.0201
vn -0.2415 0.9704 -0.0069
vn -0.2736 0.9618 0.0037
vn -0.3061 0.9520 0.0047
vn -0.3393 0.9405 -0.0183
vn -0.3834 0.9235 -0.0123
vn -0.4360 0.8999 0.0021
vn -0.5270 0.8479 0.0575
vn -0.5397 0.8327 0.1241
vn -0.5337 0.8255 0.1839
vn -0.5031 0.8262 0.2535
vn -0.4609 0.8292 0.3162
vn -0.4133 0.8303 0.3738
vn -0.3720 0.8270 0.4214
vn -0.3439 0.8244 0.4496
vn -0.3536 0.8217 0.4470
vn -0.3885 0.8145 0.4309
vn -0.3873 0.8164 0.4284
vn -0.3842 0.8147 0.4343
vn -0.3401 0.8163 0.4669
vn -0.2800 0.8147 0.5078
vn -0.1962 0.8151 0.5451
vn -0.0924 0.8189 0.5664
vn 0.0070 0.8275 0.5614
vn 0.1061 0.8296 0.5482
vn 0.1879 0.8339 0.5189
vn 0.2407 0.8405 0.4854
vn 0.2800 0.8504 0.4454
vn 0.3105 0.8646 0.3950
vn 0.3370 0.8783 0.3392
vn 0.3583 0.8908 0.2795
vn 0.3798 0.9003 0.2126
vn 0.3935 0.9055 0.1592
vn 0.4072 0.9058 0.1172
vn 0.4183 0.9045 0.0828
vn 0.4190 0.9064 0.0540
vn 0.4033 0.9146 0.0300
vn 0.3730 0.9278 0.0032
vn 0.2000 0.9745 0.1019
vn 0.1565 0.9873 0.0271
vn 0.1455 0.9885 -0.0420
vn 0.1476 0.9852 -0.0869
vn 0.1422 0.9788 -0.1477
vn 0.1342 0.9694 -0.2054
vn 0.1230 0.9582 -0.2583
vn 0.1184 0.9479 -0.2956
vn 0.1316 0.9380 -0.3206
vn 0.1665 0.9269 -0.3364
vn 0.2360 0.9088 -0.3440
vn 0.3436 0.8744 -0.3425
vn 0.4082 0.8450 -0.3455
vn 0.3591 0.8596 -0.3635
vn 0.2624 0.8860 -0.3824
vn 0.1393 0.9098 -0.3910
vn 0.0104 0.9187 -0.3949
vn -0.1147 0.9245 -0.3635
vn -0.1953 0.9267 -0.3209
vn -0.2147 0.9405 -0.2635
vn -0.1871 0.9643 -0.1874
vn -0.1328 0.9852 -0.1084
vn -0.1101 0.9927 -0.0497
vn -0.1004 0.9949 -0.0101
vn -0.1052 0.9943 0.0199
vn -0.1213 0.9914 0.0497
vn -0.1460 0.9861 0.0794
vn -0.1809 0.9777 0.1065
vn -0.2222 0.9678 0.1184
vn -0.2759 0.9533 0.1230
vn -0.3236 0.9388 0.1181
vn -0.3632 0.9187 0.1552
vn -0.4201 0.8913 0.1708
vn -0.4832 0.8516 0.2033
vn -0.5636 0.7967 0.2182
vn -0.5577 0.7968 0.2326
vn -0.5187 0.8181 0.2484
vn -0.4525 0.8490 0.2728
vn -0.3722 0.8772 0.3033
vn -0.2979 0.8925 0.3387
vn -0.2596 0.9015 0.3462
vn -0.2604 0.9070 0.3310
vn -0.2966 0.9038 0.3084
vn -0.3536 0.8831 0.3084
vn -0.3570 0.8589 0.3672
vn -0.3069 0.8334 0.4596
vn -0.2260 0.8061 0.5469
vn -0.1391 0.7836 0.6055
vn -0.0488 0.7775 0.6269
vn 0.0318 0.7824 0.6220
vn 0.1104 0.7871 0.6068
vn 0.1786 0.7963 0.5779
vn 0.2147 0.8153 0.5377
vn 0.2204 0.8498 0.4788
vn 0.2266 0.8893 0.3973
vn 0.2225 0.9234 0.3128
vn 0.2236 0.9455 0.2367
vn 0.2445 0.9566 0.1584
vn 0.2559 0.9630 0.0844
vn 0.2740 0.9605 0.0489
vn 0.2898 0.9556 0.0526
vn 0.2900 0.9535 0.0816
vn 0.2732 0.9555 0.1113
vn 0.2388 0.9627 0.1269
vn 0.0920 0.9808 0.1721
vn 0.1915 0.9807 0.0398
vn 0.2396 0.9683 -0.0709
vn 0.2809 0.9436 -0.1753
vn 0.2985 0.9144 -0.2734
vn 0.2781 0.8940 -0.3512
vn 0.2228 0.8921 -0.3930
vn 0.1713 0.8970 -0.4075
vn 0.1315 0.9029 -0.4092
vn 0.1412 0.8921 -0.4291
vn 0.1900 0.8623 -0.4694
vn 0.2798 0.8122 -0.5119
vn 0.3824 0.7454 -0.5460
vn 0.3976 0.7136 -0.5768
vn 0.3022 0.7246 -0.6194
vn 0.1666 0.7537 -0.6357
vn 0.0315 0.7843 -0.6195
vn -0.1017 0.7877 -0.6076
vn -0.1511 0.8152 -0.5591
vn -0.1260 0.8512 -0.5095
vn -0.0903 0.8914 -0.4441
vn -0.1312 0.9220 -0.3642
vn -0.1676 0.9486 -0.2684
vn -0.1902 0.9664 -0.1730
vn -0.2129 0.9721 -0.0984
vn -0.2414 0.9700 -0.0268
vn -0.2749 0.9601 0.0522
vn -0.3137 0.9410 0.1273
vn -0.3548 0.9160 0.1871
vn -0.3801 0.9021 0.2044
vn -0.4006 0.8953 0.1945
vn -0.4064 0.8676 0.2867
vn -0.4137 0.8461 0.3360
vn -0.4384 0.8321 0.3397
vn -0.4922 0.8219 0.2868
vn -0.5170 0.8292 0.2123
vn -0.5140 0.8455 0.1448
vn -0.4755 0.8703 0.1283
vn -0.4331 0.8828 0.1819
vn -0.3562 0.8940 0.2717
vn -0.2971 0.9033 0.3096
vn -0.2687 0.9156 0.2992
vn -0.2659 0.9256 0.2693
vn -0.2629 0.9277 0.2651
vn -0.2250 0.9185 0.3252
vn -0.1528 0.8904 0.4287
vn -0.0786 0.8615 0.5017
vn -0.0308 0.8532 0.5206
vn -0.0145 0.8674 0.4974
vn 0.0101 0.8686 0.4954
vn 0.0511 0.8933 0.4465
vn 0.0648 0.9040 0.4225
vn 0.0320 0.9068 0.4205
vn 0.0144 0.9129 0.4079
vn 0.0242 0.9333 0.3582
vn 0.0431 0.9628 0.2666
vn 0.0682 0.9828 0.1719
vn 0.1065 0.9865 0.1242
vn 0.2187 0.9742 0.0558
vn 0.2437 0.9698 -0.0076
vn 0.1983 0.9801 -0.0022
vn 0.1238 0.9904 0.0614
vn 0.0622 0.9870 0.1481
vn 0.0537 0.9785 0.1992
vn 0.2698 0.9611 0.0583
vn 0.3204 0.9430 -0.0898
vn 0.3308 0.9147 -0.2321
vn 0.3233 0.8857 -0.3332
vn 0.3277 0.8544 -0.4033
vn 0.3563 0.8204 -0.4471
vn 0.3720 0.8056 -0.4612
vn 0.3023 0.8351 -0.4596
vn 0.2562 0.8367 -0.4840
vn 0.1764 0.8181 -0.5474
vn 0.1289 0.8014 -0.5841
vn 0.1459 0.7865 -0.6002
vn 0.2330 0.7500 -0.6190
vn 0.3310 0.6891 -0.6447
vn 0.2907 0.6735 -0.6796
vn 0.1940 0.6904 -0.6970
vn 0.0782 0.7205 -0.6890
vn -0.0343 0.7491 -0.6616
vn -0.0665 0.7514 -0.6565
vn -0.0335 0.7653 -0.6428
vn -0.0791 0.7738 -0.6285
vn -0.1511 0.7869 -0.5983
vn -0.2352 0.8080 -0.5403
vn -0.3297 0.8378 -0.4352
vn -0.3713 0.8774 -0.3038
vn -0.3962 0.9017 -0.1733
vn -0.4286 0.9030 -0.0306
vn -0.4449 0.8888 0.1095
vn -0.4240 0.8824 0.2037
vn -0.3867 0.8897 0.2426
vn -0.3616 0.9069 0.2162
vn -0.3681 0.8746 0.3156
vn -0.3563 0.8532 0.3810
vn -0.3286 0.8702 0.3671
vn -0.3187 0.9072 0.2748
vn -0.3428 0.9286 0.1421
vn -0.4209 0.9066 0.0293
vn -0.4930 0.8693 0.0362
vn -0.4523 0.8762 0.1668
vn -0.3860 0.8821 0.2700
vn -0.3464 0.8841 0.3137
vn -0.3334 0.8913 0.3072
vn -0.3255 0.9014 0.2857
vn -0.2866 0.9105 0.2982
vn -0.1721 0.9147 0.3657
vn -0.0272 0.8937 0.4478
vn 0.0269 0.8881 0.4588
vn -0.0005 0.9103 0.4140
vn -0.0620 0.9085 0.4132
vn -0.0823 0.9324 0.3521
vn -0.0159 0.9537 0.3003
vn 0.0040 0.9498 0.3128
vn -0.0147 0.9190 0.3940
vn -0.0171 0.8792 0.4762
vn 0.0009 0.8687 0.4953
vn 0.0666 0.9028 0.4250
vn 0.1769 0.9438 0.2792
vn 0.2882 0.9492 0.1266
vn 0.2831 0.9532 0.1062
vn 0.2758 0.9564 0.0966
vn 0.1980 0.9736 0.1133
vn 0.1130 0.9823 0.1491
vn 0.0740 0.9848 0.1573
vn 0.0991 0.9866 0.1300
vn 0.4324 0.8943 -0.1151
vn 0.4249 0.8786 -0.2180
vn 0.3534 0.8830 -0.3089
vn 0.2589 0.8987 -0.3540
vn 0.1837 0.9018 -0.3911
vn 0.1584 0.8967 -0.4133
vn 0.2118 0.9002 -0.3805
vn 0.3496 0.8612 -0.3689
vn 0.2730 0.8409 -0.4672
vn 0.1422 0.8495 -0.5081
vn 0.0756 0.8514 -0.5191
vn 0.0749 0.8412 -0.5355
vn 0.1200 0.8108 -0.5728
vn 0.2080 0.7532 -0.6240
vn 0.2481 0.7198 -0.6484
vn 0.2063 0.7358 -0.6450
vn 0.1224 0.7667 -0.6303
vn 0.0152 0.7782 -0.6278
vn -0.0168 0.7874 -0.6163
vn -0.0357 0.7587 -0.6505
vn -0.0956 0.7450 -0.6601
vn -0.1600 0.7527 -0.6386
vn -0.2341 0.7591 -0.6074
vn -0.3154 0.7562 -0.5733
vn -0.4181 0.7695 -0.4827
vn -0.4704 0.8226 -0.3193
vn -0.5076 0.8482 -0.1512
vn -0.5346 0.8450 -0.0151
vn -0.5209 0.8483 0.0951
vn -0.4641 0.8672 0.1805
vn -0.3458 0.9111 0.2241
vn -0.3010 0.8950 0.3291
vn -0.2210 0.9056 0.3621
vn -0.1354 0.9524 0.2731
vn -0.0768 0.9878 0.1352
vn -0.0969 0.9952 0.0135
vn -0.1985 0.9800 -0.0125
vn -0.3051 0.9507 0.0549
vn -0.3588 0.9227 0.1408
vn -0.3364 0.9133 0.2294
vn -0.3278 0.8997 0.2883
vn -0.3492 0.8907 0.2912
vn -0.3705 0.8796 0.2983
vn -0.3366 0.8645 0.3733
vn -0.1955 0.8515 0.4866
vn 0.0009 0.8362 0.5484
vn 0.0189 0.8468 0.5315
vn -0.0673 0.8689 0.4905
vn -0.1477 0.8613 0.4862
vn -0.1224 0.8758 0.4669
vn 0.0459 0.8851 0.4632
vn 0.1654 0.8574 0.4874
vn 0.1736 0.8150 0.5529
vn 0.1257 0.7494 0.6501
vn 0.1192 0.7035 0.7006
vn 0.1987 0.7426 0.6396
vn 0.3615 0.8047 0.4709
vn 0.4694 0.8283 0.3059
vn 0.4750 0.8424 0.2545
vn 0.4199 0.8566 0.2998
vn 0.3835 0.8657 0.3218
vn 0.3526 0.8895 0.2907
vn 0.3474 0.9217 0.1723
vn 0.3631 0.9317 0.0142
vn 0.4842 0.8561 -0.1807
vn 0.4298 0.8729 -0.2307
vn 0.3510 0.9064 -0.2350
vn 0.2360 0.9450 -0.2266
vn 0.1073 0.9594 -0.2608
vn 0.0288 0.9545 -0.2967
vn 0.0500 0.9589 -0.2793
vn 0.0730 0.9554 -0.2860
vn 0.1081 0.9489 -0.2964
vn 0.0966 0.9446 -0.3138
vn 0.0308 0.9327 -0.3593
vn 0.0072 0.9048 -0.4258
vn 0.0206 0.8632 -0.5045
vn 0.0746 0.8210 -0.5661
vn 0.1845 0.7915 -0.5826
vn 0.2254 0.7960 -0.5618
vn 0.1639 0.8060 -0.5688
vn 0.0372 0.8321 -0.5534
vn -0.0640 0.8262 -0.5598
vn -0.0683 0.7856 -0.6149
vn -0.0915 0.7681 -0.6337
vn -0.1548 0.7828 -0.6027
vn -0.2407 0.7915 -0.5618
vn -0.3144 0.7632 -0.5645
vn -0.3644 0.7383 -0.5675
vn -0.5177 0.7198 -0.4625
vn -0.6307 0.7229 -0.2821
vn -0.6600 0.7352 -0.1547
vn -0.6472 0.7591 -0.0701
vn -0.6093 0.7927 0.0187
vn -0.5434 0.8286 0.1345
vn -0.3420 0.9003 0.2691
vn -0.2143 0.9436 0.2525
vn -0.1138 0.9865 0.1180
vn -0.0527 0.9986 -0.0056
vn -0.0468 0.9986 -0.0265
vn -0.1093 0.9901 0.0883
vn -0.2079 0.9549 0.2121
vn -0.3045 0.9153 0.2636
vn -0.3161 0.9078 0.2758
vn -0.2745 0.9148 0.2962
vn -0.3321 0.8914 0.3083
vn -0.3631 0.8678 0.3393
vn -0.2954 0.8540 0.4282
vn -0.1515 0.8363 0.5270
vn 0.0003 0.8193 0.5734
vn -0.0151 0.8154 0.5787
vn -0.1165 0.7944 0.5961
vn -0.1618 0.7438 0.6485
vn -0.0669 0.7574 0.6496
vn 0.1764 0.7118 0.6799
vn 0.3157 0.6758 0.6660
vn 0.3418 0.6563 0.6726
vn 0.2543 0.6421 0.7232
vn 0.1570 0.6096 0.7770
vn 0.2756 0.5815 0.7655
vn 0.4760 0.6235 0.6201
vn 0.6163 0.6287 0.4743
vn 0.6170 0.6754 0.4040
vn 0.5305 0.7478 0.3992
vn 0.4550 0.7880 0.4148
vn 0.4842 0.7881 0.3800
vn 0.5616 0.7997 0.2124
vn 0.5848 0.8108 -0.0251
vn 0.5896 0.7998 -0.1129
vn 0.4900 0.8539 -0.1753
vn 0.4265 0.8926 -0.1460
vn 0.3788 0.9178 -0.1192
vn 0.2516 0.9505 -0.1826
vn 0.1065 0.9561 -0.2731
vn 0.0539 0.9532 -0.2974
vn 0.0254 0.9617 -0.2729
vn 0.0124 0.9724 -0.2328
vn 0.0495 0.9667 -0.2512
vn 0.0216 0.9391 -0.3431
vn -0.0522 0.9029 -0.4267
vn -0.0828 0.8748 -0.4774
vn -0.0314 0.8583 -0.5122
vn 0.1219 0.8506 -0.5115
vn 0.2380 0.8380 -0.4910
vn 0.1833 0.8600 -0.4763
vn 0.0181 0.8773 -0.4796
vn -0.1281 0.8496 -0.5117
vn -0.0990 0.7958 -0.5975
vn -0.0990 0.7430 -0.6619
vn -0.1884 0.7437 -0.6414
vn -0.3264 0.7537 -0.5704
vn -0.3744 0.7446 -0.5527
vn -0.4423 0.7094 -0.5487
vn -0.5715 0.6469 -0.5050
vn -0.6747 0.6458 -0.3573
vn -0.6606 0.7174 -0.2212
vn -0.6404 0.7514 -0.1589
vn -0.6501 0.7515 -0.1121
vn -0.6362 0.7714 -0.0141
vn -0.5389 0.8343 0.1161
vn -0.3444 0.9347 0.0878
vn -0.3634 0.9316 -0.0097
vn -0.3702 0.9272 -0.0569
vn -0.3010 0.9524 0.0483
vn -0.2119 0.9249 0.3157
vn -0.2161 0.8645 0.4539
vn -0.3156 0.8296 0.4606
vn -0.4098 0.8193 0.4009
vn -0.3813 0.8375 0.3915
vn -0.3479 0.8275 0.4408
vn -0.3729 0.7989 0.4719
vn -0.2866 0.7988 0.5289
vn -0.1291 0.8045 0.5797
vn -0.0011 0.7959 0.6054
vn -0.0091 0.7943 0.6075
vn -0.0807 0.7647 0.6394
vn -0.0810 0.6873 0.7218
vn 0.0433 0.6957 0.7170
vn 0.2454 0.6080 0.7551
vn 0.3584 0.6016 0.7139
vn 0.3629 0.6210 0.6948
vn 0.2507 0.6186 0.7446
vn 0.2288 0.5301 0.8165
vn 0.3636 0.5575 0.7463
vn 0.5466 0.5109 0.6635
vn 0.6195 0.5405 0.5693
vn 0.5479 0.6584 0.5161
vn 0.4421 0.7717 0.4573
vn 0.4399 0.8095 0.3887
vn 0.5166 0.7813 0.3502
vn 0.6345 0.7379 0.2300
vn 0.6950 0.7175 0.0463
vn 0.6649 0.7469 -0.0041
vn 0.5269 0.8482 -0.0552
vn 0.5241 0.8480 -0.0787
vn 0.5393 0.8354 -0.1064
vn 0.4905 0.8549 -0.1692
vn 0.3607 0.8740 -0.3258
vn 0.2390 0.8746 -0.4218
vn 0.1783 0.9078 -0.3796
vn 0.1326 0.9373 -0.3224
vn 0.0762 0.9206 -0.3831
vn 0.0089 0.8813 -0.4724
vn -0.0604 0.8442 -0.5326
vn -0.0898 0.7954 -0.5994
vn -0.0618 0.7893 -0.6108
vn 0.0987 0.8147 -0.5714
vn 0.2634 0.7983 -0.5416
vn 0.1726 0.8267 -0.5355
vn -0.0602 0.8218 -0.5666
vn -0.2347 0.7773 -0.5837
vn -0.2037 0.7170 -0.6666
vn -0.1623 0.6389 -0.7519
vn -0.2625 0.6128 -0.7454
vn -0.4249 0.5993 -0.6785
vn -0.4607 0.6892 -0.5593
vn -0.5402 0.6817 -0.4935
vn -0.5888 0.6300 -0.5063
vn -0.6089 0.6537 -0.4494
vn -0.6051 0.7528 -0.2592
vn -0.5820 0.8012 -0.1387
vn -0.5964 0.7903 -0.1405
vn -0.5694 0.8083 -0.1501
vn -0.4900 0.8692 -0.0660
vn -0.4262 0.9044 0.0171
vn -0.5715 0.8199 0.0345
vn -0.6991 0.7149 0.0142
vn -0.6642 0.7351 0.1354
vn -0.3938 0.8030 0.4474
vn -0.1989 0.8140 0.5458
vn -0.2207 0.8322 0.5087
vn -0.3707 0.8275 0.4217
vn -0.4578 0.7782 0.4299
vn -0.3894 0.7499 0.5348
vn -0.3772 0.7177 0.5854
vn -0.3216 0.7138 0.6221
vn -0.1723 0.7390 0.6514
vn -0.0214 0.7523 0.6585
vn -0.0109 0.7599 0.6499
vn -0.0337 0.7508 0.6596
vn 0.0261 0.7510 0.6598
vn 0.1646 0.6864 0.7083
vn 0.2466 0.6223 0.7429
vn 0.3219 0.6607 0.6781
vn 0.3299 0.6996 0.6339
vn 0.2256 0.6722 0.7051
vn 0.3049 0.5790 0.7562
vn 0.4532 0.5397 0.7095
vn 0.4791 0.6027 0.6381
vn 0.4175 0.6659 0.6183
vn 0.3086 0.7665 0.5633
vn 0.3537 0.8145 0.4599
vn 0.4903 0.8077 0.3276
vn 0.5327 0.8125 0.2368
vn 0.5993 0.7822 0.1703
vn 0.6662 0.7406 0.0877
vn 0.5979 0.7959 0.0955
vn 0.5461 0.8374 0.0226
vn 0.5914 0.8004 -0.0978
vn 0.6439 0.7448 -0.1751
vn 0.6397 0.7397 -0.2087
vn 0.5471 0.7425 -0.3864
vn 0.4108 0.7577 -0.5072
vn 0.3702 0.8058 -0.4622
vn 0.3170 0.8472 -0.4265
vn 0.1431 0.8425 -0.5194
vn 0.0182 0.8070 -0.5903
vn -0.0469 0.7599 -0.6483
vn -0.1104 0.6818 -0.7231
vn -0.0549 0.6888 -0.7229
vn 0.1262 0.7471 -0.6526
vn 0.2862 0.7304 -0.6202
vn 0.1267 0.7536 -0.6450
vn -0.1426 0.6923 -0.7074
vn -0.3414 0.6309 -0.6967
vn -0.3229 0.5835 -0.7451
vn -0.2321 0.5604 -0.7950
vn -0.3206 0.5433 -0.7760
vn -0.3495 0.5623 -0.7495
vn -0.5036 0.6331 -0.5879
vn -0.6088 0.6429 -0.4648
vn -0.5806 0.6155 -0.5331
vn -0.5373 0.6341 -0.5561
vn -0.5748 0.7460 -0.3363
vn -0.5812 0.8051 -0.1185
vn -0.5731 0.8022 -0.1676
vn -0.5462 0.7966 -0.2592
vn -0.5285 0.8298 -0.1792
vn -0.4927 0.8687 0.0509
vn -0.5581 0.8003 0.2194
vn -0.6951 0.6939 0.1883
vn -0.7362 0.6606 0.1474
vn -0.5172 0.7867 0.3371
vn -0.2548 0.8561 0.4496
vn -0.1501 0.8911 0.4282
vn -0.2403 0.8963 0.3726
vn -0.3213 0.8611 0.3941
vn -0.3114 0.8145 0.4896
vn -0.3118 0.7710 0.5552
vn -0.3052 0.7435 0.5951
vn -0.2105 0.7382 0.6409
vn -0.0581 0.7490 0.6601
vn -0.0271 0.7303 0.6826
vn -0.0239 0.6684 0.7434
vn 0.1102 0.6646 0.7391
vn 0.2460 0.5764 0.7793
vn 0.2057 0.5851 0.7844
vn 0.2741 0.6708 0.6892
vn 0.3413 0.7233 0.6003
vn 0.3325 0.6881 0.6450
vn 0.3422 0.6344 0.6931
vn 0.3379 0.6538 0.6770
vn 0.3126 0.7426 0.5923
vn 0.1673 0.7929 0.5860
vn 0.2342 0.8083 0.5402
vn 0.4279 0.7995 0.4215
vn 0.5372 0.7741 0.3349
vn 0.5541 0.8137 0.1760
vn 0.5438 0.8350 0.0841
vn 0.5834 0.8074 0.0881
vn 0.6218 0.7677 0.1548
vn 0.6151 0.7880 0.0255
vn 0.6503 0.7315 -0.2050
vn 0.6707 0.6867 -0.2804
vn 0.7047 0.6632 -0.2521
vn 0.6133 0.6670 -0.4230
vn 0.4800 0.7177 -0.5045
vn 0.4566 0.7678 -0.4495
vn 0.4310 0.7788 -0.4557
vn 0.2423 0.7509 -0.6144
vn 0.0737 0.6976 -0.7127
vn -0.0408 0.6594 -0.7507
vn -0.1548 0.6107 -0.7766
vn -0.0289 0.6395 -0.7683
vn 0.1807 0.7192 -0.6709
vn 0.2878 0.6457 -0.7072
vn -0.1107 0.6701 -0.7340
vn -0.2128 0.5281 -0.8221
vn -0.4055 0.4704 -0.7838
vn -0.3494 0.5409 -0.7650
vn -0.2328 0.6411 -0.7313
vn -0.2679 0.6463 -0.7145
vn -0.2505 0.6643 -0.7042
vn -0.5087 0.6088 -0.6087
vn -0.6818 0.5350 -0.4989
vn -0.6085 0.5291 -0.5914
vn -0.4821 0.5928 -0.6452
vn -0.5644 0.7049 -0.4296
vn -0.6648 0.7331 -0.1435
vn -0.6594 0.7255 -0.1970
vn -0.6505 0.6893 -0.3189
vn -0.6926 0.6837 -0.2297
vn -0.6933 0.7191 0.0465
vn -0.4964 0.8112 0.3089
vn -0.5503 0.7739 0.3136
vn -0.6770 0.7163 0.1693
vn -0.6194 0.7619 0.1894
vn -0.4172 0.8409 0.3448
vn -0.3126 0.8396 0.4442
vn -0.2696 0.8489 0.4546
vn -0.2605 0.8586 0.4416
vn -0.2126 0.8593 0.4652
vn -0.2207 0.8313 0.5101
vn -0.2323 0.8252 0.5148
vn -0.1748 0.8208 0.5438
vn -0.0681 0.8150 0.5754
vn -0.0028 0.7617 0.6480
vn 0.0438 0.5852 0.8097
vn 0.3364 0.5516 0.7633
vn 0.2452 0.4094 0.8788
vn 0.1406 0.4142 0.8993
vn 0.2548 0.4924 0.8323
vn 0.4250 0.5812 0.6939
vn 0.4078 0.6340 0.6571
vn 0.2922 0.6956 0.6563
vn 0.2139 0.7056 0.6755
vn 0.2290 0.7117 0.6642
vn 0.2138 0.7653 0.6071
vn 0.3638 0.7721 0.5211
vn 0.5681 0.7069 0.4212
vn 0.6086 0.6790 0.4106
vn 0.6255 0.7450 0.2317
vn 0.6084 0.7924 0.0453
vn 0.6120 0.7876 0.0716
vn 0.7463 0.6457 0.1617
vn 0.7779 0.6282 -0.0174
vn 0.6975 0.6559 -0.2888
vn 0.6536 0.6803 -0.3316
vn 0.7130 0.6390 -0.2885
vn 0.6605 0.6043 -0.4455
vn 0.5894 0.6360 -0.4981
vn 0.5560 0.6921 -0.4603
vn 0.5473 0.6120 -0.5709
vn 0.3331 0.5467 -0.7682
vn 0.1410 0.4836 -0.8638
vn -0.0004 0.5151 -0.8571
vn -0.1655 0.6009 -0.7820
vn -0.0417 0.7071 -0.7058
vn -0.1154 0.3968 -0.9106
vn -0.2593 0.3898 -0.8837
vn -0.3547 0.3828 -0.8530
vn -0.2431 0.5962 -0.7651
vn -0.2010 0.7253 -0.6584
vn -0.2270 0.6960 -0.6812
vn -0.3276 0.6732 -0.6630
vn -0.5733 0.5937 -0.5647
vn -0.7129 0.4602 -0.5292
vn -0.5648 0.4907 -0.6635
vn -0.4291 0.5759 -0.6958
vn -0.5982 0.6479 -0.4716
vn -0.7458 0.6460 -0.1627
vn -0.7600 0.6209 -0.1922
vn -0.7822 0.5363 -0.3173
vn -0.8025 0.5379 -0.2583
vn -0.8288 0.5555 -0.0674
vn -0.5389 0.8020 0.2577
vn -0.4994 0.7887 0.3584
vn -0.6748 0.6875 0.2682
vn -0.7535 0.6291 0.1908
vn -0.6471 0.6798 0.3452
vn -0.4792 0.6807 0.5541
vn -0.4173 0.7027 0.5763
vn -0.3780 0.7324 0.5662
vn -0.3154 0.7299 0.6064
vn -0.2493 0.7102 0.6584
vn -0.2635 0.7450 0.6128
vn -0.2507 0.7448 0.6185
vn -0.0637 0.7793 0.6235
vn 0.3362 0.5169 0.7872
vn 0.2688 0.5250 0.8075
vn 0.0656 0.4848 0.8722
vn 0.1801 0.4646 0.8670
vn 0.3860 0.5538 0.7378
vn 0.3221 0.6828 0.6558
vn 0.2508 0.7230 0.6437
vn 0.2491 0.6437 0.7237
vn 0.2667 0.5626 0.7825
vn 0.3482 0.6608 0.6649
vn 0.5264 0.7007 0.4816
vn 0.6396 0.6465 0.4158
vn 0.6262 0.6135 0.4812
vn 0.7097 0.6264 0.3223
vn 0.7764 0.6270 0.0637
vn 0.7635 0.6429 0.0617
vn 0.9221 0.3671 0.1224
vn 0.9225 0.3826 -0.0507
vn 0.8134 0.5071 -0.2851
vn 0.7266 0.6050 -0.3256
vn 0.7386 0.5718 -0.3571
vn 0.6917 0.5151 -0.5061
vn 0.6988 0.4695 -0.5397
vn 0.7379 0.3771 -0.5597
vn 0.5911 0.2822 -0.7556
vn 0.3763 0.2681 -0.8869
vn 0.1854 0.2314 -0.9550
vn 0.1152 0.2349 -0.9652
vn -0.0642 0.6336 -0.7710
vn -0.2684 0.5263 -0.8068
vn -0.1611 0.5555 -0.8157
vn -0.0844 0.7260 -0.6825
vn -0.2259 0.7420 -0.6312
vn -0.2910 0.6231 -0.7260
vn -0.4541 0.5688 -0.6858
vn -0.6682 0.5612 -0.4884
vn -0.6598 0.5355 -0.5272
vn -0.4401 0.5773 -0.6878
vn -0.3945 0.6112 -0.6862
vn -0.6196 0.6334 -0.4636
vn -0.7760 0.6139 -0.1446
vn -0.8028 0.5840 -0.1206
vn -0.8065 0.5240 -0.2738
vn -0.8003 0.5204 -0.2978
vn -0.8119 0.5391 -0.2241
vn -0.7631 0.6297 0.1454
vn -0.6535 0.6395 0.4050
vn -0.7034 0.5519 0.4479
vn -0.8237 0.4830 0.2969
vn -0.7916 0.4758 0.3833
vn -0.5946 0.5065 0.6245
vn -0.5340 0.5418 0.6491
vn -0.4941 0.5758 0.6514
vn -0.4134 0.5228 0.7455
vn -0.3095 0.5178 0.7976
vn -0.3598 0.5624 0.7444
vn -0.2924 0.6008 0.7440
vn 0.2515 0.6810 0.6877
vn 0.0588 0.6808 0.7301
vn 0.0742 0.6475 0.7584
vn 0.2210 0.7137 0.6646
vn 0.2271 0.7822 0.5802
vn 0.3099 0.7399 0.5971
vn 0.3512 0.5761 0.7381
vn 0.2561 0.4768 0.8409
vn 0.4520 0.4944 0.7425
vn 0.7065 0.4862 0.5143
vn 0.7524 0.4856 0.4451
vn 0.7009 0.5093 0.4994
vn 0.8082 0.4812 0.3394
vn 0.8768 0.4707 0.0980
vn 0.8835 0.4615 0.0798
vn 0.9907 0.1192 0.0648
vn 0.9856 0.1582 -0.0597
vn 0.9366 0.2871 -0.2008
vn 0.8707 0.4062 -0.2772
vn 0.8036 0.4143 -0.4273
vn 0.7182 0.3863 -0.5788
vn 0.7336 0.2794 -0.6196
vn 0.7337 0.0951 -0.6728
vn 0.5594 0.0923 -0.8237
vn 0.4003 0.0179 -0.9162
vn 0.2290 0.0281 -0.9730
vn 0.2483 0.0852 -0.9649
vn 0.1727 0.5762 -0.7989
vn -0.1808 0.7276 -0.6618
vn 0.0239 0.7169 -0.6968
vn -0.0709 0.7693 -0.6350
vn -0.3612 0.6777 -0.6405
vn -0.3808 0.5145 -0.7683
vn -0.4891 0.4758 -0.7310
vn -0.6802 0.5651 -0.4669
vn -0.5656 0.6388 -0.5216
vn -0.3467 0.6775 -0.6487
vn -0.3977 0.6557 -0.6418
vn -0.6442 0.6228 -0.4439
vn -0.8097 0.5730 -0.1269
vn -0.8383 0.5401 -0.0748
vn -0.7748 0.5730 -0.2672
vn -0.7494 0.5904 -0.2996
vn -0.8032 0.5438 -0.2432
vn -0.9049 0.4083 0.1206
vn -0.8261 0.3781 0.4179
vn -0.7268 0.4186 0.5445
vn -0.8021 0.4714 0.3665
vn -0.7894 0.4727 0.3916
vn -0.6457 0.4480 0.6183
vn -0.6154 0.3999 0.6793
vn -0.5789 0.4128 0.7031
vn -0.4318 0.3330 0.8382
vn -0.3401 0.4157 0.8435
vn -0.4565 0.4197 0.7845
vn -0.3499 0.4698 0.8104
vn 0.1811 0.6692 0.7207
vn 0.0792 0.7411 0.6667
vn -0.0014 0.7747 0.6323
vn 0.1128 0.8097 0.5759
vn 0.2568 0.8170 0.5163
vn 0.4511 0.7195 0.5280
vn 0.3978 0.5932 0.6999
vn 0.2769 0.4863 0.8288
vn 0.5863 0.1947 0.7863
vn 0.7967 0.2091 0.5670
vn 0.8268 0.2308 0.5129
vn 0.8063 0.3260 0.4935
vn 0.8714 0.3549 0.3386
vn 0.9433 0.3163 0.1012
vn 0.9732 0.2251 0.0478
vn 0.9967 0.0694 0.0416
vn 0.9960 0.0836 -0.0331
vn 0.9882 0.1032 -0.1131
vn 0.9667 0.1345 -0.2177
vn 0.8704 0.1938 -0.4525
vn 0.7561 0.2103 -0.6197
vn 0.6926 0.2065 -0.6912
vn 0.6304 0.1202 -0.7669
vn 0.5190 -0.0302 -0.8543
vn 0.4150 -0.0860 -0.9058
vn 0.2761 -0.0408 -0.9603
vn 0.3895 0.2709 -0.8803
vn 0.4720 0.2702 -0.8392
vn -0.0878 0.6723 -0.7351
vn 0.0560 0.6581 -0.7509
vn -0.2134 0.6473 -0.7317
vn -0.5300 0.5174 -0.6718
vn -0.4275 0.4561 -0.7806
vn -0.4252 0.4650 -0.7765
vn -0.6409 0.5679 -0.5165
vn -0.4986 0.6624 -0.5591
vn -0.3553 0.7063 -0.6123
vn -0.4446 0.6847 -0.5775
vn -0.6542 0.6467 -0.3921
vn -0.8023 0.5889 -0.0972
vn -0.8018 0.5891 -0.1000
vn -0.7492 0.5988 -0.2831
vn -0.7860 0.5645 -0.2520
vn -0.9245 0.3469 -0.1579
vn -0.9441 0.2733 0.1846
vn -0.8597 0.2624 0.4382
vn -0.7805 0.3515 0.5170
vn -0.8122 0.4780 0.3344
vn -0.7760 0.5022 0.3817
vn -0.6423 0.4317 0.6333
vn -0.6182 0.2899 0.7306
vn -0.6254 0.2413 0.7420
vn -0.3901 0.3121 0.8663
vn -0.3825 0.4949 0.7803
vn -0.4663 0.5439 0.6976
vn 0.1818 0.6649 0.7245
vn 0.0444 0.6603 0.7497
vn -0.0119 0.7464 0.6654
vn 0.1444 0.7587 0.6352
vn 0.4017 0.7445 0.5332
vn 0.5489 0.6875 0.4755
vn 0.4038 0.6858 0.6055
vn 0.3670 0.5616 0.7416
vn 0.6485 0.3290 0.6864
vn 0.8044 0.0795 0.5887
vn 0.8013 0.1481 0.5797
vn 0.8283 0.2216 0.5146
vn 0.9210 0.2303 0.3143
vn 0.9787 0.2025 0.0336
vn 0.9948 0.1007 -0.0154
vn 0.9737 0.2195 0.0617
vn 0.9919 0.1252 -0.0201
vn 0.9944 0.0203 -0.1042
vn 0.9784 -0.0153 -0.2062
vn 0.9045 0.0714 -0.4204
vn 0.7679 0.2019 -0.6079
vn 0.6499 0.1945 -0.7347
vn 0.5351 0.1476 -0.8318
vn 0.4778 0.0087 -0.8784
vn 0.4422 -0.0036 -0.8969
vn 0.3418 0.1030 -0.9341
vn 0.5185 0.2311 -0.8233
vn 0.4418 0.2328 -0.8664
vn 0.4690 0.2097 -0.8580
vn -0.0293 0.4557 -0.8897
vn 0.0003 0.4532 -0.8914
vn -0.3661 0.3458 -0.8639
vn -0.6068 0.3241 -0.7258
vn -0.4272 0.4318 -0.7944
vn -0.3655 0.4354 -0.8227
vn -0.6235 0.4631 -0.6299
vn -0.4649 0.6284 -0.6237
vn -0.3869 0.7119 -0.5861
vn -0.5000 0.6850 -0.5299
vn -0.7119 0.6162 -0.3368
vn -0.8076 0.5764 -0.1249
vn -0.8121 0.5715 -0.1174
vn -0.7827 0.5681 -0.2543
vn -0.8591 0.4812 -0.1746
vn -0.9693 0.2406 -0.0499
vn -0.9315 0.2665 0.2475
vn -0.8252 0.3615 0.4339
vn -0.7850 0.4416 0.4345
vn -0.8863 0.3787 0.2666
vn -0.8499 0.3360 0.4059
vn -0.6446 0.3129 0.6976
vn -0.5554 0.2112 0.8043
vn -0.6098 0.1516 0.7779
vn -0.4325 0.3633 0.8252
vn -0.4840 0.5404 0.6883
vn -0.4808 0.5743 0.6626
vn -0.2694 0.5849 0.7650
vn 0.0869 0.6215 0.7786
vn -0.0419 0.6095 0.7917
vn 0.0214 0.6474 0.7618
vn 0.2188 0.6229 0.7511
vn 0.4987 0.6126 0.6132
vn 0.5427 0.7090 0.4503
vn 0.4639 0.7123 0.5267
vn 0.5183 0.5945 0.6148
vn 0.7588 0.3663 0.5386
vn 0.7871 0.2412 0.5677
vn 0.7537 0.2330 0.6145
vn 0.8007 0.2165 0.5586
vn 0.9280 0.2290 0.2938
vn 0.9821 0.1831 -0.0435
vn 0.9797 0.1918 -0.0583
vn 0.9150 0.4006 0.0488
vn 0.9658 0.2449 -0.0856
vn 0.9697 0.1711 -0.1743
vn 0.9670 0.1199 -0.2250
vn 0.9201 0.1712 -0.3524
vn 0.8048 0.2939 -0.5156
vn 0.6106 0.2857 -0.7386
vn 0.4537 0.1603 -0.8766
vn 0.4562 0.1605 -0.8753
vn 0.4903 0.2273 -0.8414
vn 0.4059 0.2567 -0.8771
vn 0.5213 0.1323 -0.8431
vn 0.4145 0.1333 -0.9002
vn -0.0169 0.2300 -0.9730
vn -0.1095 0.0768 -0.9910
vn -0.3892 0.0784 -0.9178
vn -0.5647 0.1682 -0.8080
vn -0.4232 0.4255 -0.7999
vn -0.3652 0.4122 -0.8347
vn -0.5499 0.3238 -0.7699
vn -0.4389 0.5215 -0.7317
vn -0.4890 0.6117 -0.6218
vn -0.6454 0.5509 -0.5291
vn -0.8211 0.4651 -0.3309
vn -0.8599 0.4836 -0.1630
vn -0.8632 0.4893 -0.1244
vn -0.8520 0.4892 -0.1866
vn -0.9541 0.2891 -0.0779
vn -0.9855 0.1650 0.0390
vn -0.9446 0.2349 0.2293
vn -0.8365 0.4171 0.3553
vn -0.8110 0.4469 0.3775
vn -0.9129 0.2301 0.3371
vn -0.8769 0.1133 0.4671
vn -0.6743 0.1090 0.7304
vn -0.5139 0.1457 0.8454
vn -0.5673 0.2188 0.7939
vn -0.5652 0.3405 0.7514
vn -0.6286 0.3741 0.6818
vn -0.5300 0.3830 0.7566
vn -0.2923 0.3863 0.8748
vn 0.0331 0.4826 0.8752
vn -0.0557 0.4798 0.8756
vn 0.0959 0.4275 0.8989
vn 0.2871 0.3665 0.8850
vn 0.5269 0.3068 0.7926
vn 0.6643 0.3619 0.6540
vn 0.6761 0.4366 0.5936
vn 0.7345 0.3736 0.5665
vn 0.8357 0.2556 0.4861
vn 0.7699 0.3211 0.5515
vn 0.7194 0.3628 0.5924
vn 0.7874 0.2948 0.5415
vn 0.9430 0.2016 0.2649
vn 0.9907 0.1314 -0.0342
vn 0.9643 0.2636 -0.0236
vn 0.9509 0.3095 -0.0012
vn 0.9294 0.3377 -0.1488
vn 0.8971 0.3890 -0.2096
vn 0.9069 0.3460 -0.2403
vn 0.9082 0.2844 -0.3071
vn 0.8584 0.2517 -0.4470
vn 0.6152 0.2814 -0.7364
vn 0.3825 0.2393 -0.8924
vn 0.4465 0.2171 -0.8680
vn 0.5349 0.1784 -0.8259
vn 0.4365 0.1407 -0.8886
vn 0.4532 0.0053 -0.8914
vn 0.4150 0.0050 -0.9098
vn -0.0229 0.0243 -0.9994
vn -0.2044 -0.0743 -0.9761
vn -0.3331 -0.0748 -0.9399
vn -0.4206 0.0640 -0.9050
vn -0.4365 0.3875 -0.8120
vn -0.4329 0.3913 -0.8121
vn -0.4366 0.2447 -0.8657
vn -0.4368 0.3538 -0.8270
vn -0.6452 0.3590 -0.6744
vn -0.7996 0.2619 -0.5405
vn -0.9007 0.2495 -0.3555
vn -0.9279 0.3031 -0.2171
vn -0.9296 0.3389 -0.1450
vn -0.9544 0.2702 -0.1266
vn -0.9758 0.2186 0.0026
vn -0.9842 0.1217 0.1286
vn -0.9693 0.1661 0.1813
vn -0.9181 0.3190 0.2351
vn -0.8780 0.2928 0.3787
vn -0.8663 0.0774 0.4934
vn -0.8401 -0.0460 0.5405
vn -0.7023 -0.0446 0.7105
vn -0.5519 0.0039 0.8339
vn -0.5705 0.2668 0.7768
vn -0.6435 0.2564 0.7212
vn -0.6798 0.1091 0.7252
vn -0.5602 0.0109 0.8283
vn -0.3160 0.0113 0.9487
vn 0.0441 0.1924 0.9803
vn 0.0164 0.0397 0.9991
vn 0.1776 -0.0145 0.9840
vn 0.3569 -0.0670 0.9317
vn 0.5132 -0.0680 0.8556
vn 0.6554 -0.1012 0.7485
vn 0.7681 -0.0311 0.6396
vn 0.8320 0.0383 0.5535
vn 0.8347 0.0717 0.5461
vn 0.7741 0.2177 0.5944
vn 0.7656 0.3188 0.5587
vn 0.8322 0.2736 0.4822
vn 0.9532 0.2099 0.2177
vn 0.9837 0.1704 0.0575
vn 0.9549 0.2866 0.0782
vn 0.9937 0.1003 -0.0506
vn 0.9855 0.1002 -0.1371
vn 0.9516 0.2468 -0.1832
vn 0.8970 0.3496 -0.2706
vn 0.9094 0.2134 -0.3571
vn 0.8727 0.0562 -0.4851
vn 0.6666 0.0537 -0.7435
vn 0.3897 0.1248 -0.9125
vn 0.4439 0.0744 -0.8930
vn 0.5188 0.0760 -0.8515
vn 0.4219 -0.0365 -0.9059
vn 0.3762 -0.0510 -0.9251
vn 0.4224 -0.1037 -0.9005
vn -0.0490 0.0294 -0.9984
vn -0.2666 0.0298 -0.9633
vn -0.2487 0.0789 -0.9654
vn -0.2271 0.0786 -0.9707
vn -0.4558 0.2517 -0.8538
vn -0.5397 0.2720 -0.7967
vn -0.3823 0.1780 -0.9067
vn -0.4797 0.1796 -0.8588
vn -0.7425 0.1090 -0.6610
vn -0.8330 0.0525 -0.5508
vn -0.9081 0.1118 -0.4035
vn -0.9505 0.1767 -0.2557
vn -0.9746 0.1636 -0.1530
vn -0.9868 0.1403 -0.0806
vn -0.9927 0.1144 0.0381
vn -0.9756 0.1029 0.1939
vn -0.9863 0.0634 0.1525
vn -0.9841 0.1086 0.1406
vn -0.9069 0.1026 0.4087
vn -0.7881 0.0666 0.6119
vn -0.7912 0.0667 0.6079
vn -0.7252 0.0072 0.6885
vn -0.6320 -0.0189 0.7747
vn -0.6393 0.1622 0.7516
vn -0.6536 0.1069 0.7492
vn -0.6067 -0.0803 0.7909
vn -0.4899 -0.2230 0.8428
vn -0.3096 -0.2225 0.9245
vn 0.0800 -0.0979 0.9920
vn 0.1106 -0.1968 0.9742
vn 0.2100 -0.2059 0.9558
vn 0.3818 -0.1925 0.9040
vn 0.5220 -0.1942 0.8306
vn 0.5989 -0.2668 0.7551
vn 0.7105 -0.2559 0.6555
vn 0.8092 -0.1418 0.5701
vn 0.7795 0.0076 0.6264
vn 0.7518 0.0076 0.6594
vn 0.8258 0.1130 0.5525
vn 0.8802 0.1502 0.4503
vn 0.9674 0.1627 0.1939
vn 0.9768 0.1633 0.1387
vn 0.9767 0.1597 0.1432
vn 0.9965 -0.0522 -0.0655
vn 0.9993 0.0013 -0.0374
vn 0.9835 0.1540 -0.0952
vn 0.9366 0.1761 -0.3028
vn 0.8891 -0.0392 -0.4560
vn 0.8177 -0.0386 -0.5743
vn 0.6660 -0.2148 -0.7144
vn 0.4230 -0.1740 -0.8893
vn 0.4174 -0.0581 -0.9069
vn 0.4596 -0.0404 -0.8872
vn 0.4129 -0.0690 -0.9081
vn 0.3451 -0.0702 -0.9359
vn 0.4323 -0.1166 -0.8942
vn -0.0585 0.1150 -0.9916
vn -0.2784 0.1162 -0.9534
vn -0.2004 0.2279 -0.9528
vn -0.1234 0.2554 -0.9589
vn -0.4560 0.1399 -0.8789
vn -0.6065 -0.0012 -0.7951
vn -0.3959 -0.0726 -0.9154
vn -0.5334 -0.0918 -0.8409
vn -0.7718 0.0006 -0.6358
vn -0.8121 0.0006 -0.5835
vn -0.8892 0.1115 -0.4437
vn -0.9591 0.1335 -0.2498
vn -0.9880 0.0645 -0.1403
vn -0.9978 0.0151 -0.0651
vn -0.9989 0.0149 0.0442
vn -0.9749 0.0558 0.2157
vn -0.9860 -0.0565 0.1571
vn -0.9840 -0.1381 0.1129
vn -0.9018 -0.1379 0.4096
vn -0.7622 0.1873 0.6196
vn -0.7597 0.1503 0.6326
vn -0.7133 0.0049 0.7008
vn -0.6776 0.0049 0.7354
vn -0.6870 0.0808 0.7221
vn -0.6292 0.0518 0.7755
vn -0.5106 -0.0635 0.8575
vn -0.4189 -0.0632 0.9058
vn -0.2750 -0.1821 0.9441
vn 0.1091 -0.2094 0.9717
vn 0.1734 -0.1598 0.9718
vn 0.2151 -0.1686 0.9619
vn 0.3757 -0.1002 0.9213
vn 0.5726 -0.1010 0.8136
vn 0.6087 -0.1521 0.7787
vn 0.6641 -0.2109 0.7173
vn 0.7685 -0.2113 0.6039
vn 0.7409 -0.1509 0.6544
vn 0.7058 -0.0815 0.7037
vn 0.8175 0.0531 0.5735
vn 0.8863 0.0545 0.4598
vn 0.9766 0.0864 0.1967
vn 0.9895 0.0428 0.1383
vn 0.9917 -0.0519 0.1173
vn -0.0000 -1.0000 -0.0000
vn -0.9904 -0.0000 -0.1383
vn -0.9812 -0.1359 -0.1370
vn -0.9094 -0.3962 -0.1270
vn -0.7736 -0.6244 -0.1080
vn -0.5874 -0.8051 -0.0820
vn -0.3660 -0.9292 -0.0511
vn -0.1242 -0.9921 -0.0173
vn 0.1242 -0.9921 0.0173
vn 0.3660 -0.9292 0.0511
vn 0.5874 -0.8051 0.0820
vn 0.7736 -0.6244 0.1080
vn 0.9094 -0.3962 0.1270
vn 0.9812 -0.1359 0.1370
vn 0.9904 -0.0000 0.1383
vn -0.0548 0.6570 -0.7519
vn -0.0548 0.6571 -0.7518
vn 0.2359 0.6709 -0.7031
vn 0.2214 0.7154 -0.6627
vn -0.1147 0.5320 -0.8390
vn 0.0333 0.6639 -0.7471
vn -0.0650 0.8168 0.5732
vn -0.0685 0.8150 0.5755
vn 0.0659 0.8030 0.5923
vn 0.2246 0.7298 0.6457
vn 0.2461 0.4420 0.8626
vn 0.3318 0.4021 0.8533
vn 0.1960 0.4980 0.8447
vn -0.0365 0.5074 -0.8610
vn 0.0455 0.6444 -0.7634
vn -0.0417 0.7071 -0.7059
vn -0.2620 0.3871 -0.8840
vn -0.2583 0.3910 -0.8834
vn -0.2619 0.3914 -0.8822
vn -0.1854 0.7868 0.5887
vn -0.0638 0.7793 0.6234
vn -0.0807 0.7687 0.6345
vn 0.2401 0.5107 0.8256
vn 0.2712 0.4868 0.8303
vn 0.2362 0.5221 0.8195
vn -0.0641 0.6336 -0.7710
vn 0.2036 0.4004 -0.8934
vn -0.2085 0.4959 -0.8430
vn -0.2280 0.5549 -0.8000
vn -0.2533 0.5540 -0.7930
vn -0.3327 0.5625 0.7569
vn 0.2518 0.6813 0.6873
vn 0.1727 0.5762 -0.7988
vn 0.4081 0.3162 -0.8564
vn 0.4081 0.3163 -0.8564
vn -0.0934 0.6210 -0.7782
vn -0.4470 0.4771 0.7567
vn -0.4133 0.4690 0.7806
vn -0.4468 0.4197 0.7901
vn 0.2407 0.7391 0.6291
vn 0.4030 0.3674 -0.8382
vn 0.4720 0.2701 -0.8392
vn 0.4684 0.2695 -0.8414
vn -0.0210 0.5834 -0.8119
vn -0.0878 0.6723 -0.7350
vn -0.4276 0.5484 0.7186
vn -0.4532 0.4960 0.7406
vn -0.4764 0.4957 0.7262
vn 0.0939 0.5449 0.8332
vn 0.5183 0.2319 -0.8231
vn 0.5168 0.2361 -0.8229
vn 0.5157 0.2312 -0.8250
vn -0.0010 0.4110 -0.9116
vn -0.4519 0.5818 0.6762
vn -0.4798 0.5406 0.6910
vn -0.4794 0.5791 0.6595
vn 0.0366 0.5509 0.8338
vn 0.4461 0.0799 -0.8914
vn -0.3068 0.3682 0.8777
vn -0.0484 0.0669 -0.9966
vn 0.0751 0.2447 0.9667
vn 0.4088 -0.0775 -0.9093
vn -0.0592 0.0465 -0.9972
vn 0.1112 -0.0479 0.9926
vn 0.4227 -0.0977 -0.9010
vn -0.0284 0.0644 -0.9975
vn -0.3103 -0.2466 0.9181
vn -0.2751 -0.1821 0.9440
vn 0.0791 -0.2542 0.9639
vn -0.9781 -0.1821 -0.1006
vn -0.9817 -0.1330 -0.1361
vn -0.9812 -0.1359 -0.1369
vn -0.9093 -0.3962 -0.1269
vn -0.9093 -0.3962 -0.1270
vn -0.3659 -0.9292 -0.0511
vn 0.3659 -0.9292 0.0511
vn 0.5873 -0.8052 0.0820
vn 0.5875 -0.8051 0.0820
vn 0.7737 -0.6243 0.1080
vn 0.9095 -0.3958 0.1272
vn 0.9812 -0.1360 0.1369
vn 0.9903 -0.0001 0.1388
vn 0.1890 0.9756 -0.1114
vn 0.1868 0.9749 -0.1208
vn 0.1830 0.9738 -0.1349
vn 0.1836 0.9743 -0.1306
vn 0.1734 0.9730 -0.1520
vn 0.1638 0.9711 -0.1735
vn 0.1523 0.9684 -0.1974
vn 0.1469 0.9661 -0.2123
vn 0.1647 0.9654 -0.2022
vn 0.1773 0.9644 -0.1960
vn 0.1841 0.9640 -0.1918
vn 0.1820 0.9645 -0.1911
vn 0.1707 0.9665 -0.1918
vn 0.1389 0.9703 -0.1979
vn 0.1051 0.9737 -0.2023
vn 0.0565 0.9773 -0.2043
vn 0.0082 0.9787 -0.2050
vn -0.0450 0.9781 -0.2034
vn -0.0963 0.9756 -0.1976
vn -0.1428 0.9715 -0.1892
vn -0.1874 0.9660 -0.1781
vn -0.2140 0.9617 -0.1710
vn -0.2427 0.9571 -0.1584
vn -0.2620 0.9533 -0.1502
vn -0.2838 0.9493 -0.1354
vn -0.3001 0.9456 -0.1258
vn -0.3197 0.9414 -0.1076
vn -0.3355 0.9378 -0.0887
vn -0.3495 0.9339 -0.0748
vn -0.3485 0.9320 -0.0999
vn -0.3501 0.9313 -0.1008
vn -0.3521 0.9323 -0.0833
vn -0.3532 0.9331 -0.0675
vn -0.3528 0.9353 -0.0270
vn -0.3503 0.9366 -0.0005
vn -0.3374 0.9399 0.0520
vn -0.3243 0.9410 0.0962
vn -0.3113 0.9406 0.1352
vn -0.2933 0.9402 0.1733
vn -0.2923 0.9386 0.1832
vn -0.2761 0.9393 0.2039
vn -0.2670 0.9401 0.2121
vn -0.2543 0.9419 0.2193
vn -0.2460 0.9439 0.2203
vn -0.2181 0.9494 0.2260
vn -0.1954 0.9541 0.2268
vn -0.1571 0.9616 0.2252
vn -0.1189 0.9679 0.2215
vn -0.0670 0.9767 0.2039
vn -0.0219 0.9811 0.1924
vn 0.0314 0.9837 0.1769
vn 0.0663 0.9850 0.1593
vn 0.0998 0.9851 0.1402
vn 0.1184 0.9852 0.1238
vn 0.1268 0.9857 0.1111
vn 0.1305 0.9866 0.0983
vn 0.1370 0.9873 0.0800
vn 0.1520 0.9872 0.0476
vn 0.1687 0.9856 0.0104
vn 0.1779 0.9839 -0.0171
vn 0.1861 0.9815 -0.0453
vn 0.1882 0.9802 -0.0612
vn 0.1898 0.9784 -0.0815
vn 0.1893 0.9771 -0.0972
vn 0.3437 0.9386 -0.0305
vn 0.3396 0.9377 -0.0734
vn 0.3187 0.9401 -0.1207
vn 0.2961 0.9402 -0.1685
vn 0.2762 0.9367 -0.2154
vn 0.2574 0.9321 -0.2547
vn 0.2404 0.9275 -0.2861
vn 0.2263 0.9242 -0.3077
vn 0.2265 0.9232 -0.3106
vn 0.2417 0.9221 -0.3020
vn 0.2802 0.9201 -0.2735
vn 0.3027 0.9203 -0.2480
vn 0.2793 0.9297 -0.2402
vn 0.2353 0.9424 -0.2378
vn 0.1744 0.9561 -0.2353
vn 0.0886 0.9684 -0.2331
vn 0.0030 0.9736 -0.2283
vn -0.0879 0.9701 -0.2264
vn -0.1664 0.9609 -0.2212
vn -0.2237 0.9506 -0.2153
vn -0.2591 0.9428 -0.2097
vn -0.2865 0.9362 -0.2035
vn -0.3022 0.9325 -0.1980
vn -0.3151 0.9299 -0.1899
vn -0.3324 0.9273 -0.1723
vn -0.3479 0.9249 -0.1532
vn -0.3681 0.9216 -0.1229
vn -0.3894 0.9170 -0.0868
vn -0.4087 0.9112 -0.0522
vn -0.4282 0.9032 -0.0312
vn -0.4398 0.8974 -0.0357
vn -0.4414 0.8972 -0.0156
vn -0.4524 0.8918 0.0030
vn -0.4585 0.8875 0.0454
vn -0.4569 0.8839 0.1002
vn -0.4533 0.8785 0.1508
vn -0.4353 0.8736 0.2174
vn -0.4110 0.8665 0.2832
vn -0.3810 0.8566 0.3478
vn -0.3522 0.8452 0.4020
vn -0.3366 0.8321 0.4408
vn -0.3529 0.8225 0.4460
vn -0.3875 0.8161 0.4287
vn -0.3860 0.8192 0.4242
vn -0.3803 0.8261 0.4158
vn -0.3338 0.8456 0.4167
vn -0.2756 0.8666 0.4160
vn -0.1993 0.8892 0.4118
vn -0.1070 0.9091 0.4025
vn -0.0214 0.9242 0.3813
vn 0.0632 0.9298 0.3626
vn 0.1321 0.9306 0.3414
vn 0.1732 0.9308 0.3219
vn 0.2045 0.9312 0.3016
vn 0.2348 0.9313 0.2786
vn 0.2673 0.9302 0.2514
vn 0.3003 0.9283 0.2194
vn 0.3364 0.9252 0.1755
vn 0.3600 0.9230 0.1360
vn 0.3751 0.9216 0.0995
vn 0.3812 0.9220 0.0673
vn 0.3798 0.9241 0.0425
vn 0.3709 0.9284 0.0244
vn 0.3583 0.9336 0.0024
vn 0.3288 0.9396 0.0952
vn 0.2912 0.9566 0.0053
vn 0.2592 0.9630 -0.0736
vn 0.2374 0.9636 -0.1228
vn 0.2079 0.9610 -0.1826
vn 0.1807 0.9547 -0.2366
vn 0.1569 0.9452 -0.2862
vn 0.1457 0.9352 -0.3228
vn 0.1510 0.9268 -0.3439
vn 0.1765 0.9195 -0.3512
vn 0.2329 0.9117 -0.3384
vn 0.3279 0.8954 -0.3012
vn 0.3874 0.8828 -0.2657
vn 0.3393 0.9055 -0.2547
vn 0.2478 0.9362 -0.2493
vn 0.1342 0.9606 -0.2436
vn 0.0181 0.9739 -0.2264
vn -0.0956 0.9716 -0.2165
vn -0.1690 0.9649 -0.2010
vn -0.1898 0.9642 -0.1854
vn -0.1797 0.9689 -0.1701
vn -0.1564 0.9760 -0.1516
vn -0.1582 0.9800 -0.1206
vn -0.1674 0.9817 -0.0906
vn -0.1855 0.9809 -0.0587
vn -0.2145 0.9764 -0.0244
vn -0.2505 0.9680 0.0128
vn -0.2898 0.9557 0.0518
vn -0.3236 0.9429 0.0793
vn -0.3563 0.9289 0.1005
vn -0.3901 0.9146 0.1063
vn -0.4311 0.8898 0.1500
vn -0.4686 0.8665 0.1719
vn -0.4640 0.8628 0.2008
vn -0.4983 0.8432 0.2017
vn -0.5135 0.8307 0.2153
vn -0.5106 0.8245 0.2440
vn -0.4830 0.8250 0.2935
vn -0.4355 0.8270 0.3556
vn -0.3776 0.8264 0.4177
vn -0.3445 0.8243 0.4493
vn -0.3400 0.8242 0.4529
vn -0.3623 0.8215 0.4404
vn -0.3956 0.8136 0.4261
vn -0.3740 0.8185 0.4361
vn -0.3083 0.8277 0.4689
vn -0.2230 0.8340 0.5046
vn -0.1397 0.8330 0.5353
vn -0.0547 0.8300 0.5551
vn 0.0225 0.8255 0.5639
vn 0.0964 0.8310 0.5478
vn 0.1601 0.8384 0.5210
vn 0.1956 0.8475 0.4935
vn 0.2124 0.8598 0.4644
vn 0.2430 0.8736 0.4215
vn 0.2719 0.8872 0.3729
vn 0.3026 0.8991 0.3162
vn 0.3448 0.9070 0.2416
vn 0.3829 0.9080 0.1700
vn 0.4056 0.9062 0.1192
vn 0.4072 0.9079 0.1000
vn 0.3892 0.9147 0.1092
vn 0.3608 0.9242 0.1254
vn 0.3274 0.9357 0.1316
vn 0.1743 0.9697 0.1711
vn 0.1656 0.9852 0.0437
vn 0.1439 0.9886 -0.0442
vn 0.1258 0.9857 -0.1125
vn 0.1136 0.9780 -0.1747
vn 0.0995 0.9677 -0.2315
vn 0.0858 0.9561 -0.2802
vn 0.0780 0.9462 -0.3139
vn 0.0745 0.9375 -0.3399
vn 0.0905 0.9306 -0.3546
vn 0.1306 0.9233 -0.3613
vn 0.2160 0.9091 -0.3561
vn 0.3323 0.8763 -0.3488
vn 0.3696 0.8548 -0.3642
vn 0.2884 0.8756 -0.3874
vn 0.1660 0.9013 -0.4001
vn 0.0456 0.9236 -0.3807
vn -0.0688 0.9336 -0.3516
vn -0.0952 0.9472 -0.3062
vn -0.0430 0.9662 -0.2543
vn 0.0152 0.9806 -0.1955
vn -0.0051 0.9918 -0.1276
vn -0.0355 0.9969 -0.0696
vn -0.0665 0.9975 -0.0233
vn -0.0963 0.9952 0.0153
vn -0.1332 0.9894 0.0576
vn -0.1821 0.9772 0.1090
vn -0.2372 0.9576 0.1634
vn -0.2941 0.9326 0.2090
vn -0.3343 0.9173 0.2164
vn -0.3637 0.9096 0.2007
vn -0.4085 0.8666 0.2865
vn -0.4554 0.8243 0.3363
vn -0.4967 0.7962 0.3455
vn -0.5137 0.8068 0.2918
vn -0.5601 0.7961 0.2293
vn -0.5769 0.7966 0.1806
vn -0.5492 0.8158 0.1813
vn -0.4811 0.8477 0.2236
vn -0.3786 0.8774 0.2947
vn -0.3101 0.8932 0.3256
vn -0.2848 0.9023 0.3236
vn -0.2875 0.9061 0.3103
vn -0.2842 0.9051 0.3164
vn -0.2386 0.8981 0.3693
vn -0.1567 0.8806 0.4471
vn -0.0810 0.8502 0.5202
vn -0.0331 0.8170 0.5757
vn -0.0081 0.7913 0.6114
vn 0.0292 0.7829 0.6214
vn 0.0889 0.7917 0.6044
vn 0.1172 0.8082 0.5771
vn 0.0889 0.8335 0.5454
vn 0.0665 0.8635 0.4999
vn 0.0750 0.8981 0.4333
vn 0.1121 0.9292 0.3523
vn 0.1615 0.9499 0.2674
vn 0.1900 0.9625 0.1937
vn 0.2587 0.9625 0.0820
vn 0.3007 0.9535 0.0215
vn 0.3016 0.9527 0.0379
vn 0.2746 0.9559 0.1040
vn 0.2322 0.9557 0.1807
vn 0.1965 0.9570 0.2133
vn 0.1395 0.9882 0.0632
vn 0.1291 0.9900 -0.0568
vn 0.1509 0.9723 -0.1785
vn 0.1782 0.9452 -0.2734
vn 0.2090 0.9164 -0.3414
vn 0.2415 0.8956 -0.3736
vn 0.2621 0.8897 -0.3739
vn 0.2282 0.8935 -0.3868
vn 0.1829 0.8997 -0.3963
vn 0.0981 0.8950 -0.4351
vn 0.0664 0.8771 -0.4757
vn 0.1059 0.8521 -0.5125
vn 0.2099 0.8123 -0.5442
vn 0.3217 0.7533 -0.5736
vn 0.2891 0.7315 -0.6175
vn 0.1963 0.7393 -0.6442
vn 0.0826 0.7618 -0.6425
vn -0.0224 0.8111 -0.5845
vn -0.0359 0.8439 -0.5352
vn 0.0234 0.8733 -0.4866
vn 0.0093 0.8995 -0.4369
vn -0.0220 0.9294 -0.3685
vn -0.0631 0.9563 -0.2854
vn -0.1303 0.9730 -0.1905
vn -0.1802 0.9772 -0.1123
vn -0.2254 0.9736 -0.0359
vn -0.2854 0.9565 0.0598
vn -0.3464 0.9248 0.1571
vn -0.3824 0.8978 0.2186
vn -0.4036 0.8833 0.2384
vn -0.4087 0.8884 0.2092
vn -0.4172 0.8531 0.3132
vn -0.4269 0.8187 0.3840
vn -0.4455 0.8088 0.3840
vn -0.4686 0.8255 0.3146
vn -0.5177 0.8290 0.2116
vn -0.5553 0.8254 0.1023
vn -0.5432 0.8366 0.0712
vn -0.4542 0.8748 0.1684
vn -0.3778 0.8882 0.2616
vn -0.3333 0.8946 0.2976
vn -0.3205 0.9025 0.2877
vn -0.3138 0.9121 0.2638
vn -0.2724 0.9249 0.2651
vn -0.1565 0.9353 0.3173
vn -0.0153 0.9182 0.3958
vn 0.0260 0.8847 0.4654
vn -0.0049 0.8606 0.5093
vn -0.0563 0.8523 0.5200
vn -0.0666 0.8819 0.4667
vn 0.0146 0.8993 0.4371
vn 0.0376 0.9076 0.4182
vn -0.0048 0.9087 0.4174
vn -0.0540 0.9116 0.4076
vn -0.0815 0.9260 0.3686
vn -0.0407 0.9572 0.2866
vn 0.0716 0.9827 0.1706
vn 0.2127 0.9749 0.0661
vn 0.2124 0.9753 0.0602
vn 0.1803 0.9825 0.0473
vn 0.1183 0.9897 0.0809
vn 0.0649 0.9889 0.1339
vn 0.0583 0.9864 0.1539
vn 0.0926 0.9873 0.1294
vn 0.1758 0.9797 -0.0967
vn 0.2457 0.9515 -0.1850
vn 0.2763 0.9176 -0.2857
vn 0.2830 0.8873 -0.3642
vn 0.2697 0.8573 -0.4384
vn 0.2708 0.8290 -0.4893
vn 0.3318 0.8130 -0.4785
vn 0.4041 0.8106 -0.4237
vn 0.2823 0.8315 -0.4784
vn 0.1697 0.8192 -0.5479
vn 0.1122 0.8043 -0.5836
vn 0.1022 0.7965 -0.5959
vn 0.1311 0.7849 -0.6056
vn 0.2086 0.7502 -0.6274
vn 0.2495 0.6976 -0.6716
vn 0.2046 0.6840 -0.7002
vn 0.1148 0.6991 -0.7058
vn 0.0053 0.7267 -0.6869
vn -0.0242 0.7640 -0.6448
vn -0.0328 0.7654 -0.6427
vn -0.0803 0.7735 -0.6287
vn -0.1359 0.7899 -0.5980
vn -0.1894 0.8169 -0.5448
vn -0.2189 0.8607 -0.4597
vn -0.2736 0.9003 -0.3384
vn -0.3324 0.9205 -0.2052
vn -0.3766 0.9241 -0.0650
vn -0.3856 0.9207 0.0600
vn -0.3710 0.9164 0.1499
vn -0.3570 0.9111 0.2059
vn -0.3584 0.9066 0.2227
vn -0.3590 0.8734 0.3292
vn -0.3592 0.8535 0.3776
vn -0.3696 0.8711 0.3234
vn -0.3684 0.9020 0.2250
vn -0.3677 0.9223 0.1193
vn -0.3684 0.9269 0.0717
vn -0.3875 0.9155 0.1077
vn -0.4152 0.8904 0.1865
vn -0.3795 0.8842 0.2726
vn -0.3482 0.8835 0.3133
vn -0.3573 0.8834 0.3033
vn -0.3624 0.8879 0.2835
vn -0.3051 0.9041 0.2993
vn -0.1556 0.9189 0.3625
vn 0.0286 0.9033 0.4281
vn 0.0292 0.8886 0.4577
vn -0.0656 0.8906 0.4500
vn -0.1530 0.9219 0.3559
vn -0.1398 0.9362 0.3223
vn 0.0121 0.9505 0.3103
vn 0.1177 0.9334 0.3391
vn 0.1130 0.9041 0.4121
vn 0.0279 0.8769 0.4799
vn -0.0302 0.8684 0.4949
vn 0.0222 0.9024 0.4304
vn 0.1726 0.9442 0.2805
vn 0.2646 0.9545 0.1379
vn 0.2664 0.9568 0.1164
vn 0.1762 0.9697 0.1692
vn 0.0981 0.9750 0.1996
vn 0.0660 0.9780 0.1980
vn 0.0997 0.9872 0.1241
vn 0.1766 0.9843 0.0042
vn 0.3894 0.9045 -0.1739
vn 0.4156 0.8805 -0.2281
vn 0.4156 0.8733 -0.2542
vn 0.3635 0.8882 -0.2810
vn 0.2604 0.8995 -0.3509
vn 0.1736 0.8966 -0.4075
vn 0.1741 0.9033 -0.3921
vn 0.1872 0.8933 -0.4087
vn 0.2465 0.8470 -0.4710
vn 0.2225 0.8330 -0.5066
vn 0.1162 0.8441 -0.5234
vn 0.0505 0.8462 -0.5305
vn 0.0352 0.8348 -0.5495
vn 0.0789 0.8077 -0.5843
vn 0.1897 0.7540 -0.6288
vn 0.2258 0.7226 -0.6534
vn 0.1577 0.7426 -0.6510
vn 0.0271 0.7825 -0.6221
vn -0.0827 0.7643 -0.6395
vn -0.0853 0.7434 -0.6634
vn -0.1045 0.7425 -0.6616
vn -0.1760 0.7484 -0.6395
vn -0.2709 0.7486 -0.6052
vn -0.3211 0.7546 -0.5723
vn -0.3083 0.8007 -0.5136
vn -0.3868 0.8509 -0.3554
vn -0.4713 0.8648 -0.1732
vn -0.4796 0.8756 -0.0578
vn -0.4346 0.9005 0.0140
vn -0.3745 0.9237 0.0803
vn -0.3830 0.9104 0.1568
vn -0.3454 0.8990 0.2692
vn -0.3074 0.9141 0.2643
vn -0.2542 0.9560 0.1468
vn -0.1847 0.9823 0.0297
vn -0.1146 0.9934 -0.0013
vn -0.0758 0.9947 0.0701
vn -0.1201 0.9812 0.1510
vn -0.2222 0.9552 0.1955
vn -0.2845 0.9270 0.2443
vn -0.2756 0.9141 0.2975
vn -0.3221 0.9000 0.2937
vn -0.3404 0.8917 0.2983
vn -0.2686 0.8911 0.3657
vn -0.1335 0.8718 0.4713
vn 0.0067 0.8378 0.5459
vn -0.0107 0.8374 0.5466
vn -0.1137 0.8480 0.5177
vn -0.1730 0.8668 0.4677
vn -0.0911 0.8696 0.4852
vn 0.1359 0.8570 0.4971
vn 0.2698 0.8168 0.5099
vn 0.2986 0.7686 0.5658
vn 0.2131 0.7250 0.6550
vn 0.0919 0.7086 0.6996
vn 0.1539 0.7504 0.6429
vn 0.3285 0.8135 0.4799
vn 0.4339 0.8415 0.3218
vn 0.4306 0.8582 0.2795
vn 0.3829 0.8655 0.3230
vn 0.3252 0.8734 0.3625
vn 0.3078 0.8931 0.3283
vn 0.3451 0.9221 0.1749
vn 0.3952 0.9180 -0.0347
vn 0.5396 0.8347 -0.1100
vn 0.4852 0.8569 -0.1744
vn 0.4482 0.8809 -0.1522
vn 0.3856 0.9146 -0.1218
vn 0.2536 0.9497 -0.1837
vn 0.1024 0.9574 -0.2699
vn 0.0384 0.9586 -0.2823
vn 0.0407 0.9559 -0.2908
vn 0.0604 0.9524 -0.2989
vn 0.0879 0.9455 -0.3134
vn 0.0294 0.9329 -0.3590
vn -0.0601 0.9123 -0.4050
vn -0.0878 0.8837 -0.4596
vn -0.0303 0.8554 -0.5171
vn 0.1278 0.8220 -0.5550
vn 0.2416 0.7846 -0.5710
vn 0.1807 0.8116 -0.5556
vn 0.0062 0.8206 -0.5715
vn -0.1464 0.7915 -0.5934
vn -0.1090 0.7707 -0.6278
vn -0.0856 0.7700 -0.6323
vn -0.1677 0.7789 -0.6043
vn -0.3197 0.7640 -0.5604
vn -0.3772 0.7405 -0.5561
vn -0.4421 0.7097 -0.5485
vn -0.5186 0.7194 -0.4621
vn -0.5966 0.7432 -0.3030
vn -0.6097 0.7686 -0.1936
vn -0.5774 0.8054 -0.1336
vn -0.5198 0.8509 -0.0758
vn -0.4485 0.8937 0.0154
vn -0.4527 0.8837 0.1190
vn -0.3537 0.9312 0.0885
vn -0.2454 0.9691 -0.0262
vn -0.1527 0.9829 -0.1027
vn -0.0616 0.9974 -0.0383
vn 0.0253 0.9858 0.1659
vn -0.0078 0.9573 0.2890
vn -0.1438 0.9398 0.3100
vn -0.2909 0.9145 0.2813
vn -0.3003 0.9076 0.2933
vn -0.2596 0.9147 0.3098
vn -0.2980 0.8938 0.3351
vn -0.2393 0.8762 0.4183
vn -0.1077 0.8516 0.5131
vn 0.0070 0.8215 0.5702
vn -0.0044 0.8198 0.5727
vn -0.0780 0.8163 0.5724
vn -0.0890 0.7967 0.5978
vn 0.0416 0.7075 0.7054
vn 0.2342 0.6784 0.6964
vn 0.3470 0.6562 0.6701
vn 0.3544 0.6491 0.6731
vn 0.2371 0.6494 0.7226
vn 0.1724 0.6360 0.7522
vn 0.3124 0.6486 0.6941
vn 0.4929 0.6158 0.6147
vn 0.5434 0.6673 0.5094
vn 0.4825 0.7358 0.4752
vn 0.4338 0.7789 0.4530
vn 0.4743 0.7830 0.4025
vn 0.5206 0.7781 0.3514
vn 0.5567 0.8017 0.2177
vn 0.5425 0.8392 0.0380
vn 0.6689 0.7434 -0.0043
vn 0.5948 0.8012 -0.0661
vn 0.5098 0.8570 -0.0749
vn 0.4464 0.8920 -0.0718
vn 0.3806 0.9177 -0.1142
vn 0.2263 0.9461 -0.2318
vn 0.0960 0.9525 -0.2888
vn 0.0782 0.9605 -0.2672
vn 0.0650 0.9706 -0.2317
vn -0.0034 0.9692 -0.2464
vn -0.0576 0.9443 -0.3241
vn -0.1042 0.9079 -0.4061
vn -0.1294 0.8821 -0.4530
vn -0.0882 0.8736 -0.4786
vn 0.0878 0.8668 -0.4909
vn 0.2581 0.8451 -0.4681
vn 0.1734 0.8569 -0.4855
vn -0.0550 0.8481 -0.5269
vn -0.2285 0.7989 -0.5563
vn -0.1916 0.7534 -0.6291
vn -0.1242 0.7330 -0.6688
vn -0.2043 0.7375 -0.6437
vn -0.3519 0.7422 -0.5703
vn -0.4478 0.7100 -0.5435
vn -0.5622 0.6462 -0.5161
vn -0.5818 0.6409 -0.5007
vn -0.5618 0.7136 -0.4184
vn -0.6047 0.7532 -0.2590
vn -0.6381 0.7530 -0.1608
vn -0.6154 0.7746 -0.1458
vn -0.5208 0.8418 -0.1417
vn -0.4038 0.9129 -0.0603
vn -0.4045 0.9144 0.0159
vn -0.3524 0.9358 0.0018
vn -0.3648 0.9286 -0.0676
vn -0.3453 0.9383 0.0171
vn -0.1893 0.9265 0.3251
vn -0.1133 0.8715 0.4771
vn -0.1927 0.8541 0.4831
vn -0.3595 0.8382 0.4102
vn -0.4225 0.8196 0.3870
vn -0.3264 0.8363 0.4405
vn -0.3132 0.8273 0.4664
vn -0.2819 0.8011 0.5280
vn -0.1517 0.7947 0.5877
vn -0.0104 0.7922 0.6102
vn -0.0049 0.7963 0.6049
vn -0.0313 0.7951 0.6056
vn 0.0253 0.7669 0.6413
vn 0.1719 0.6098 0.7737
vn 0.2491 0.6053 0.7560
vn 0.3311 0.6214 0.7101
vn 0.3545 0.6265 0.6942
vn 0.2489 0.6195 0.7445
vn 0.2830 0.6251 0.7275
vn 0.4692 0.5017 0.7267
vn 0.5180 0.5276 0.6733
vn 0.4417 0.6324 0.6364
vn 0.3449 0.7316 0.5881
vn 0.3891 0.7863 0.4799
vn 0.5207 0.7831 0.3401
vn 0.6255 0.7346 0.2629
vn 0.6777 0.7122 0.1831
vn 0.6663 0.7405 0.0877
vn 0.5965 0.7969 0.0955
vn 0.5946 0.8039 0.0158
vn 0.5228 0.8487 -0.0798
vn 0.5126 0.8495 -0.1248
vn 0.5246 0.8379 -0.1507
vn 0.4244 0.8529 -0.3041
vn 0.3005 0.8604 -0.4116
vn 0.2826 0.8845 -0.3712
vn 0.2341 0.9169 -0.3233
vn 0.0612 0.9227 -0.3807
vn -0.0419 0.8891 -0.4558
vn -0.0937 0.8509 -0.5169
vn -0.1572 0.8141 -0.5591
vn -0.0819 0.7973 -0.5980
vn 0.1167 0.8043 -0.5827
vn 0.2793 0.8059 -0.5220
vn 0.1288 0.8067 -0.5768
vn -0.1297 0.7815 -0.6103
vn -0.3261 0.7128 -0.6210
vn -0.3084 0.6480 -0.6964
vn -0.2177 0.6073 -0.7641
vn -0.3049 0.5881 -0.7491
vn -0.2995 0.6700 -0.6792
vn -0.4786 0.6787 -0.5571
vn -0.6157 0.6310 -0.4720
vn -0.5603 0.6475 -0.5166
vn -0.4619 0.7279 -0.5068
vn -0.5178 0.7988 -0.3061
vn -0.6002 0.7899 -0.1256
vn -0.5660 0.8076 -0.1656
vn -0.4645 0.8518 -0.2423
vn -0.3965 0.9030 -0.1655
vn -0.4016 0.9147 0.0451
vn -0.4061 0.8941 0.1888
vn -0.5517 0.8207 0.1484
vn -0.6783 0.7242 0.1241
vn -0.5743 0.7315 0.3675
vn -0.3451 0.7831 0.5175
vn -0.2321 0.8298 0.5074
vn -0.2941 0.8536 0.4300
vn -0.3560 0.8262 0.4367
vn -0.3404 0.7745 0.5332
vn -0.3250 0.7472 0.5797
vn -0.3162 0.7172 0.6211
vn -0.2190 0.7119 0.6673
vn -0.0626 0.7304 0.6801
vn -0.0238 0.7525 0.6582
vn -0.0197 0.7603 0.6493
vn 0.1094 0.6887 0.7167
vn 0.2428 0.6225 0.7440
vn 0.1925 0.6625 0.7239
vn 0.2660 0.6995 0.6632
vn 0.3573 0.6816 0.6385
vn 0.3726 0.5867 0.7190
vn 0.3858 0.5316 0.7541
vn 0.3750 0.5849 0.7192
vn 0.3758 0.6551 0.6554
vn 0.2295 0.7300 0.6437
vn 0.2729 0.7749 0.5701
vn 0.4394 0.7898 0.4279
vn 0.5027 0.8029 0.3205
vn 0.5954 0.7812 0.1877
vn 0.6644 0.7401 0.1039
vn 0.6620 0.7437 0.0930
vn 0.5479 0.8221 0.1549
vn 0.5377 0.8424 0.0353
vn 0.5052 0.8473 -0.1637
vn 0.5536 0.7994 -0.2336
vn 0.6306 0.7461 -0.2139
vn 0.5544 0.7385 -0.3837
vn 0.4693 0.7309 -0.4955
vn 0.4590 0.7649 -0.4519
vn 0.4059 0.8088 -0.4255
vn 0.1883 0.8282 -0.5279
vn 0.0149 0.8080 -0.5890
vn -0.0868 0.7735 -0.6278
vn -0.1853 0.7145 -0.6746
vn -0.0624 0.6930 -0.7182
vn 0.1828 0.7041 -0.6862
vn 0.2834 0.7286 -0.6236
vn 0.0344 0.6893 -0.7236
vn -0.2038 0.6413 -0.7398
vn -0.3955 0.5786 -0.7134
vn -0.3450 0.5646 -0.7498
vn -0.2635 0.5381 -0.8006
vn -0.3015 0.5563 -0.7743
vn -0.2791 0.6047 -0.7459
vn -0.4928 0.6403 -0.5892
vn -0.6411 0.6176 -0.4556
vn -0.5481 0.6363 -0.5429
vn -0.4035 0.6972 -0.5925
vn -0.4749 0.7937 -0.3802
vn -0.5870 0.8014 -0.1146
vn -0.5681 0.8049 -0.1714
vn -0.5071 0.8121 -0.2888
vn -0.4955 0.8428 -0.2101
vn -0.5065 0.8615 0.0359
vn -0.4540 0.8395 0.2984
vn -0.5330 0.7880 0.3081
vn -0.6980 0.6938 0.1774
vn -0.7089 0.6650 0.2349
vn -0.4859 0.7811 0.3922
vn -0.2810 0.8652 0.4153
vn -0.1977 0.9060 0.3742
vn -0.2218 0.8932 0.3911
vn -0.2204 0.8504 0.4777
vn -0.2362 0.8080 0.5397
vn -0.2616 0.7691 0.5832
vn -0.2054 0.7413 0.6389
vn -0.0871 0.7316 0.6762
vn -0.0053 0.7444 0.6677
vn 0.0499 0.7254 0.6865
vn 0.1966 0.5804 0.7903
vn 0.2380 0.5842 0.7760
vn 0.1011 0.6646 0.7403
vn 0.2000 0.7212 0.6632
vn 0.3908 0.6886 0.6108
vn 0.4057 0.6393 0.6532
vn 0.3157 0.6499 0.6914
vn 0.2092 0.7127 0.6695
vn 0.1636 0.7912 0.5893
vn 0.1923 0.7873 0.5858
vn 0.3613 0.7745 0.5192
vn 0.5104 0.7666 0.3896
vn 0.4896 0.7943 0.3597
vn 0.5198 0.8304 0.2007
vn 0.5878 0.8079 0.0422
vn 0.5991 0.7975 0.0707
vn 0.6146 0.7718 0.1628
vn 0.6298 0.7768 0.0037
vn 0.5810 0.7733 -0.2539
vn 0.6133 0.7243 -0.3149
vn 0.6752 0.6869 -0.2691
vn 0.6218 0.6612 -0.4197
vn 0.5717 0.6629 -0.4834
vn 0.5342 0.7225 -0.4389
vn 0.4513 0.7676 -0.4552
vn 0.2317 0.7558 -0.6125
vn 0.0555 0.7061 -0.7059
vn -0.0476 0.6629 -0.7472
vn -0.1703 0.6197 -0.7662
vn -0.2558 0.4818 -0.8381
vn -0.3417 0.5413 -0.7683
vn -0.2323 0.6410 -0.7315
vn -0.2312 0.6422 -0.7308
vn -0.2415 0.6628 -0.7088
vn -0.3634 0.5950 -0.7169
vn -0.5979 0.5365 -0.5956
vn -0.6843 0.5326 -0.4981
vn -0.5079 0.5995 -0.6186
vn -0.3834 0.6422 -0.6638
vn -0.5399 0.7180 -0.4393
vn -0.6753 0.7249 -0.1363
vn -0.6903 0.7026 -0.1729
vn -0.6759 0.6736 -0.2990
vn -0.6722 0.6972 -0.2492
vn -0.6008 0.7958 -0.0756
vn -0.5621 0.7841 0.2630
vn -0.4824 0.8020 0.3522
vn -0.5795 0.7818 0.2303
vn -0.6813 0.7154 0.1552
vn -0.5713 0.7654 0.2963
vn -0.3497 0.8271 0.4400
vn -0.3036 0.8375 0.4542
vn -0.2817 0.8511 0.4431
vn -0.2276 0.8539 0.4679
vn -0.1667 0.8529 0.4947
vn -0.2200 0.8313 0.5105
vn -0.1704 0.8231 0.5418
vn 0.2408 0.4144 0.8777
vn 0.0662 0.4808 0.8743
vn 0.1581 0.5730 0.8042
vn 0.3631 0.6337 0.6831
vn 0.3151 0.6983 0.6427
vn 0.2549 0.7156 0.6504
vn 0.2126 0.7062 0.6753
vn 0.1543 0.7385 0.6563
vn 0.2859 0.7418 0.6066
vn 0.5286 0.6980 0.4831
vn 0.6132 0.6802 0.4017
vn 0.5400 0.7152 0.4438
vn 0.5589 0.7819 0.2763
vn 0.6148 0.7877 0.0392
vn 0.6285 0.7759 0.0537
vn 0.7703 0.6237 0.1327
vn 0.7713 0.6360 -0.0249
vn 0.7331 0.6274 -0.2625
vn 0.6896 0.6542 -0.3106
vn 0.6603 0.6812 -0.3163
vn 0.6227 0.6331 -0.4599
vn 0.6334 0.6024 -0.4857
vn 0.6285 0.6368 -0.4466
vn 0.4438 0.6864 -0.5761
vn 0.2815 0.5828 -0.7623
vn 0.1112 0.5051 -0.8559
vn 0.0618 0.4685 -0.8813
vn -0.1554 0.5930 -0.7901
vn -0.0884 0.7121 -0.6965
vn -0.2434 0.6978 -0.6736
vn -0.2740 0.6663 -0.6935
vn -0.4459 0.5896 -0.6735
vn -0.7065 0.4605 -0.5373
vn -0.6747 0.5004 -0.5426
vn -0.4391 0.5791 -0.6870
vn -0.4107 0.5862 -0.6984
vn -0.6191 0.6342 -0.4633
vn -0.7717 0.6196 -0.1430
vn -0.8290 0.5445 -0.1277
vn -0.8242 0.4942 -0.2766
vn -0.8180 0.4917 -0.2986
vn -0.7004 0.6774 -0.2250
vn -0.6963 0.7051 0.1341
vn -0.5092 0.7847 0.3534
vn -0.4999 0.7889 0.3573
vn -0.6895 0.6873 0.2282
vn -0.7003 0.6367 0.3228
vn -0.5055 0.6650 0.5498
vn -0.4604 0.6774 0.5737
vn -0.4267 0.7040 0.5678
vn -0.3232 0.7255 0.6077
vn -0.2343 0.7191 0.6543
vn -0.3094 0.7145 0.6275
vn 0.0935 0.4584 0.8838
vn 0.0995 0.5351 0.8389
vn 0.2350 0.6757 0.6987
vn 0.2574 0.7240 0.6400
vn 0.3506 0.6638 0.6607
vn 0.3476 0.5840 0.7335
vn 0.1934 0.6024 0.7744
vn 0.3621 0.6538 0.6644
vn 0.6166 0.6430 0.4542
vn 0.6700 0.6243 0.4017
vn 0.6400 0.6043 0.4745
vn 0.7203 0.6181 0.3147
vn 0.7619 0.6429 0.0793
vn 0.7543 0.6526 0.0726
vn 0.9036 0.4211 0.0784
vn 0.9261 0.3746 -0.0444
vn 0.9031 0.3848 -0.1904
vn 0.8221 0.5078 -0.2576
vn 0.7046 0.6024 -0.3751
vn 0.6393 0.5605 -0.5264
vn 0.6554 0.5117 -0.5555
vn 0.6580 0.4679 -0.5899
vn 0.5112 0.3676 -0.7769
vn 0.3662 0.2476 -0.8970
vn 0.1905 0.2419 -0.9514
vn 0.2017 0.4002 -0.8940
vn 0.0229 0.7104 -0.7034
vn -0.0832 0.7268 -0.6818
vn -0.3790 0.6275 -0.6801
vn -0.3661 0.5631 -0.7409
vn -0.4591 0.5646 -0.6859
vn -0.6944 0.5332 -0.4833
vn -0.5867 0.6013 -0.5424
vn -0.3892 0.6093 -0.6908
vn -0.4458 0.5812 -0.6808
vn -0.6544 0.6080 -0.4496
vn -0.8021 0.5842 -0.1242
vn -0.8465 0.5269 -0.0769
vn -0.8071 0.5233 -0.2732
vn -0.7936 0.5270 -0.3043
vn -0.7948 0.5561 -0.2432
vn -0.8043 0.5850 0.1041
vn -0.6957 0.6094 0.3802
vn -0.6082 0.6218 0.4935
vn -0.7550 0.5596 0.3419
vn -0.7839 0.4849 0.3879
vn -0.6377 0.4680 0.6118
vn -0.5777 0.5045 0.6417
vn -0.5345 0.5418 0.6486
vn -0.3656 0.5619 0.7420
vn -0.3152 0.5129 0.7985
vn -0.4013 0.5226 0.7522
vn 0.0966 0.6499 0.7538
vn 0.0207 0.6861 0.7272
vn 0.1304 0.7691 0.6257
vn 0.3020 0.7392 0.6020
vn 0.5151 0.5928 0.6191
vn 0.4300 0.5163 0.7407
vn 0.2912 0.4516 0.8434
vn 0.5054 0.4532 0.7343
vn 0.7116 0.4812 0.5119
vn 0.7232 0.5140 0.4614
vn 0.7470 0.4678 0.4724
vn 0.8235 0.4642 0.3262
vn 0.8826 0.4615 0.0903
vn 0.9055 0.4220 0.0439
vn 0.9884 0.1452 0.0445
vn 0.9922 0.1204 -0.0308
vn 0.9813 0.1589 -0.1084
vn 0.9368 0.2871 -0.1999
vn 0.8118 0.4041 -0.4215
vn 0.7019 0.4040 -0.5866
vn 0.6497 0.3789 -0.6590
vn 0.6060 0.2716 -0.7477
vn 0.5163 0.0185 -0.8562
vn 0.4078 0.0299 -0.9126
vn 0.2622 0.0856 -0.9612
vn 0.3841 0.3162 -0.8674
vn 0.0666 0.7466 -0.6619
vn -0.2061 0.6749 -0.7086
vn -0.5314 0.5123 -0.6746
vn -0.4233 0.4727 -0.7729
vn -0.3928 0.5637 -0.7265
vn -0.6046 0.6380 -0.4769
vn -0.4701 0.7064 -0.5292
vn -0.3902 0.6530 -0.6491
vn -0.5076 0.5883 -0.6294
vn -0.7032 0.5745 -0.4188
vn -0.8332 0.5425 -0.1072
vn -0.8103 0.5771 -0.1020
vn -0.7537 0.5926 -0.2841
vn -0.8010 0.5423 -0.2538
vn -0.8726 0.4613 -0.1608
vn -0.8644 0.4727 0.1717
vn -0.8141 0.3925 0.4280
vn -0.7744 0.3680 0.5147
vn -0.8328 0.4329 0.3451
vn -0.7904 0.4715 0.3910
vn -0.6301 0.4633 0.6231
vn -0.5756 0.4407 0.6889
vn -0.5920 0.3985 0.7005
vn -0.3713 0.3952 0.8402
vn -0.4179 0.3322 0.8456
vn -0.3508 0.4694 0.8103
vn 0.0242 0.7787 0.6269
vn -0.0208 0.7854 0.6186
vn 0.1261 0.8030 0.5825
vn 0.4153 0.7203 0.5555
vn 0.5949 0.6009 0.5339
vn 0.4785 0.5279 0.7017
vn 0.4479 0.3399 0.8269
vn 0.6377 0.3656 0.6780
vn 0.7839 0.2283 0.5774
vn 0.7612 0.3198 0.5642
vn 0.7929 0.3426 0.5039
vn 0.8980 0.3136 0.3087
vn 0.9738 0.2249 0.0322
vn 0.9892 0.1453 -0.0167
vn 0.9972 0.0501 0.0561
vn 0.9973 0.0699 -0.0231
vn 0.9914 0.0842 -0.0999
vn 0.9748 0.1041 -0.1975
vn 0.8990 0.1353 -0.4165
vn 0.7701 0.1894 -0.6091
vn 0.6608 0.1213 -0.7407
vn 0.5524 -0.0305 -0.8330
vn 0.4822 -0.0878 -0.8717
vn 0.4436 -0.0429 -0.8952
vn 0.3443 0.0727 -0.9360
vn 0.5232 0.0739 -0.8490
vn 0.0174 0.6243 -0.7810
vn -0.3377 0.5281 -0.7792
vn -0.5841 0.4506 -0.6751
vn -0.4195 0.4646 -0.7799
vn -0.3312 0.5509 -0.7661
vn -0.5320 0.6643 -0.5251
vn -0.4094 0.7200 -0.5603
vn -0.4118 0.6746 -0.6127
vn -0.5417 0.6236 -0.5637
vn -0.7421 0.5703 -0.3521
vn -0.8159 0.5639 -0.1275
vn -0.7882 0.6051 -0.1120
vn -0.7853 0.5642 -0.2549
vn -0.8621 0.4757 -0.1748
vn -0.8742 0.4824 -0.0547
vn -0.9036 0.3525 0.2433
vn -0.8594 0.2562 0.4426
vn -0.8503 0.2551 0.4604
vn -0.8933 0.3591 0.2702
vn -0.7957 0.4786 0.3711
vn -0.5859 0.4870 0.6477
vn -0.5057 0.4140 0.7569
vn -0.5899 0.2883 0.7542
vn -0.4560 0.2343 0.8586
vn -0.5362 0.3186 0.7817
vn -0.0544 0.7382 0.6724
vn 0.0053 0.7353 0.6777
vn 0.1829 0.7348 0.6532
vn 0.4531 0.7073 0.5426
vn 0.5500 0.6978 0.4588
vn 0.5331 0.5871 0.6091
vn 0.6163 0.3262 0.7168
vn 0.8077 0.0916 0.5824
vn 0.8088 0.0916 0.5808
vn 0.7796 0.0788 0.6212
vn 0.8142 0.1489 0.5611
vn 0.9337 0.2029 0.2952
vn 0.9942 0.1004 -0.0379
vn 0.9973 0.0501 -0.0536
vn 0.9694 0.2410 0.0465
vn 0.9712 0.2220 -0.0866
vn 0.9761 0.1267 -0.1767
vn 0.9728 0.0206 -0.2308
vn 0.9314 -0.0155 -0.3636
vn 0.8393 0.0709 -0.5391
vn 0.6354 0.1534 -0.7568
vn 0.4716 0.0086 -0.8817
vn 0.4711 -0.0036 -0.8821
vn 0.5026 0.1068 -0.8579
vn 0.4086 0.2350 -0.8819
vn 0.4438 0.2323 -0.8655
vn -0.0940 0.3389 -0.9361
vn -0.3747 0.3344 -0.8648
vn -0.5312 0.4306 -0.7297
vn -0.4199 0.4400 -0.7938
vn -0.3576 0.4435 -0.8219
vn -0.4480 0.6260 -0.6383
vn -0.3518 0.7024 -0.6188
vn -0.4529 0.6731 -0.5846
vn -0.6145 0.6050 -0.5064
vn -0.7697 0.5599 -0.3067
vn -0.8187 0.5541 -0.1506
vn -0.8098 0.5757 -0.1128
vn -0.8567 0.4805 -0.1875
vn -0.9311 0.3566 -0.0766
vn -0.9332 0.3574 0.0361
vn -0.9433 0.2403 0.2291
vn -0.8908 0.2614 0.3717
vn -0.8448 0.3646 0.3916
vn -0.8427 0.4456 0.3021
vn -0.8192 0.3824 0.4274
vn -0.6351 0.3244 0.7010
vn -0.4871 0.2952 0.8219
vn -0.5683 0.2119 0.7950
vn -0.5916 0.1513 0.7919
vn -0.6304 0.3655 0.6848
vn -0.0655 0.6317 0.7724
vn 0.0716 0.6043 0.7935
vn 0.2383 0.6064 0.7586
vn 0.4138 0.6841 0.6007
vn 0.5394 0.6780 0.4994
vn 0.6085 0.5980 0.5216
vn 0.7366 0.3662 0.5686
vn 0.8384 0.2420 0.4884
vn 0.7905 0.2359 0.5652
vn 0.7567 0.2287 0.6124
vn 0.8034 0.2339 0.5476
vn 0.9458 0.1866 0.2657
vn 0.9806 0.1924 -0.0373
vn 0.9702 0.2412 -0.0232
vn 0.9413 0.3375 -0.0009
vn 0.9294 0.3379 -0.1488
vn 0.9437 0.2455 -0.2219
vn 0.9511 0.1717 -0.2568
vn 0.9385 0.1208 -0.3234
vn 0.8729 0.1717 -0.4568
vn 0.6158 0.2791 -0.7368
vn 0.3795 0.2560 -0.8891
vn 0.4544 0.1563 -0.8770
vn 0.5367 0.1595 -0.8286
vn 0.4289 0.2250 -0.8749
vn 0.4416 0.2576 -0.8595
vn -0.0091 0.2241 -0.9745
vn -0.1984 0.2288 -0.9530
vn -0.3308 0.1701 -0.9282
vn -0.3842 0.4242 -0.8200
vn -0.4303 0.4174 -0.8004
vn -0.4477 0.3169 -0.8361
vn -0.3751 0.5094 -0.7745
vn -0.3649 0.5817 -0.7270
vn -0.5777 0.5405 -0.6116
vn -0.7346 0.4619 -0.4969
vn -0.8324 0.4502 -0.3231
vn -0.8721 0.4471 -0.1989
vn -0.8661 0.4823 -0.1311
vn -0.9101 0.3967 -0.1198
vn -0.9184 0.3955 0.0047
vn -0.9493 0.2876 0.1268
vn -0.9696 0.1644 0.1813
vn -0.9416 0.2347 0.2415
vn -0.8344 0.4168 0.3607
vn -0.7776 0.4432 0.4460
vn -0.8191 0.2295 0.5258
vn -0.6912 0.1552 0.7058
vn -0.5338 0.1969 0.8223
vn -0.5806 0.1996 0.7893
vn -0.6485 0.2203 0.7286
vn -0.6537 0.3380 0.6771
vn -0.5320 0.3803 0.7565
vn 0.0404 0.4891 0.8713
vn -0.0036 0.4167 0.9090
vn 0.1542 0.3575 0.9211
vn 0.3379 0.3029 0.8911
vn 0.4830 0.3643 0.7962
vn 0.6044 0.4387 0.6650
vn 0.7241 0.3740 0.5795
vn 0.8102 0.2566 0.5270
vn 0.7957 0.3219 0.5131
vn 0.7371 0.3651 0.5688
vn 0.7729 0.2928 0.5629
vn 0.8499 0.1952 0.4895
vn 0.9659 0.1342 0.2214
vn 0.9627 0.2651 0.0541
vn 0.9134 0.3999 0.0755
vn 0.9268 0.3727 -0.0470
vn 0.9417 0.3103 -0.1302
vn 0.9245 0.3378 -0.1769
vn 0.8821 0.3891 -0.2655
vn 0.8736 0.3474 -0.3407
vn 0.8389 0.2859 -0.4632
vn 0.6447 0.2413 -0.7253
vn 0.3736 0.2508 -0.8930
vn 0.4265 0.2442 -0.8709
vn 0.5067 0.2206 -0.8334
vn 0.4139 0.1752 -0.8933
vn 0.3726 0.1396 -0.9174
vn 0.4113 0.0053 -0.9115
vn -0.2666 0.0247 -0.9635
vn -0.2491 0.0630 -0.9664
vn -0.2038 0.3714 -0.9058
vn -0.4333 0.3913 -0.8119
vn -0.5429 0.2511 -0.8014
vn -0.3585 0.3416 -0.8688
vn -0.4540 0.3340 -0.8260
vn -0.7211 0.2579 -0.6430
vn -0.8081 0.2480 -0.5343
vn -0.8711 0.3048 -0.3850
vn -0.9076 0.3436 -0.2412
vn -0.9289 0.3416 -0.1427
vn -0.9384 0.3375 -0.0743
vn -0.9625 0.2684 0.0390
vn -0.9575 0.2145 0.1926
vn -0.9809 0.1216 0.1516
vn -0.9764 0.1660 0.1384
vn -0.8646 0.3155 0.3912
vn -0.7548 0.2803 0.5930
vn -0.7906 0.0759 0.6075
vn -0.7253 0.0041 0.6885
vn -0.6216 0.1631 0.7662
vn -0.6392 0.1636 0.7514
vn -0.6357 0.2682 0.7238
vn -0.5948 0.2573 0.7616
vn -0.5054 0.1116 0.8557
vn -0.3180 0.0110 0.9480
vn 0.1038 0.1941 0.9755
vn 0.2106 0.0414 0.9767
vn 0.3890 -0.0149 0.9211
vn 0.5302 -0.1012 0.8418
vn 0.6236 -0.0313 0.7811
vn 0.7391 0.0387 0.6725
vn 0.8187 0.0718 0.5697
vn 0.7611 0.2172 0.6112
vn 0.7102 0.3124 0.6309
vn 0.7989 0.2702 0.5374
vn 0.8709 0.2057 0.4464
vn 0.9660 0.1716 0.1935
vn 0.9487 0.2862 0.1343
vn 0.9190 0.3695 0.1376
vn 0.9904 0.1219 -0.0652
vn 0.9691 0.2445 -0.0341
vn 0.9255 0.3687 -0.0868
vn 0.8831 0.3732 -0.2845
vn 0.8343 0.3481 -0.4276
vn 0.7996 0.2112 -0.5622
vn 0.6775 0.0803 -0.7311
vn 0.4228 0.0719 -0.9034
vn 0.4116 0.1261 -0.9026
vn 0.4596 -0.0368 -0.8873
vn 0.4133 -0.0513 -0.9092
vn 0.3442 -0.1034 -0.9332
vn -0.2798 0.0075 -0.9600
vn -0.2076 0.0074 -0.9782
vn -0.1246 0.2325 -0.9646
vn -0.4434 0.2690 -0.8550
vn -0.5964 0.1878 -0.7804
vn -0.3863 0.1723 -0.9061
vn -0.5302 0.1020 -0.8417
vn -0.7708 0.0520 -0.6350
vn -0.8070 0.1101 -0.5801
vn -0.8808 0.1765 -0.4393
vn -0.9546 0.1645 -0.2483
vn -0.9803 0.1409 -0.1385
vn -0.9913 0.1153 -0.0640
vn -0.9935 0.1048 0.0446
vn -0.9740 0.0697 0.2157
vn -0.9851 0.0701 0.1569
vn -0.9918 0.0633 0.1114
vn -0.9048 0.1081 0.4119
vn -0.7731 0.0975 0.6268
vn -0.7692 0.0073 0.6390
vn -0.7133 -0.0193 0.7006
vn -0.6755 0.0762 0.7334
vn -0.6872 0.0763 0.7224
vn -0.6223 0.1621 0.7658
vn -0.5092 0.1067 0.8540
vn -0.4183 -0.0804 0.9047
vn -0.3122 -0.2227 0.9235
vn 0.1745 -0.0987 0.9797
vn 0.2140 -0.2001 0.9561
vn 0.3693 -0.2104 0.9052
vn 0.5534 -0.2668 0.7890
vn 0.5948 -0.2561 0.7620
vn 0.6727 -0.1422 0.7261
vn 0.7856 -0.0639 0.6155
vn 0.7479 -0.0637 0.6608
vn 0.7021 0.1077 0.7039
vn 0.8093 0.1464 0.5688
vn 0.8759 0.1594 0.4553
vn 0.9672 0.1634 0.1944
vn 0.9777 0.1598 0.1364
vn 0.9856 0.1214 0.1173
vn 0.9996 0.0013 -0.0295
vn 0.9866 0.1501 0.0638
vn 0.9719 0.2321 -0.0388
vn 0.9106 0.2369 -0.3387
vn 0.8046 0.1706 -0.5687
vn 0.7236 -0.2191 -0.6546
vn 0.6795 -0.1937 -0.7076
vn 0.4909 -0.0600 -0.8691
vn 0.4276 -0.0400 -0.9031
vn 0.4430 -0.0694 -0.8938
vn 0.4118 -0.0710 -0.9085
vn 0.3172 -0.1160 -0.9413
vn -0.2060 0.2280 -0.9516
vn -0.1786 0.2593 -0.9491
vn -0.2053 0.1328 -0.9697
vn -0.5378 -0.0012 -0.8431
vn -0.6261 -0.0416 -0.7787
vn -0.4147 -0.0396 -0.9091
vn -0.5418 -0.0771 -0.8370
vn -0.7255 -0.0977 -0.6813
vn -0.7637 0.1082 -0.6364
vn -0.8684 0.1591 -0.4696
vn -0.9597 0.1595 -0.2312
vn -0.9869 0.1315 -0.0937
vn -0.9975 0.0639 -0.0317
vn -0.9989 0.0326 0.0323
vn -0.9792 0.0319 0.2002
vn -0.9713 0.0556 0.2313
vn -0.9840 -0.0565 0.1688
vn -0.9411 -0.0176 0.3376
vn -0.8551 -0.0173 0.5182
vn -0.7396 0.1856 0.6469
vn -0.6403 0.1442 0.7545
vn -0.6786 0.0071 0.7344
vn -0.7224 0.0071 0.6915
vn -0.6138 0.0806 0.7853
vn -0.4483 0.0511 0.8924
vn -0.3426 -0.1835 0.9214
vn 0.1403 -0.2100 0.9676
vn 0.2203 -0.1607 0.9621
vn 0.3298 -0.1717 0.9283
vn 0.5950 -0.1522 0.7892
vn 0.6377 -0.2281 0.7357
vn 0.6528 -0.2282 0.7224
vn 0.7509 -0.1480 0.6437
vn 0.7427 -0.1478 0.6531
vn 0.6702 -0.1473 0.7274
vn 0.7628 -0.0836 0.6413
vn 0.8751 0.0843 0.4765
vn 0.9721 0.1060 0.2092
vn 0.9898 0.1057 0.0954
vn 0.9976 0.0428 0.0538
s 0
usemtl moss_top
f 1//1 2//1 3//1
f 1//2 3//2 4//2
f 1//3 4//3 5//3
f 1//4 5//4 6//4
f 1//5 6//5 7//5
f 1//6 7//6 8//6
f 1//7 8//7 9//7
f 1//8 9//8 10//8
f 1//9 10//9 11//9
f 1//10 11//10 12//10
f 1//11 12//11 13//11
f 1//12 13//12 14//12
f 1//13 14//13 15//13
f 1//14 15//14 16//14
f 1//15 16//15 17//15
f 1//16 17//16 18//16
f 1//17 18//17 19//17
f 1//18 19//18 20//18
f 1//19 20//19 21//19
f 1//20 21//20 22//20
f 1//21 22//21 23//21
f 1//22 23//22 24//22
f 1//23 24//23 25//23
f 1//24 25//24 26//24
f 1//25 26//25 27//25
f 1//26 27//26 28//26
f 1//27 28//27 29//27
f 1//28 29//28 30//28
f 1//29 30//29 31//29
f 1//30 31//30 32//30
f 1//31 32//31 33//31
f 1//32 33//32 34//32
f 1//33 34//33 35//33
f 1//34 35//34 36//34
f 1//35 36//35 37//35
f 1//36 37//36 38//36
f 1//37 38//37 39//37
f 1//38 39//38 40//38
f 1//39 40//39 41//39
f 1//40 41//40 42//40
f 1//41 42//41 43//41
f 1//42 43//42 44//42
f 1//43 44//43 45//43
f 1//44 45//44 46//44
f 1//45 46//45 47//45
f 1//46 47//46 48//46
f 1//47 48//47 49//47
f 1//48 49//48 50//48
f 1//49 50//49 51//49
f 1//50 51//50 52//50
f 1//51 52//51 53//51
f 1//52 53//52 54//52
f 1//53 54//53 55//53
f 1//54 55//54 56//54
f 1//55 56//55 57//55
f 1//56 57//56 58//56
f 1//57 58//57 59//57
f 1//58 59//58 60//58
f 1//59 60//59 61//59
f 1//60 61//60 62//60
f 1//61 62//61 63//61
f 1//62 63//62 64//62
f 1//63 64//63 65//63
f 1//64 65//64 2//64
f 2//65 67//65 3//65
f 3//66 68//66 4//66
f 4//67 69//67 5//67
f 5//68 70//68 6//68
f 6//69 71//69 7//69
f 7//70 72//70 8//70
f 8//71 73//71 9//71
f 9//72 74//72 10//72
f 10//73 75//73 11//73
f 11//74 76//74 12//74
f 12//75 77//75 13//75
f 13//76 78//76 14//76
f 14//77 79//77 15//77
f 15//78 80//78 16//78
f 16//79 81//79 17//79
f 17//80 82//80 18//80
f 82//81 19//81 18//81
f 83//82 20//82 19//82
f 84//83 21//83 20//83
f 85//84 22//84 21//84
f 86//85 23//85 22//85
f 87//86 24//86 23//86
f 88//87 25//87 24//87
f 89//88 26//88 25//88
f 90//89 27//89 26//89
f 91//90 28//90 27//90
f 92//91 29//91 28//91
f 93//92 30//92 29//92
f 94//93 31//93 30//93
f 95//94 32//94 31//94
f 96//95 33//95 32//95
f 33//96 98//96 34//96
f 34//97 99//97 35//97
f 35//98 100//98 36//98
f 36//99 101//99 37//99
f 37//100 102//100 38//100
f 38//101 103//101 39//101
f 39//102 104//102 40//102
f 40//103 105//103 41//103
f 41//104 106//104 42//104
f 42//105 107//105 43//105
f 43//106 108//106 44//106
f 44//107 109//107 45//107
f 45//108 110//108 46//108
f 46//109 111//109 47//109
f 47//110 112//110 48//110
f 48//111 113//111 49//111
f 49//112 114//112 50//112
f 114//113 51//113 50//113
f 115//114 52//114 51//114
f 116//115 53//115 52//115
f 117//116 54//116 53//116
f 118//117 55//117 54//117
f 119//118 56//118 55//118
f 120//119 57//119 56//119
f 121//120 58//120 57//120
f 122//121 59//121 58//121
f 123//122 60//122 59//122
f 124//123 61//123 60//123
f 125//124 62//124 61//124
f 126//125 63//125 62//125
f 127//126 64//126 63//126
f 128//127 65//127 64//127
f 129//128 2//128 65//128
f 130//129 67//129 66//129
f 67//130 132//130 68//130
f 68//131 133//131 69//131
f 69//132 134//132 70//132
f 70//133 135//133 71//133
f 71//134 136//134 72//134
f 72//135 137//135 73//135
f 73//136 138//136 74//136
f 74//137 139//137 75//137
f 75//138 140//138 76//138
f 76//139 141//139 77//139
f 77//140 142//140 78//140
f 78//141 143//141 79//141
f 79//142 144//142 80//142
f 80//143 145//143 81//143
f 81//144 146//144 82//144
f 146//145 83//145 82//145
f 147//146 84//146 83//146
f 148//147 85//147 84//147
f 149//148 86//148 85//148
f 150//149 87//149 86//149
f 151//150 88//150 87//150
f 152//151 89//151 88//151
f 153//152 90//152 89//152
f 154//153 91//153 90//153
f 155//154 92//154 91//154
f 156//155 93//155 92//155
f 157//156 94//156 93//156
f 158//157 95//157 94//157
f 159//158 96//158 95//158
f 160//159 97//159 96//159
f 97//160 162//160 98//160
f 98//161 163//161 99//161
f 99//162 164//162 100//162
f 100//163 165//163 101//163
f 101//164 166//164 102//164
f 102//165 167//165 103//165
f 103//166 168//166 104//166
f 104//167 169//167 105//167
f 105//168 170//168 106//168
f 106//169 171//169 107//169
f 107//170 172//170 108//170
f 108//171 173//171 109//171
f 109//172 174//172 110//172
f 110//173 175//173 111//173
f 111//174 176//174 112//174
f 112//175 177//175 113//175
f 113//176 178//176 114//176
f 114//177 179//177 115//177
f 179//178 116//178 115//178
f 180//179 117//179 116//179
f 181//180 118//180 117//180
f 182//181 119//181 118//181
f 183//182 120//182 119//182
f 184//183 121//183 120//183
f 185//184 122//184 121//184
f 186//185 123//185 122//185
f 187//186 124//186 123//186
f 188//187 125//187 124//187
f 189//188 126//188 125//188
f 190//189 127//189 126//189
f 191//190 128//190 127//190
f 192//191 129//191 128//191
f 193//192 66//192 129//192
f 130//193 195//193 131//193
f 131//194 196//194 132//194
f 132//195 197//195 133//195
f 133//196 198//196 134//196
f 134//197 199//197 135//197
f 135//198 200//198 136//198
f 136//199 201//199 137//199
f 137//200 202//200 138//200
f 138//201 203//201 139//201
f 139//202 204//202 140//202
f 140//203 205//203 141//203
f 141//204 206//204 142//204
f 142//205 207//205 143//205
f 143//206 208//206 144//206
f 144//207 209//207 145//207
f 145//208 210//208 146//208
f 210//209 147//209 146//209
f 211//210 148//210 147//210
f 212//211 149//211 148//211
f 213//212 150//212 149//212
f 214//213 151//213 150//213
f 215//214 152//214 151//214
f 216//215 153//215 152//215
f 217//216 154//216 153//216
f 218//217 155//217 154//217
f 219//218 156//218 155//218
f 220//219 157//219 156//219
f 221//220 158//220 157//220
f 222//221 159//221 158//221
f 223//222 160//222 159//222
f 224//223 161//223 160//223
f 225//224 162//224 161//224
f 226//225 163//225 162//225
f 163//226 228//226 164//226
f 164//227 229//227 165//227
f 165//228 230//228 166//228
f 166//229 231//229 167//229
f 167//230 232//230 168//230
f 168//231 233//231 169//231
f 169//232 234//232 170//232
f 170//233 235//233 171//233
f 171//234 236//234 172//234
f 172//235 237//235 173//235
f 173//236 238//236 174//236
f 174//237 239//237 175//237
f 175//238 240//238 176//238
f 176//239 241//239 177//239
f 177//240 242//240 178//240
f 178//241 243//241 179//241
f 243//242 180//242 179//242
f 244//243 181//243 180//243
f 245//244 182//244 181//244
f 246//245 183//245 182//245
f 247//246 184//246 183//246
f 248//247 185//247 184//247
f 249//248 186//248 185//248
f 250//249 187//249 186//249
f 251//250 188//250 187//250
f 252//251 189//251 188//251
f 253//252 190//252 189//252
f 254//253 191//253 190//253
f 255//254 192//254 191//254
f 256//255 193//255 192//255
f 257//256 130//256 193//256
f 258//257 195//257 194//257
f 195//258 260//258 196//258
f 196//259 261//259 197//259
f 197//260 262//260 198//260
f 198//261 263//261 199//261
f 199//262 264//262 200//262
f 200//263 265//263 201//263
f 201//264 266//264 202//264
f 202//265 267//265 203//265
f 203//266 268//266 204//266
f 204//267 269//267 205//267
f 205//268 270//268 206//268
f 206//269 271//269 207//269
f 207//270 272//270 208//270
f 208//271 273//271 209//271
f 209//272 274//272 210//272
f 274//273 211//273 210//273
f 275//274 212//274 211//274
f 276//275 213//275 212//275
f 277//276 214//276 213//276
f 278//277 215//277 214//277
f 279//278 216//278 215//278
f 280//279 217//279 216//279
f 281//280 218//280 217//280
f 282//281 219//281 218//281
f 283//282 220//282 219//282
f 284//283 221//283 220//283
f 285//284 222//284 221//284
f 286//285 223//285 222//285
f 287//286 224//286 223//286
f 288//287 225//287 224//287
f 289//288 226//288 225//288
f 290//289 227//289 226//289
f 291//290 228//290 227//290
f 228//291 293//291 229//291
f 229//292 294//292 230//292
f 230//293 295//293 231//293
f 231//294 296//294 232//294
f 232//295 297//295 233//295
f 233//296 298//296 234//296
f 234//297 299//297 235//297
f 235//298 300//298 236//298
f 236//299 301//299 237//299
f 237//300 302//300 238//300
f 238//301 303//301 239//301
f 239//302 304//302 240//302
f 240//303 305//303 241//303
f 241//304 306//304 242//304
f 242//305 307//305 243//305
f 307//306 244//306 243//306
f 308//307 245//307 244//307
f 309//308 246//308 245//308
f 310//309 247//309 246//309
f 311//310 248//310 247//310
f 312//311 249//311 248//311
f 313//312 250//312 249//312
f 314//313 251//313 250//313
f 315//314 252//314 251//314
f 316//315 253//315 252//315
f 317//316 254//316 253//316
f 318//317 255//317 254//317
f 319//318 256//318 255//318
f 320//319 257//319 256//319
f 321//320 194//320 257//320
f 322//321 259//321 258//321
f 259//322 324//322 260//322
f 260//323 325//323 261//323
f 261//324 326//324 262//324
f 262//325 327//325 263//325
f 263//326 328//326 264//326
f 264//327 329//327 265//327
f 265//328 330//328 266//328
f 266//329 331//329 267//329
f 267//330 332//330 268//330
f 268//331 333//331 269//331
f 269//332 334//332 270//332
f 270//333 335//333 271//333
f 271//334 336//334 272//334
f 272//335 337//335 273//335
f 273//336 338//336 274//336
f 274//337 339//337 275//337
f 339//338 276//338 275//338
f 340//339 277//339 276//339
f 341//340 278//340 277//340
f 342//341 279//341 278//341
f 343//342 280//342 279//342
f 344//343 281//343 280//343
f 345//344 282//344 281//344
f 346//345 283//345 282//345
f 347//346 284//346 283//346
f 348//347 285//347 284//347
f 349//348 286//348 285//348
f 350//349 287//349 286//349
f 351//350 288//350 287//350
f 352//351 289//351 288//351
f 353//352 290//352 289//352
f 354//353 291//353 290//353
f 355//354 292//354 291//354
f 292//355 357//355 293//355
f 293//356 358//356 294//356
f 294//357 359//357 295//357
f 295//358 360//358 296//358
f 296//359 361//359 297//359
f 297//360 362//360 298//360
f 298//361 363//361 299//361
f 299//362 364//362 300//362
f 300//363 365//363 301//363
f 301//364 366//364 302//364
f 302//365 367//365 303//365
f 303//366 368//366 304//366
f 304//367 369//367 305//367
f 305//368 370//368 306//368
f 306//369 371//369 307//369
f 371//370 308//370 307//370
f 372//371 309//371 308//371
f 373//372 310//372 309//372
f 374//373 311//373 310//373
f 375//374 312//374 311//374
f 376//375 313//375 312//375
f 377//376 314//376 313//376
f 378//377 315//377 314//377
f 379//378 316//378 315//378
f 380//379 317//379 316//379
f 381//380 318//380 317//380
f 382//381 319//381 318//381
f 383//382 320//382 319//382
f 384//383 321//383 320//383
f 385//384 258//384 321//384
f 322//385 387//385 323//385
f 323//386 388//386 324//386
f 324//387 389//387 325//387
f 325//388 390//388 326//388
f 326//389 391//389 327//389
f 327//390 392//390 328//390
f 328//391 393//391 329//391
f 329//392 394//392 330//392
f 330//393 395//393 331//393
f 331//394 396//394 332//394
f 332//395 397//395 333//395
f 333//396 398//396 334//396
f 334//397 399//397 335//397
f 335//398 400//398 336//398
f 336//399 401//399 337//399
f 337//400 402//400 338//400
f 338//401 403//401 339//401
f 339//402 404//402 340//402
f 404//403 341//403 340//403
f 405//404 342//404 341//404
f 406//405 343//405 342//405
f 407//406 344//406 343//406
f 408//407 345//407 344//407
f 409//408 346//408 345//408
f 410//409 347//409 346//409
f 411//410 348//410 347//410
f 412//411 349//411 348//411
f 413//412 350//412 349//412
f 414//413 351//413 350//413
f 415//414 352//414 351//414
f 352//415 417//415 353//415
f 353//416 418//416 354//416
f 354//417 419//417 355//417
f 355//418 420//418 356//418
f 356//419 421//419 357//419
f 357//420 422//420 358//420
f 358//421 423//421 359//421
f 359//422 424//422 360//422
f 360//423 425//423 361//423
f 361//424 426//424 362//424
f 362//425 427//425 363//425
f 363//426 428//426 364//426
f 364//427 429//427 365//427
f 365//428 430//428 366//428
f 366//429 431//429 367//429
f 367//430 432//430 368//430
f 368//431 433//431 369//431
f 369//432 434//432 370//432
f 434//433 371//433 370//433
f 435//434 372//434 371//434
f 436//435 373//435 372//435
f 437//436 374//436 373//436
f 438//437 375//437 374//437
f 439//438 376//438 375//438
f 440//439 377//439 376//439
f 441//440 378//440 377//440
f 442//441 379//441 378//441
f 443//442 380//442 379//442
f 444//443 381//443 380//443
f 445//444 382//444 381//444
f 446//445 383//445 382//445
f 447//446 384//446 383//446
f 448//447 385//447 384//447
f 449//448 322//448 385//448
f 386//449 451//449 387//449
f 387//450 452//450 388//450
f 388//451 453//451 389//451
f 389//452 454//452 390//452
f 390//453 455//453 391//453
f 391//454 456//454 392//454
f 392//455 457//455 393//455
f 393//456 458//456 394//456
f 394//457 459//457 395//457
f 395//458 460//458 396//458
f 396//459 461//459 397//459
f 397//460 462//460 398//460
f 398//461 463//461 399//461
f 399//462 464//462 400//462
f 400//463 465//463 401//463
f 401//464 466//464 402//464
f 402//465 467//465 403//465
f 467//466 404//466 403//466
f 468//467 405//467 404//467
f 469//468 406//468 405//468
f 470//469 407//469 406//469
f 471//470 408//470 407//470
f 472//471 409//471 408//471
f 473//472 410//472 409//472
f 474//473 411//473 410//473
f 475//474 412//474 411//474
f 476//475 413//475 412//475
f 477//476 414//476 413//476
f 478//477 415//477 414//477
f 479//478 416//478 415//478
f 416//479 481//479 417//479
f 417//480 482//480 418//480
f 418//481 483//481 419//481
f 419//482 484//482 420//482
f 420//483 485//483 421//483
f 421//484 486//484 422//484
f 422//485 487//485 423//485
f 423//486 488//486 424//486
f 424//487 489//487 425//487
f 425//488 490//488 426//488
f 426//489 491//489 427//489
f 427//490 492//490 428//490
f 428//491 493//491 429//491
f 429//492 494//492 430//492
f 430//493 495//493 431//493
f 431//494 496//494 432//494
f 432//495 497//495 433//495
f 433//496 498//496 434//496
f 498//497 435//497 434//497
f 499//498 436//498 435//498
f 500//499 437//499 436//499
f 501//500 438//500 437//500
f 502//501 439//501 438//501
f 503//502 440//502 439//502
f 504//503 441//503 440//503
f 505//504 442//504 441//504
f 506//505 443//505 442//505
f 507//506 444//506 443//506
f 508//507 445//507 444//507
f 509//508 446//508 445//508
f 510//509 447//509 446//509
f 511//510 448//510 447//510
f 512//511 449//511 448//511
f 513//512 386//512 449//512
f 450//513 515//513 451//513
f 451//514 516//514 452//514
f 452//515 517//515 453//515
f 453//516 518//516 454//516
f 454//517 519//517 455//517
f 455//518 520//518 456//518
f 456//519 521//519 457//519
f 457//520 522//520 458//520
f 458//521 523//521 459//521
f 459//522 524//522 460//522
f 460//523 525//523 461//523
f 461//524 526//524 462//524
f 462//525 527//525 463//525
f 463//526 528//526 464//526
f 464//527 529//527 465//527
f 465//528 530//528 466//528
f 530//529 467//529 466//529
f 531//530 468//530 467//530
f 532//531 469//531 468//531
f 533//532 470//532 469//532
f 534//533 471//533 470//533
f 535//534 472//534 471//534
f 536//535 473//535 472//535
f 537//536 474//536 473//536
f 538//537 475//537 474//537
f 539//538 476//538 475//538
f 540//539 477//539 476//539
f 541//540 478//540 477//540
f 542//541 479//541 478//541
f 543//542 480//542 479//542
f 544//543 481//543 480//543
f 481//544 546//544 482//544
f 482//545 547//545 483//545
f 483//546 548//546 484//546
f 484//547 549//547 485//547
f 485//548 550//548 486//548
f 486//549 551//549 487//549
f 487//550 552//550 488//550
f 488//551 553//551 489//551
f 489//552 554//552 490//552
f 490//553 555//553 491//553
f 491//554 556//554 492//554
f 492//555 557//555 493//555
f 493//556 558//556 494//556
f 494//557 559//557 495//557
f 495//558 560//558 496//558
f 496//559 561//559 497//559
f 497//560 562//560 498//560
f 498//561 563//561 499//561
f 563//562 500//562 499//562
f 564//563 501//563 500//563
f 565//564 502//564 501//564
f 566//565 503//565 502//565
f 567//566 504//566 503//566
f 504//567 569//567 505//567
f 505//568 570//568 506//568
f 570//569 507//569 506//569
f 571//570 508//570 507//570
f 572//571 509//571 508//571
f 573//572 510//572 509//572
f 574//573 511//573 510//573
f 575//574 512//574 511//574
f 576//575 513//575 512//575
f 577//576 450//576 513//576
f 514//577 579//577 515//577
f 515//578 580//578 516//578
f 516//579 581//579 517//579
f 517//580 582//580 518//580
f 518//581 583//581 519//581
f 519//582 584//582 520//582
f 520//583 585//583 521//583
f 521//584 586//584 522//584
f 522//585 587//585 523//585
f 523//586 588//586 524//586
f 524//587 589//587 525//587
f 525//588 590//588 526//588
f 526//589 591//589 527//589
f 527//590 592//590 528//590
f 528//591 593//591 529//591
f 593//592 530//592 529//592
f 594//593 531//593 530//593
f 595//594 532//594 531//594
f 596//595 533//595 532//595
f 597//596 534//596 533//596
f 598//597 535//597 534//597
f 599//598 536//598 535//598
f 600//599 537//599 536//599
f 601//600 538//600 537//600
f 602//601 539//601 538//601
f 603//602 540//602 539//602
f 604//603 541//603 540//603
f 605//604 542//604 541//604
f 606//605 543//605 542//605
f 607//606 544//606 543//606
f 608//607 545//607 544//607
f 609//608 546//608 545//608
f 546//609 611//609 547//609
f 547//610 612//610 548//610
f 612//611 549//611 548//611
f 549//612 614//612 550//612
f 550//613 615//613 551//613
f 551//614 616//614 552//614
f 552//615 617//615 553//615
f 553//616 618//616 554//616
f 554//617 619//617 555//617
f 555//618 620//618 556//618
f 556//619 621//619 557//619
f 557//620 622//620 558//620
f 558//621 623//621 559//621
f 559//622 624//622 560//622
f 560//623 625//623 561//623
f 561//624 626//624 562//624
f 562//625 627//625 563//625
f 627//626 564//626 563//626
f 628//627 565//627 564//627
f 629//628 566//628 565//628
f 630//629 567//629 566//629
f 631//630 568//630 567//630
f 568//631 633//631 569//631
f 633//632 570//632 569//632
f 634//633 571//633 570//633
f 635//634 572//634 571//634
f 636//635 573//635 572//635
f 637//636 574//636 573//636
f 638//637 575//637 574//637
f 639//638 576//638 575//638
f 640//639 577//639 576//639
f 641//640 514//640 577//640
f 642//641 579//641 578//641
f 579//642 644//642 580//642
f 580//643 645//643 581//643
f 581//644 646//644 582//644
f 582//645 647//645 583//645
f 583//646 648//646 584//646
f 584//647 649//647 585//647
f 585//648 650//648 586//648
f 586//649 651//649 587//649
f 587//650 652//650 588//650
f 588//651 653//651 589//651
f 589//652 654//652 590//652
f 590//653 655//653 591//653
f 591//654 656//654 592//654
f 592//655 657//655 593//655
f 657//656 594//656 593//656
f 658//657 595//657 594//657
f 659//658 596//658 595//658
f 660//659 597//659 596//659
f 661//660 598//660 597//660
f 662//661 599//661 598//661
f 663//662 600//662 599//662
f 664//663 601//663 600//663
f 665//664 602//664 601//664
f 666//665 603//665 602//665
f 667//666 604//666 603//666
f 668//667 605//667 604//667
f 669//668 606//668 605//668
f 670//669 607//669 606//669
f 671//670 608//670 607//670
f 672//671 609//671 608//671
f 673//672 610//672 609//672
f 610//673 675//673 611//673
f 611//674 676//674 612//674
f 612//675 677//675 613//675
f 613//676 678//676 614//676
f 614//677 679//677 615//677
f 615//678 680//678 616//678
f 616//679 681//679 617//679
f 617//680 682//680 618//680
f 618//681 683//681 619//681
f 619//682 684//682 620//682
f 620//683 685//683 621//683
f 621//684 686//684 622//684
f 622//685 687//685 623//685
f 623//686 688//686 624//686
f 624//687 689//687 625//687
f 625//688 690//688 626//688
f 690//689 627//689 626//689
f 691//690 628//690 627//690
f 692//691 629//691 628//691
f 693//692 630//692 629//692
f 694//693 631//693 630//693
f 695//694 632//694 631//694
f 696//695 633//695 632//695
f 697//696 634//696 633//696
f 698//697 635//697 634//697
f 699//698 636//698 635//698
f 700//699 637//699 636//699
f 701//700 638//700 637//700
f 702//701 639//701 638//701
f 703//702 640//702 639//702
f 704//703 641//703 640//703
f 705//704 578//704 641//704
f 706//705 643//705 642//705
f 707//706 644//706 643//706
f 644//707 709//707 645//707
f 645//708 710//708 646//708
f 646//709 711//709 647//709
f 647//710 712//710 648//710
f 648//711 713//711 649//711
f 649//712 714//712 650//712
f 650//713 715//713 651//713
f 651//714 716//714 652//714
f 652//715 717//715 653//715
f 653//716 718//716 654//716
f 654//717 719//717 655//717
f 655//718 720//718 656//718
f 656//719 721//719 657//719
f 721//720 658//720 657//720
f 722//721 659//721 658//721
f 723//722 660//722 659//722
f 724//723 661//723 660//723
f 725//724 662//724 661//724
f 726//725 663//725 662//725
f 727//726 664//726 663//726
f 728//727 665//727 664//727
f 729//728 666//728 665//728
f 730//729 667//729 666//729
f 731//730 668//730 667//730
f 732//731 669//731 668//731
f 733//732 670//732 669//732
f 734//733 671//733 670//733
f 735//734 672//734 671//734
f 736//735 673//735 672//735
f 737//736 674//736 673//736
f 674//737 739//737 675//737
f 675//738 740//738 676//738
f 676//739 741//739 677//739
f 677//740 742//740 678//740
f 678//741 743//741 679//741
f 679//742 744//742 680//742
f 680//743 745//743 681//743
f 681//744 746//744 682//744
f 682//745 747//745 683//745
f 683//746 748//746 684//746
f 684//747 749//747 685//747
f 685//748 750//748 686//748
f 686//749 751//749 687//749
f 687//750 752//750 688//750
f 688//751 753//751 689//751
f 689//752 754//752 690//752
f 754//753 691//753 690//753
f 755//754 692//754 691//754
f 756//755 693//755 692//755
f 757//756 694//756 693//756
f 758//757 695//757 694//757
f 759//758 696//758 695//758
f 760//759 697//759 696//759
f 761//760 698//760 697//760
f 762//761 699//761 698//761
f 763//762 700//762 699//762
f 764//763 701//763 700//763
f 765//764 702//764 701//764
f 766//765 703//765 702//765
f 767//766 704//766 703//766
f 768//767 705//767 704//767
f 769//768 642//768 705//768
f 770//769 707//769 706//769
f 771//770 708//770 707//770
f 708//771 773//771 709//771
f 709//772 774//772 710//772
f 710//773 775//773 711//773
f 711//774 776//774 712//774
f 712//775 777//775 713//775
f 713//776 778//776 714//776
f 714//777 779//777 715//777
f 715//778 780//778 716//778
f 716//779 781//779 717//779
f 717//780 782//780 718//780
f 718//781 783//781 719//781
f 1312//782 1313//782 719//782
f 1316//783 1317//783 721//783
f 722//784 1319//784 1320//784
f 722//785 1321//785 1322//785
f 784//786 724//786 723//786
f 785//787 725//787 724//787
f 786//788 726//788 725//788
f 787//789 727//789 726//789
f 788//790 728//790 727//790
f 789//791 729//791 728//791
f 790//792 730//792 729//792
f 791//793 731//793 730//793
f 792//794 732//794 731//794
f 793//795 733//795 732//795
f 794//796 734//796 733//796
f 795//797 735//797 734//797
f 796//798 736//798 735//798
f 797//799 737//799 736//799
f 798//800 738//800 737//800
f 799//801 739//801 738//801
f 739//802 801//802 740//802
f 740//803 802//803 741//803
f 741//804 803//804 742//804
f 742//805 804//805 743//805
f 743//806 805//806 744//806
f 744//807 806//807 745//807
f 745//808 807//808 746//808
f 746//809 808//809 747//809
f 747//810 809//810 748//810
f 748//811 810//811 749//811
f 749//812 811//812 750//812
f 750//813 812//813 751//813
f 1324//814 751//814 1323//814
f 1326//815 1327//815 752//815
f 1329//816 1330//816 753//816
f 754//817 1331//817 1333//817
f 813//818 756//818 755//818
f 814//819 757//819 756//819
f 815//820 758//820 757//820
f 816//821 759//821 758//821
f 817//822 760//822 759//822
f 818//823 761//823 760//823
f 819//824 762//824 761//824
f 820//825 763//825 762//825
f 821//826 764//826 763//826
f 822//827 765//827 764//827
f 823//828 766//828 765//828
f 824//829 767//829 766//829
f 825//830 768//830 767//830
f 826//831 769//831 768//831
f 827//832 706//832 769//832
f 828//833 771//833 770//833
f 771//834 830//834 772//834
f 772//835 831//835 773//835
f 773//836 832//836 774//836
f 774//837 833//837 775//837
f 775//838 834//838 776//838
f 776//839 835//839 777//839
f 777//840 836//840 778//840
f 778//841 837//841 779//841
f 779//842 838//842 780//842
f 780//843 839//843 781//843
f 781//844 840//844 782//844
f 1335//845 1336//845 782//845
f 783//846 1337//846 1338//846
f 841//849 786//849 785//849
f 842//850 787//850 786//850
f 843//851 788//851 787//851
f 844//852 789//852 788//852
f 845//853 790//853 789//853
f 846//854 791//854 790//854
f 847//855 792//855 791//855
f 848//856 793//856 792//856
f 849//857 794//857 793//857
f 850//858 795//858 794//858
f 851//859 796//859 795//859
f 852//860 797//860 796//860
f 853//861 798//861 797//861
f 798//862 855//862 799//862
f 855//863 800//863 799//863
f 800//864 857//864 801//864
f 801//865 858//865 802//865
f 802//866 859//866 803//866
f 803//867 860//867 804//867
f 804//868 861//868 805//868
f 805//869 862//869 806//869
f 806//870 863//870 807//870
f 807//871 864//871 808//871
f 808//872 865//872 809//872
f 809//873 866//873 810//873
f 810//874 867//874 811//874
f 1343//875 811//875 1344//875
f 812//876 1346//876 1347//876
f 1348//877 813//877 1332//877
f 813//878 1348//878 1349//878
f 868//879 815//879 814//879
f 869//880 816//880 815//880
f 870//881 817//881 816//881
f 871//882 818//882 817//882
f 872//883 819//883 818//883
f 873//884 820//884 819//884
f 874//885 821//885 820//885
f 875//886 822//886 821//886
f 876//887 823//887 822//887
f 877//888 824//888 823//888
f 878//889 825//889 824//889
f 879//890 826//890 825//890
f 880//891 827//891 826//891
f 881//892 770//892 827//892
f 830//895 885//895 831//895
f 831//896 886//896 832//896
f 832//897 887//897 833//897
f 833//898 888//898 834//898
f 834//899 889//899 835//899
f 835//900 890//900 836//900
f 1352//905 1353//905 840//905
f 841//906 1356//906 1355//906
f 895//907 842//907 841//907
f 896//908 843//908 842//908
f 897//909 844//909 843//909
f 898//910 845//910 844//910
f 899//911 846//911 845//911
f 900//912 847//912 846//912
f 901//913 848//913 847//913
f 902//914 849//914 848//914
f 903//915 850//915 849//915
f 904//916 851//916 850//916
f 905//917 852//917 851//917
f 906//918 853//918 852//918
f 907//919 854//919 853//919
f 908//920 855//920 854//920
f 909//921 856//921 855//921
f 856//922 911//922 857//922
f 857//923 912//923 858//923
f 858//924 913//924 859//924
f 859//925 914//925 860//925
f 860//926 915//926 861//926
f 861//927 916//927 862//927
f 862//928 917//928 863//928
f 863//929 918//929 864//929
f 864//930 919//930 865//930
f 865//931 920//931 866//931
f 866//932 921//932 867//932
f 1359//933 1344//933 867//933
f 868//934 1350//934 1361//934
f 922//935 869//935 868//935
f 923//936 870//936 869//936
f 924//937 871//937 870//937
f 925//938 872//938 871//938
f 926//939 873//939 872//939
f 927//940 874//940 873//940
f 928//941 875//941 874//941
f 929//942 876//942 875//942
f 930//943 877//943 876//943
f 931//944 878//944 877//944
f 932//945 879//945 878//945
f 933//946 880//946 879//946
f 934//947 881//947 880//947
f 935//948 828//948 881//948
f 886//953 941//953 887//953
f 1362//961 1364//961 894//961
f 895//962 1354//962 1366//962
f 949//963 896//963 895//963
f 950//964 897//964 896//964
f 951//965 898//965 897//965
f 952//966 899//966 898//966
f 953//967 900//967 899//967
f 954//968 901//968 900//968
f 955//969 902//969 901//969
f 956//970 903//970 902//970
f 957//971 904//971 903//971
f 958//972 905//972 904//972
f 959//973 906//973 905//973
f 960//974 907//974 906//974
f 961//975 908//975 907//975
f 962//976 909//976 908//976
f 963//977 910//977 909//977
f 910//978 965//978 911//978
f 913//981 968//981 914//981
f 914//982 969//982 915//982
f 915//983 970//983 916//983
f 916//984 971//984 917//984
f 917//985 972//985 918//985
f 974//988 1368//988 1367//988
f 921//989 1370//989 1357//989
f 975//990 1371//990 1372//990
f 975//991 923//991 922//991
f 976//992 924//992 923//992
f 977//993 925//993 924//993
f 978//994 926//994 925//994
f 979//995 927//995 926//995
f 980//996 928//996 927//996
f 981//997 929//997 928//997
f 1379//1018 1377//1018 949//1018
f 1002//1019 950//1019 949//1019
f 1003//1020 951//1020 950//1020
f 1004//1021 952//1021 951//1021
f 1005//1022 953//1022 952//1022
f 1006//1023 954//1023 953//1023
f 1007//1024 955//1024 954//1024
f 1008//1025 956//1025 955//1025
f 1009//1026 957//1026 956//1026
f 1010//1027 958//1027 957//1027
f 1011//1028 959//1028 958//1028
f 959//1029 1013//1029 960//1029
f 1013//1030 961//1030 960//1030
f 1014//1031 962//1031 961//1031
f 1015//1032 963//1032 962//1032
f 963//1033 1017//1033 964//1033
f 967//1037 1021//1037 968//1037
f 968//1038 1022//1038 969//1038
f 969//1039 1023//1039 970//1039
f 973//1043 1027//1043 974//1043
f 1382//1044 1027//1044 1380//1044
f 975//1045 1373//1045 1383//1045
f 1028//1046 976//1046 975//1046
f 1029//1047 977//1047 976//1047
f 1030//1048 978//1048 977//1048
f 1031//1049 979//1049 978//1049
f 979//1050 1033//1050 980//1050
f 1033//1051 981//1051 980//1051
f 1034//1052 982//1052 981//1052
f 1002//1074 1378//1074 1392//1074
f 1058//1078 1006//1078 1005//1078
f 1059//1079 1007//1079 1006//1079
f 1060//1080 1008//1080 1007//1080
f 1061//1081 1009//1081 1008//1081
f 1062//1082 1010//1082 1009//1082
f 1063//1083 1011//1083 1010//1083
f 1064//1084 1012//1084 1011//1084
f 1012//1085 1066//1085 1013//1085
f 1013//1086 1067//1086 1014//1086
f 1067//1087 1015//1087 1014//1087
f 1068//1088 1016//1088 1015//1088
f 1019//1092 1073//1092 1020//1092
f 1020//1093 1074//1093 1021//1093
f 1026//1099 1080//1099 1027//1099
f 1394//1100 1080//1100 1393//1100
f 1081//1101 1395//1101 1393//1101
f 1028//1102 1384//1102 1398//1102
f 1082//1103 1029//1103 1028//1103
f 1083//1104 1030//1104 1029//1104
f 1084//1105 1031//1105 1030//1105
f 1085//1106 1032//1106 1031//1106
f 1032//1107 1087//1107 1033//1107
f 1087//1108 1034//1108 1033//1108
f 1088//1109 1035//1109 1034//1109
f 1112//1134 1059//1134 1058//1134
f 1114//1136 1061//1136 1060//1136
f 1115//1137 1062//1137 1061//1137
f 1116//1138 1063//1138 1062//1138
f 1117//1139 1064//1139 1063//1139
f 1118//1140 1065//1140 1064//1140
f 1065//1141 1120//1141 1066//1141
f 1066//1142 1121//1142 1067//1142
f 1121//1143 1068//1143 1067//1143
f 1072//1148 1127//1148 1073//1148
f 1136//1158 1397//1158 1404//1158
f 1136//1159 1083//1159 1082//1159
f 1140//1163 1087//1163 1086//1163
f 1141//1164 1088//1164 1087//1164
f 1314//1356 720//1356 1315//1356
f 720//1357 719//1357 1313//1357
f 1315//1357 720//1357 1313//1357
f 719//782 783//782 1312//782
f 1317//783 1318//783 721//783
f 721//783 720//783 1316//783
f 720//1358 1314//1358 1316//1358
f 722//784 721//784 1319//784
f 721//1359 1318//1359 1319//1359
f 1320//784 1321//784 722//784
f 784//1360 723//1360 1322//1360
f 723//1361 722//1361 1322//1361
f 1324//1362 1325//1362 752//1362
f 752//1362 751//1362 1324//1362
f 751//1363 812//1363 1323//1363
f 1327//815 1328//815 753//815
f 753//815 752//815 1327//815
f 752//1364 1325//1364 1326//1364
f 1330//816 1331//816 754//816
f 754//816 753//816 1330//816
f 753//1365 1328//1365 1329//1365
f 1333//1366 1332//1366 755//1366
f 1332//1367 813//1367 755//1367
f 755//1368 754//1368 1333//1368
f 1336//845 783//845 782//845
f 782//1369 840//1369 1334//1369
f 1334//1369 1335//1369 782//1369
f 783//1370 1336//1370 1337//1370
f 1338//1371 1312//1371 783//1371
f 1343//1375 1345//1375 811//1375
f 1345//1375 812//1375 811//1375
f 811//875 867//875 1344//875
f 812//1376 1345//1376 1346//1376
f 1347//1377 1323//1377 812//1377
f 1349//1378 1350//1378 814//1378
f 1350//1379 868//1379 814//1379
f 814//1380 813//1380 1349//1380
f 1353//1381 1334//1381 840//1381
f 840//1382 894//1382 1352//1382
f 894//1382 1351//1382 1352//1382
f 1354//1383 895//1383 1355//1383
f 895//1384 841//1384 1355//1384
f 841//1385 1341//1385 1356//1385
f 867//1386 921//1386 1358//1386
f 921//1386 1357//1386 1358//1386
f 1358//933 1359//933 867//933
f 1361//1387 1360//1387 922//1387
f 922//934 868//934 1361//934
f 1364//1388 1351//1388 894//1388
f 1365//1391 949//1391 1366//1391
f 949//962 895//962 1366//962
f 1367//1392 1369//1392 974//1392
f 1369//1393 921//1393 920//1393
f 920//1394 974//1394 1369//1394
f 1372//990 1373//990 975//990
f 975//1395 922//1395 1371//1395
f 922//1395 1360//1395 1371//1395
f 1378//1399 1002//1399 1377//1399
f 1002//1018 949//1018 1377//1018
f 949//1400 1365//1400 1379//1400
f 1382//1401 1368//1401 974//1401
f 974//1402 1027//1402 1382//1402
f 1027//1403 1381//1403 1380//1403
f 1383//1404 1384//1404 1028//1404
f 1028//1045 975//1045 1383//1045
f 1392//1074 1390//1074 1055//1074
f 1390//1408 1391//1408 1055//1408
f 1055//1074 1002//1074 1392//1074
f 1394//1409 1381//1409 1027//1409
f 1027//1410 1080//1410 1394//1410
f 1080//1411 1081//1411 1393//1411
f 1398//1102 1396//1102 1028//1102
f 1396//1412 1397//1412 1082//1412
f 1028//1102 1396//1102 1082//1102
f 2//1438 66//1438 67//1438
f 3//1439 67//1439 68//1439
f 4//1440 68//1440 69//1440
f 5//1441 69//1441 70//1441
f 6//1442 70//1442 71//1442
f 7//1443 71//1443 72//1443
f 8//1444 72//1444 73//1444
f 9//1445 73//1445 74//1445
f 10//1446 74//1446 75//1446
f 11//1447 75//1447 76//1447
f 12//1448 76//1448 77//1448
f 13//1449 77//1449 78//1449
f 14//1450 78//1450 79//1450
f 15//1451 79//1451 80//1451
f 16//1452 80//1452 81//1452
f 17//1453 81//1453 82//1453
f 82//1454 83//1454 19//1454
f 83//1455 84//1455 20//1455
f 84//1456 85//1456 21//1456
f 85//1457 86//1457 22//1457
f 86//1458 87//1458 23//1458
f 87//1459 88//1459 24//1459
f 88//1460 89//1460 25//1460
f 89//1461 90//1461 26//1461
f 90//1462 91//1462 27//1462
f 91//1463 92//1463 28//1463
f 92//1464 93//1464 29//1464
f 93//1465 94//1465 30//1465
f 94//1466 95//1466 31//1466
f 95//1467 96//1467 32//1467
f 96//1468 97//1468 33//1468
f 33//1469 97//1469 98//1469
f 34//1470 98//1470 99//1470
f 35//1471 99//1471 100//1471
f 36//1472 100//1472 101//1472
f 37//1473 101//1473 102//1473
f 38//1474 102//1474 103//1474
f 39//1475 103//1475 104//1475
f 40//1476 104//1476 105//1476
f 41//1477 105//1477 106//1477
f 42//1478 106//1478 107//1478
f 43//1479 107//1479 108//1479
f 44//1480 108//1480 109//1480
f 45//1481 109//1481 110//1481
f 46//1482 110//1482 111//1482
f 47//1483 111//1483 112//1483
f 48//1484 112//1484 113//1484
f 49//1485 113//1485 114//1485
f 114//1486 115//1486 51//1486
f 115//1487 116//1487 52//1487
f 116//1488 117//1488 53//1488
f 117//1489 118//1489 54//1489
f 118//1490 119//1490 55//1490
f 119//1491 120//1491 56//1491
f 120//1492 121//1492 57//1492
f 121//1493 122//1493 58//1493
f 122//1494 123//1494 59//1494
f 123//1495 124//1495 60//1495
f 124//1496 125//1496 61//1496
f 125//1497 126//1497 62//1497
f 126//1498 127//1498 63//1498
f 127//1499 128//1499 64//1499
f 128//1500 129//1500 65//1500
f 129//1501 66//1501 2//1501
f 130//1502 131//1502 67//1502
f 67//1503 131//1503 132//1503
f 68//1504 132//1504 133//1504
f 69//1505 133//1505 134//1505
f 70//1506 134//1506 135//1506
f 71//1507 135//1507 136//1507
f 72//1508 136//1508 137//1508
f 73//1509 137//1509 138//1509
f 74//1510 138//1510 139//1510
f 75//1511 139//1511 140//1511
f 76//1512 140//1512 141//1512
f 77//1513 141//1513 142//1513
f 78//1514 142//1514 143//1514
f 79//1515 143//1515 144//1515
f 80//1516 144//1516 145//1516
f 81//1517 145//1517 146//1517
f 146//1518 147//1518 83//1518
f 147//1519 148//1519 84//1519
f 148//1520 149//1520 85//1520
f 149//1521 150//1521 86//1521
f 150//1522 151//1522 87//1522
f 151//1523 152//1523 88//1523
f 152//1524 153//1524 89//1524
f 153//1525 154//1525 90//1525
f 154//1526 155//1526 91//1526
f 155//1527 156//1527 92//1527
f 156//1528 157//1528 93//1528
f 157//1529 158//1529 94//1529
f 158//1530 159//1530 95//1530
f 159//1531 160//1531 96//1531
f 160//1532 161//1532 97//1532
f 97//1533 161//1533 162//1533
f 98//1534 162//1534 163//1534
f 99//1535 163//1535 164//1535
f 100//1536 164//1536 165//1536
f 101//1537 165//1537 166//1537
f 102//1538 166//1538 167//1538
f 103//1539 167//1539 168//1539
f 104//1540 168//1540 169//1540
f 105//1541 169//1541 170//1541
f 106//1542 170//1542 171//1542
f 107//1543 171//1543 172//1543
f 108//1544 172//1544 173//1544
f 109//1545 173//1545 174//1545
f 110//1546 174//1546 175//1546
f 111//1547 175//1547 176//1547
f 112//1548 176//1548 177//1548
f 113//1549 177//1549 178//1549
f 114//1550 178//1550 179//1550
f 179//1551 180//1551 116//1551
f 180//1552 181//1552 117//1552
f 181//1553 182//1553 118//1553
f 182//1554 183//1554 119//1554
f 183//1555 184//1555 120//1555
f 184//1556 185//1556 121//1556
f 185//1557 186//1557 122//1557
f 186//1558 187//1558 123//1558
f 187//1559 188//1559 124//1559
f 188//1560 189//1560 125//1560
f 189//1561 190//1561 126//1561
f 190//1562 191//1562 127//1562
f 191//1563 192//1563 128//1563
f 192//1564 193//1564 129//1564
f 193//1565 130//1565 66//1565
f 130//1566 194//1566 195//1566
f 131//1567 195//1567 196//1567
f 132//1568 196//1568 197//1568
f 133//1569 197//1569 198//1569
f 134//1570 198//1570 199//1570
f 135//1571 199//1571 200//1571
f 136//1572 200//1572 201//1572
f 137//1573 201//1573 202//1573
f 138//1574 202//1574 203//1574
f 139//1575 203//1575 204//1575
f 140//1576 204//1576 205//1576
f 141//1577 205//1577 206//1577
f 142//1578 206//1578 207//1578
f 143//1579 207//1579 208//1579
f 144//1580 208//1580 209//1580
f 145//1581 209//1581 210//1581
f 210//1582 211//1582 147//1582
f 211//1583 212//1583 148//1583
f 212//1584 213//1584 149//1584
f 213//1585 214//1585 150//1585
f 214//1586 215//1586 151//1586
f 215//1587 216//1587 152//1587
f 216//1588 217//1588 153//1588
f 217//1589 218//1589 154//1589
f 218//1590 219//1590 155//1590
f 219//1591 220//1591 156//1591
f 220//1592 221//1592 157//1592
f 221//1593 222//1593 158//1593
f 222//1594 223//1594 159//1594
f 223//1595 224//1595 160//1595
f 224//1596 225//1596 161//1596
f 225//1597 226//1597 162//1597
f 226//1598 227//1598 163//1598
f 163//1599 227//1599 228//1599
f 164//1600 228//1600 229//1600
f 165//1601 229//1601 230//1601
f 166//1602 230//1602 231//1602
f 167//1603 231//1603 232//1603
f 168//1604 232//1604 233//1604
f 169//1605 233//1605 234//1605
f 170//1606 234//1606 235//1606
f 171//1607 235//1607 236//1607
f 172//1608 236//1608 237//1608
f 173//1609 237//1609 238//1609
f 174//1610 238//1610 239//1610
f 175//1611 239//1611 240//1611
f 176//1612 240//1612 241//1612
f 177//1613 241//1613 242//1613
f 178//1614 242//1614 243//1614
f 243//1615 244//1615 180//1615
f 244//1616 245//1616 181//1616
f 245//1617 246//1617 182//1617
f 246//1618 247//1618 183//1618
f 247//1619 248//1619 184//1619
f 248//1620 249//1620 185//1620
f 249//1621 250//1621 186//1621
f 250//1622 251//1622 187//1622
f 251//1623 252//1623 188//1623
f 252//1624 253//1624 189//1624
f 253//1625 254//1625 190//1625
f 254//1626 255//1626 191//1626
f 255//1627 256//1627 192//1627
f 256//1628 257//1628 193//1628
f 257//1629 194//1629 130//1629
f 258//1630 259//1630 195//1630
f 195//1631 259//1631 260//1631
f 196//1632 260//1632 261//1632
f 197//1633 261//1633 262//1633
f 198//1634 262//1634 263//1634
f 199//1635 263//1635 264//1635
f 200//1636 264//1636 265//1636
f 201//1637 265//1637 266//1637
f 202//1638 266//1638 267//1638
f 203//1639 267//1639 268//1639
f 204//1640 268//1640 269//1640
f 205//1641 269//1641 270//1641
f 206//1642 270//1642 271//1642
f 207//1643 271//1643 272//1643
f 208//1644 272//1644 273//1644
f 209//1645 273//1645 274//1645
f 274//1646 275//1646 211//1646
f 275//1647 276//1647 212//1647
f 276//1648 277//1648 213//1648
f 277//1649 278//1649 214//1649
f 278//1650 279//1650 215//1650
f 279//1651 280//1651 216//1651
f 280//1652 281//1652 217//1652
f 281//1653 282//1653 218//1653
f 282//1654 283//1654 219//1654
f 283//1655 284//1655 220//1655
f 284//1656 285//1656 221//1656
f 285//1657 286//1657 222//1657
f 286//1658 287//1658 223//1658
f 287//1659 288//1659 224//1659
f 288//1660 289//1660 225//1660
f 289//1661 290//1661 226//1661
f 290//1662 291//1662 227//1662
f 291//1663 292//1663 228//1663
f 228//1664 292//1664 293//1664
f 229//1665 293//1665 294//1665
f 230//1666 294//1666 295//1666
f 231//1667 295//1667 296//1667
f 232//1668 296//1668 297//1668
f 233//1669 297//1669 298//1669
f 234//1670 298//1670 299//1670
f 235//1671 299//1671 300//1671
f 236//1672 300//1672 301//1672
f 237//1673 301//1673 302//1673
f 238//1674 302//1674 303//1674
f 239//1675 303//1675 304//1675
f 240//1676 304//1676 305//1676
f 241//1677 305//1677 306//1677
f 242//1678 306//1678 307//1678
f 307//1679 308//1679 244//1679
f 308//1680 309//1680 245//1680
f 309//1681 310//1681 246//1681
f 310//1682 311//1682 247//1682
f 311//1683 312//1683 248//1683
f 312//1684 313//1684 249//1684
f 313//1685 314//1685 250//1685
f 314//1686 315//1686 251//1686
f 315//1687 316//1687 252//1687
f 316//1688 317//1688 253//1688
f 317//1689 318//1689 254//1689
f 318//1690 319//1690 255//1690
f 319//1691 320//1691 256//1691
f 320//1692 321//1692 257//1692
f 321//1693 258//1693 194//1693
f 322//1694 323//1694 259//1694
f 259//1695 323//1695 324//1695
f 260//1696 324//1696 325//1696
f 261//1697 325//1697 326//1697
f 262//1698 326//1698 327//1698
f 263//1699 327//1699 328//1699
f 264//1700 328//1700 329//1700
f 265//1701 329//1701 330//1701
f 266//1702 330//1702 331//1702
f 267//1703 331//1703 332//1703
f 268//1704 332//1704 333//1704
f 269//1705 333//1705 334//1705
f 270//1706 334//1706 335//1706
f 271//1707 335//1707 336//1707
f 272//1708 336//1708 337//1708
f 273//1709 337//1709 338//1709
f 274//1710 338//1710 339//1710
f 339//1711 340//1711 276//1711
f 340//1712 341//1712 277//1712
f 341//1713 342//1713 278//1713
f 342//1714 343//1714 279//1714
f 343//1715 344//1715 280//1715
f 344//1716 345//1716 281//1716
f 345//1717 346//1717 282//1717
f 346//1718 347//1718 283//1718
f 347//1719 348//1719 284//1719
f 348//1720 349//1720 285//1720
f 349//1721 350//1721 286//1721
f 350//1722 351//1722 287//1722
f 351//1723 352//1723 288//1723
f 352//1724 353//1724 289//1724
f 353//1725 354//1725 290//1725
f 354//1726 355//1726 291//1726
f 355//1727 356//1727 292//1727
f 292//1728 356//1728 357//1728
f 293//1729 357//1729 358//1729
f 294//1730 358//1730 359//1730
f 295//1731 359//1731 360//1731
f 296//1732 360//1732 361//1732
f 297//1733 361//1733 362//1733
f 298//1734 362//1734 363//1734
f 299//1735 363//1735 364//1735
f 300//1736 364//1736 365//1736
f 301//1737 365//1737 366//1737
f 302//1738 366//1738 367//1738
f 303//1739 367//1739 368//1739
f 304//1740 368//1740 369//1740
f 305//1741 369//1741 370//1741
f 306//1742 370//1742 371//1742
f 371//1743 372//1743 308//1743
f 372//1744 373//1744 309//1744
f 373//1745 374//1745 310//1745
f 374//1746 375//1746 311//1746
f 375//1747 376//1747 312//1747
f 376//1748 377//1748 313//1748
f 377//1749 378//1749 314//1749
f 378//1750 379//1750 315//1750
f 379//1751 380//1751 316//1751
f 380//1752 381//1752 317//1752
f 381//1753 382//1753 318//1753
f 382//1754 383//1754 319//1754
f 383//1755 384//1755 320//1755
f 384//1756 385//1756 321//1756
f 385//1757 322//1757 258//1757
f 322//1758 386//1758 387//1758
f 323//1759 387//1759 388//1759
f 324//1760 388//1760 389//1760
f 325//1761 389//1761 390//1761
f 326//1762 390//1762 391//1762
f 327//1763 391//1763 392//1763
f 328//1764 392//1764 393//1764
f 329//1765 393//1765 394//1765
f 330//1766 394//1766 395//1766
f 331//1767 395//1767 396//1767
f 332//1768 396//1768 397//1768
f 333//1769 397//1769 398//1769
f 334//1770 398//1770 399//1770
f 335//1771 399//1771 400//1771
f 336//1772 400//1772 401//1772
f 337//1773 401//1773 402//1773
f 338//1774 402//1774 403//1774
f 339//1775 403//1775 404//1775
f 404//1776 405//1776 341//1776
f 405//1777 406//1777 342//1777
f 406//1778 407//1778 343//1778
f 407//1779 408//1779 344//1779
f 408//1780 409//1780 345//1780
f 409//1781 410//1781 346//1781
f 410//1782 411//1782 347//1782
f 411//1783 412//1783 348//1783
f 412//1784 413//1784 349//1784
f 413//1785 414//1785 350//1785
f 414//1786 415//1786 351//1786
f 415//1787 416//1787 352//1787
f 352//1788 416//1788 417//1788
f 353//1789 417//1789 418//1789
f 354//1790 418//1790 419//1790
f 355//1791 419//1791 420//1791
f 356//1792 420//1792 421//1792
f 357//1793 421//1793 422//1793
f 358//1794 422//1794 423//1794
f 359//1795 423//1795 424//1795
f 360//1796 424//1796 425//1796
f 361//1797 425//1797 426//1797
f 362//1798 426//1798 427//1798
f 363//1799 427//1799 428//1799
f 364//1800 428//1800 429//1800
f 365//1801 429//1801 430//1801
f 366//1802 430//1802 431//1802
f 367//1803 431//1803 432//1803
f 368//1804 432//1804 433//1804
f 369//1805 433//1805 434//1805
f 434//1806 435//1806 371//1806
f 435//1807 436//1807 372//1807
f 436//1808 437//1808 373//1808
f 437//1809 438//1809 374//1809
f 438//1810 439//1810 375//1810
f 439//1811 440//1811 376//1811
f 440//1812 441//1812 377//1812
f 441//1813 442//1813 378//1813
f 442//1814 443//1814 379//1814
f 443//1815 444//1815 380//1815
f 444//1816 445//1816 381//1816
f 445//1817 446//1817 382//1817
f 446//1818 447//1818 383//1818
f 447//1819 448//1819 384//1819
f 448//1820 449//1820 385//1820
f 449//1821 386//1821 322//1821
f 386//1822 450//1822 451//1822
f 387//1823 451//1823 452//1823
f 388//1824 452//1824 453//1824
f 389//1825 453//1825 454//1825
f 390//1826 454//1826 455//1826
f 391//1827 455//1827 456//1827
f 392//1828 456//1828 457//1828
f 393//1829 457//1829 458//1829
f 394//1830 458//1830 459//1830
f 395//1831 459//1831 460//1831
f 396//1832 460//1832 461//1832
f 397//1833 461//1833 462//1833
f 398//1834 462//1834 463//1834
f 399//1835 463//1835 464//1835
f 400//1836 464//1836 465//1836
f 401//1837 465//1837 466//1837
f 402//1838 466//1838 467//1838
f 467//1839 468//1839 404//1839
f 468//1840 469//1840 405//1840
f 469//1841 470//1841 406//1841
f 470//1842 471//1842 407//1842
f 471//1843 472//1843 408//1843
f 472//1844 473//1844 409//1844
f 473//1845 474//1845 410//1845
f 474//1846 475//1846 411//1846
f 475//1847 476//1847 412//1847
f 476//1848 477//1848 413//1848
f 477//1849 478//1849 414//1849
f 478//1850 479//1850 415//1850
f 479//1851 480//1851 416//1851
f 416//1852 480//1852 481//1852
f 417//1853 481//1853 482//1853
f 418//1854 482//1854 483//1854
f 419//1855 483//1855 484//1855
f 420//1856 484//1856 485//1856
f 421//1857 485//1857 486//1857
f 422//1858 486//1858 487//1858
f 423//1859 487//1859 488//1859
f 424//1860 488//1860 489//1860
f 425//1861 489//1861 490//1861
f 426//1862 490//1862 491//1862
f 427//1863 491//1863 492//1863
f 428//1864 492//1864 493//1864
f 429//1865 493//1865 494//1865
f 430//1866 494//1866 495//1866
f 431//1867 495//1867 496//1867
f 432//1868 496//1868 497//1868
f 433//1869 497//1869 498//1869
f 498//1870 499//1870 435//1870
f 499//1871 500//1871 436//1871
f 500//1872 501//1872 437//1872
f 501//1873 502//1873 438//1873
f 502//1874 503//1874 439//1874
f 503//1875 504//1875 440//1875
f 504//1876 505//1876 441//1876
f 505//1877 506//1877 442//1877
f 506//1878 507//1878 443//1878
f 507//1879 508//1879 444//1879
f 508//1880 509//1880 445//1880
f 509//1881 510//1881 446//1881
f 510//1882 511//1882 447//1882
f 511//1883 512//1883 448//1883
f 512//1884 513//1884 449//1884
f 513//1885 450//1885 386//1885
f 450//1886 514//1886 515//1886
f 451//1887 515//1887 516//1887
f 452//1888 516//1888 517//1888
f 453//1889 517//1889 518//1889
f 454//1890 518//1890 519//1890
f 455//1891 519//1891 520//1891
f 456//1892 520//1892 521//1892
f 457//1893 521//1893 522//1893
f 458//1894 522//1894 523//1894
f 459//1895 523//1895 524//1895
f 460//1896 524//1896 525//1896
f 461//1897 525//1897 526//1897
f 462//1898 526//1898 527//1898
f 463//1899 527//1899 528//1899
f 464//1900 528//1900 529//1900
f 465//1901 529//1901 530//1901
f 530//1902 531//1902 467//1902
f 531//1903 532//1903 468//1903
f 532//1904 533//1904 469//1904
f 533//1905 534//1905 470//1905
f 534//1906 535//1906 471//1906
f 535//1907 536//1907 472//1907
f 536//1908 537//1908 473//1908
f 537//1909 538//1909 474//1909
f 538//1910 539//1910 475//1910
f 539//1911 540//1911 476//1911
f 540//1912 541//1912 477//1912
f 541//1913 542//1913 478//1913
f 542//1914 543//1914 479//1914
f 543//1915 544//1915 480//1915
f 544//1916 545//1916 481//1916
f 481//1917 545//1917 546//1917
f 482//1918 546//1918 547//1918
f 483//1919 547//1919 548//1919
f 484//1920 548//1920 549//1920
f 485//1921 549//1921 550//1921
f 486//1922 550//1922 551//1922
f 487//1923 551//1923 552//1923
f 488//1924 552//1924 553//1924
f 489//1925 553//1925 554//1925
f 490//1926 554//1926 555//1926
f 491//1927 555//1927 556//1927
f 492//1928 556//1928 557//1928
f 493//1929 557//1929 558//1929
f 494//1930 558//1930 559//1930
f 495//1931 559//1931 560//1931
f 496//1932 560//1932 561//1932
f 497//1933 561//1933 562//1933
f 498//1934 562//1934 563//1934
f 563//1935 564//1935 500//1935
f 564//1936 565//1936 501//1936
f 565//1937 566//1937 502//1937
f 566//1938 567//1938 503//1938
f 567//1939 568//1939 504//1939
f 504//1940 568//1940 569//1940
f 505//1941 569//1941 570//1941
f 570//1942 571//1942 507//1942
f 571//1943 572//1943 508//1943
f 572//1944 573//1944 509//1944
f 573//1945 574//1945 510//1945
f 574//1946 575//1946 511//1946
f 575//1947 576//1947 512//1947
f 576//1948 577//1948 513//1948
f 577//1949 514//1949 450//1949
f 514//1950 578//1950 579//1950
f 515//1951 579//1951 580//1951
f 516//1952 580//1952 581//1952
f 517//1953 581//1953 582//1953
f 518//1954 582//1954 583//1954
f 519//1955 583//1955 584//1955
f 520//1956 584//1956 585//1956
f 521//1957 585//1957 586//1957
f 522//1958 586//1958 587//1958
f 523//1959 587//1959 588//1959
f 524//1960 588//1960 589//1960
f 525//1961 589//1961 590//1961
f 526//1962 590//1962 591//1962
f 527//1963 591//1963 592//1963
f 528//1964 592//1964 593//1964
f 593//1965 594//1965 530//1965
f 594//1966 595//1966 531//1966
f 595//1967 596//1967 532//1967
f 596//1968 597//1968 533//1968
f 597//1969 598//1969 534//1969
f 598//1970 599//1970 535//1970
f 599//1971 600//1971 536//1971
f 600//1972 601//1972 537//1972
f 601//1973 602//1973 538//1973
f 602//1974 603//1974 539//1974
f 603//1975 604//1975 540//1975
f 604//1976 605//1976 541//1976
f 605//1977 606//1977 542//1977
f 606//1978 607//1978 543//1978
f 607//1979 608//1979 544//1979
f 608//1980 609//1980 545//1980
f 609//1981 610//1981 546//1981
f 546//1982 610//1982 611//1982
f 547//1983 611//1983 612//1983
f 612//1984 613//1984 549//1984
f 549//1985 613//1985 614//1985
f 550//1986 614//1986 615//1986
f 551//1987 615//1987 616//1987
f 552//1988 616//1988 617//1988
f 553//1989 617//1989 618//1989
f 554//1990 618//1990 619//1990
f 555//1991 619//1991 620//1991
f 556//1992 620//1992 621//1992
f 557//1993 621//1993 622//1993
f 558//1994 622//1994 623//1994
f 559//1995 623//1995 624//1995
f 560//1996 624//1996 625//1996
f 561//1997 625//1997 626//1997
f 562//1998 626//1998 627//1998
f 627//1999 628//1999 564//1999
f 628//2000 629//2000 565//2000
f 629//2001 630//2001 566//2001
f 630//2002 631//2002 567//2002
f 631//2003 632//2003 568//2003
f 568//2004 632//2004 633//2004
f 633//2005 634//2005 570//2005
f 634//2006 635//2006 571//2006
f 635//2007 636//2007 572//2007
f 636//2008 637//2008 573//2008
f 637//2009 638//2009 574//2009
f 638//2010 639//2010 575//2010
f 639//2011 640//2011 576//2011
f 640//2012 641//2012 577//2012
f 641//2013 578//2013 514//2013
f 642//2014 643//2014 579//2014
f 579//2015 643//2015 644//2015
f 580//2016 644//2016 645//2016
f 581//2017 645//2017 646//2017
f 582//2018 646//2018 647//2018
f 583//2019 647//2019 648//2019
f 584//2020 648//2020 649//2020
f 585//2021 649//2021 650//2021
f 586//2022 650//2022 651//2022
f 587//2023 651//2023 652//2023
f 588//2024 652//2024 653//2024
f 589//2025 653//2025 654//2025
f 590//2026 654//2026 655//2026
f 591//2027 655//2027 656//2027
f 592//2028 656//2028 657//2028
f 657//2029 658//2029 594//2029
f 658//2030 659//2030 595//2030
f 659//2031 660//2031 596//2031
f 660//2032 661//2032 597//2032
f 661//2033 662//2033 598//2033
f 662//2034 663//2034 599//2034
f 663//2035 664//2035 600//2035
f 664//2036 665//2036 601//2036
f 665//2037 666//2037 602//2037
f 666//2038 667//2038 603//2038
f 667//2039 668//2039 604//2039
f 668//2040 669//2040 605//2040
f 669//2041 670//2041 606//2041
f 670//2042 671//2042 607//2042
f 671//2043 672//2043 608//2043
f 672//2044 673//2044 609//2044
f 673//2045 674//2045 610//2045
f 610//2046 674//2046 675//2046
f 611//2047 675//2047 676//2047
f 612//2048 676//2048 677//2048
f 613//2049 677//2049 678//2049
f 614//2050 678//2050 679//2050
f 615//2051 679//2051 680//2051
f 616//2052 680//2052 681//2052
f 617//2053 681//2053 682//2053
f 618//2054 682//2054 683//2054
f 619//2055 683//2055 684//2055
f 620//2056 684//2056 685//2056
f 621//2057 685//2057 686//2057
f 622//2058 686//2058 687//2058
f 623//2059 687//2059 688//2059
f 624//2060 688//2060 689//2060
f 625//2061 689//2061 690//2061
f 690//2062 691//2062 627//2062
f 691//2063 692//2063 628//2063
f 692//2064 693//2064 629//2064
f 693//2065 694//2065 630//2065
f 694//2066 695//2066 631//2066
f 695//2067 696//2067 632//2067
f 696//2068 697//2068 633//2068
f 697//2069 698//2069 634//2069
f 698//2070 699//2070 635//2070
f 699//2071 700//2071 636//2071
f 700//2072 701//2072 637//2072
f 701//2073 702//2073 638//2073
f 702//2074 703//2074 639//2074
f 703//2075 704//2075 640//2075
f 704//2076 705//2076 641//2076
f 705//2077 642//2077 578//2077
f 706//2078 707//2078 643//2078
f 707//2079 708//2079 644//2079
f 644//2080 708//2080 709//2080
f 645//2081 709//2081 710//2081
f 646//2082 710//2082 711//2082
f 647//2083 711//2083 712//2083
f 648//2084 712//2084 713//2084
f 649//2085 713//2085 714//2085
f 650//2086 714//2086 715//2086
f 651//2087 715//2087 716//2087
f 652//2088 716//2088 717//2088
f 653//2089 717//2089 718//2089
f 654//2090 718//2090 719//2090
f 655//2091 719//2091 720//2091
f 656//2092 720//2092 721//2092
f 721//2093 722//2093 658//2093
f 722//2094 723//2094 659//2094
f 723//2095 724//2095 660//2095
f 724//2096 725//2096 661//2096
f 725//2097 726//2097 662//2097
f 726//2098 727//2098 663//2098
f 727//2099 728//2099 664//2099
f 728//2100 729//2100 665//2100
f 729//2101 730//2101 666//2101
f 730//2102 731//2102 667//2102
f 731//2103 732//2103 668//2103
f 732//2104 733//2104 669//2104
f 733//2105 734//2105 670//2105
f 734//2106 735//2106 671//2106
f 735//2107 736//2107 672//2107
f 736//2108 737//2108 673//2108
f 737//2109 738//2109 674//2109
f 674//2110 738//2110 739//2110
f 675//2111 739//2111 740//2111
f 676//2112 740//2112 741//2112
f 677//2113 741//2113 742//2113
f 678//2114 742//2114 743//2114
f 679//2115 743//2115 744//2115
f 680//2116 744//2116 745//2116
f 681//2117 745//2117 746//2117
f 682//2118 746//2118 747//2118
f 683//2119 747//2119 748//2119
f 684//2120 748//2120 749//2120
f 685//2121 749//2121 750//2121
f 686//2122 750//2122 751//2122
f 687//2123 751//2123 752//2123
f 688//2124 752//2124 753//2124
f 689//2125 753//2125 754//2125
f 754//2126 755//2126 691//2126
f 755//2127 756//2127 692//2127
f 756//2128 757//2128 693//2128
f 757//2129 758//2129 694//2129
f 758//2130 759//2130 695//2130
f 759//2131 760//2131 696//2131
f 760//2132 761//2132 697//2132
f 761//2133 762//2133 698//2133
f 762//2134 763//2134 699//2134
f 763//2135 764//2135 700//2135
f 764//2136 765//2136 701//2136
f 765//2137 766//2137 702//2137
f 766//2138 767//2138 703//2138
f 767//2139 768//2139 704//2139
f 768//2140 769//2140 705//2140
f 769//2141 706//2141 642//2141
f 770//2142 771//2142 707//2142
f 771//2143 772//2143 708//2143
f 708//2144 772//2144 773//2144
f 709//2145 773//2145 774//2145
f 710//2146 774//2146 775//2146
f 711//2147 775//2147 776//2147
f 712//2148 776//2148 777//2148
f 713//2149 777//2149 778//2149
f 714//2150 778//2150 779//2150
f 715//2151 779//2151 780//2151
f 716//2152 780//2152 781//2152
f 717//2153 781//2153 782//2153
f 718//2154 782//2154 783//2154
f 784//2155 785//2155 724//2155
f 785//2156 786//2156 725//2156
f 786//2157 787//2157 726//2157
f 787//2158 788//2158 727//2158
f 788//2159 789//2159 728//2159
f 789//2160 790//2160 729//2160
f 790//2161 791//2161 730//2161
f 791//2162 792//2162 731//2162
f 792//2163 793//2163 732//2163
f 793//2164 794//2164 733//2164
f 794//2165 795//2165 734//2165
f 795//2166 796//2166 735//2166
f 796//2167 797//2167 736//2167
f 797//2168 798//2168 737//2168
f 798//2169 799//2169 738//2169
f 799//2170 800//2170 739//2170
f 739//2171 800//2171 801//2171
f 740//2172 801//2172 802//2172
f 741//2173 802//2173 803//2173
f 742//2174 803//2174 804//2174
f 743//2175 804//2175 805//2175
f 744//2176 805//2176 806//2176
f 745//2177 806//2177 807//2177
f 746//2178 807//2178 808//2178
f 747//2179 808//2179 809//2179
f 748//2180 809//2180 810//2180
f 749//2181 810//2181 811//2181
f 750//2182 811//2182 812//2182
f 813//2183 814//2183 756//2183
f 814//2184 815//2184 757//2184
f 815//2185 816//2185 758//2185
f 816//2186 817//2186 759//2186
f 817//2187 818//2187 760//2187
f 818//2188 819//2188 761//2188
f 819//2189 820//2189 762//2189
f 820//2190 821//2190 763//2190
f 821//2191 822//2191 764//2191
f 822//2192 823//2192 765//2192
f 823//2193 824//2193 766//2193
f 824//2194 825//2194 767//2194
f 825//2195 826//2195 768//2195
f 826//2196 827//2196 769//2196
f 827//2197 770//2197 706//2197
f 828//2198 829//2198 771//2198
f 771//2199 829//2199 830//2199
f 772//2200 830//2200 831//2200
f 773//2201 831//2201 832//2201
f 774//2202 832//2202 833//2202
f 775//2203 833//2203 834//2203
f 776//2204 834//2204 835//2204
f 777//2205 835//2205 836//2205
f 778//2206 836//2206 837//2206
f 779//2207 837//2207 838//2207
f 780//2208 838//2208 839//2208
f 781//2209 839//2209 840//2209
f 841//2210 842//2210 786//2210
f 842//2211 843//2211 787//2211
f 843//2212 844//2212 788//2212
f 844//2213 845//2213 789//2213
f 845//2214 846//2214 790//2214
f 846//2215 847//2215 791//2215
f 847//2216 848//2216 792//2216
f 848//2217 849//2217 793//2217
f 849//2218 850//2218 794//2218
f 850//2219 851//2219 795//2219
f 851//2220 852//2220 796//2220
f 852//2221 853//2221 797//2221
f 853//2222 854//2222 798//2222
f 798//2223 854//2223 855//2223
f 855//2224 856//2224 800//2224
f 800//2225 856//2225 857//2225
f 801//2226 857//2226 858//2226
f 802//2227 858//2227 859//2227
f 803//2228 859//2228 860//2228
f 804//2229 860//2229 861//2229
f 805//2230 861//2230 862//2230
f 806//2231 862//2231 863//2231
f 807//2232 863//2232 864//2232
f 808//2233 864//2233 865//2233
f 809//2234 865//2234 866//2234
f 810//2235 866//2235 867//2235
f 868//2236 869//2236 815//2236
f 869//2237 870//2237 816//2237
f 870//2238 871//2238 817//2238
f 871//2239 872//2239 818//2239
f 872//2240 873//2240 819//2240
f 873//2241 874//2241 820//2241
f 874//2242 875//2242 821//2242
f 875//2243 876//2243 822//2243
f 876//2244 877//2244 823//2244
f 877//2245 878//2245 824//2245
f 878//2246 879//2246 825//2246
f 879//2247 880//2247 826//2247
f 880//2248 881//2248 827//2248
f 881//2249 828//2249 770//2249
f 830//2252 884//2252 885//2252
f 831//2253 885//2253 886//2253
f 832//2254 886//2254 887//2254
f 833//2255 887//2255 888//2255
f 834//2256 888//2256 889//2256
f 835//2257 889//2257 890//2257
f 895//2262 896//2262 842//2262
f 896//2263 897//2263 843//2263
f 897//2264 898//2264 844//2264
f 898//2265 899//2265 845//2265
f 899//2266 900//2266 846//2266
f 900//2267 901//2267 847//2267
f 901//2268 902//2268 848//2268
f 902//2269 903//2269 849//2269
f 903//2270 904//2270 850//2270
f 904//2271 905//2271 851//2271
f 905//2272 906//2272 852//2272
f 906//2273 907//2273 853//2273
f 907//2274 908//2274 854//2274
f 908//2275 909//2275 855//2275
f 909//2276 910//2276 856//2276
f 856//2277 910//2277 911//2277
f 857//2278 911//2278 912//2278
f 858//2279 912//2279 913//2279
f 859//2280 913//2280 914//2280
f 860//2281 914//2281 915//2281
f 861//2282 915//2282 916//2282
f 862//2283 916//2283 917//2283
f 863//2284 917//2284 918//2284
f 864//2285 918//2285 919//2285
f 865//2286 919//2286 920//2286
f 866//2287 920//2287 921//2287
f 922//2288 923//2288 869//2288
f 923//2289 924//2289 870//2289
f 924//2290 925//2290 871//2290
f 925//2291 926//2291 872//2291
f 926//2292 927//2292 873//2292
f 927//2293 928//2293 874//2293
f 928//2294 929//2294 875//2294
f 929//2295 930//2295 876//2295
f 930//2296 931//2296 877//2296
f 931//2297 932//2297 878//2297
f 932//2298 933//2298 879//2298
f 933//2299 934//2299 880//2299
f 934//2300 935//2300 881//2300
f 935//2301 882//2301 828//2301
f 886//2306 940//2306 941//2306
f 949//2314 950//2314 896//2314
f 950//2315 951//2315 897//2315
f 951//2316 952//2316 898//2316
f 952//2317 953//2317 899//2317
f 953//2318 954//2318 900//2318
f 954//2319 955//2319 901//2319
f 955//2320 956//2320 902//2320
f 956//2321 957//2321 903//2321
f 957//2322 958//2322 904//2322
f 958//2323 959//2323 905//2323
f 959//2324 960//2324 906//2324
f 960//2325 961//2325 907//2325
f 961//2326 962//2326 908//2326
f 962//2327 963//2327 909//2327
f 963//2328 964//2328 910//2328
f 910//2329 964//2329 965//2329
f 913//2332 967//2332 968//2332
f 914//2333 968//2333 969//2333
f 915//2334 969//2334 970//2334
f 916//2335 970//2335 971//2335
f 917//2336 971//2336 972//2336
f 921//2339 1369//2339 1370//2339
f 975//2340 976//2340 923//2340
f 976//2341 977//2341 924//2341
f 977//2342 978//2342 925//2342
f 978//2343 979//2343 926//2343
f 979//2344 980//2344 927//2344
f 980//2345 981//2345 928//2345
f 981//2346 982//2346 929//2346
f 1002//2366 1003//2366 950//2366
f 1003//2367 1004//2367 951//2367
f 1004//2368 1005//2368 952//2368
f 1005//2369 1006//2369 953//2369
f 1006//2370 1007//2370 954//2370
f 1007//2371 1008//2371 955//2371
f 1008//2372 1009//2372 956//2372
f 1009//2373 1010//2373 957//2373
f 1010//2374 1011//2374 958//2374
f 1011//2375 1012//2375 959//2375
f 959//2376 1012//2376 1013//2376
f 1013//2377 1014//2377 961//2377
f 1014//2378 1015//2378 962//2378
f 1015//2379 1016//2379 963//2379
f 963//2380 1016//2380 1017//2380
f 967//2384 1020//2384 1021//2384
f 968//2385 1021//2385 1022//2385
f 969//2386 1022//2386 1023//2386
f 973//2390 1026//2390 1027//2390
f 1028//2391 1029//2391 976//2391
f 1029//2392 1030//2392 977//2392
f 1030//2393 1031//2393 978//2393
f 1031//2394 1032//2394 979//2394
f 979//2395 1032//2395 1033//2395
f 1033//2396 1034//2396 981//2396
f 1034//2397 1035//2397 982//2397
f 1058//2420 1059//2420 1006//2420
f 1059//2421 1060//2421 1007//2421
f 1060//2422 1061//2422 1008//2422
f 1061//2423 1062//2423 1009//2423
f 1062//2424 1063//2424 1010//2424
f 1063//2425 1064//2425 1011//2425
f 1064//2426 1065//2426 1012//2426
f 1012//2427 1065//2427 1066//2427
f 1013//2428 1066//2428 1067//2428
f 1067//2429 1068//2429 1015//2429
f 1068//2430 1069//2430 1016//2430
f 1019//2434 1072//2434 1073//2434
f 1020//2435 1073//2435 1074//2435
f 1026//2441 1079//2441 1080//2441
f 1082//2442 1083//2442 1029//2442
f 1083//2443 1084//2443 1030//2443
f 1084//2444 1085//2444 1031//2444
f 1085//2445 1086//2445 1032//2445
f 1032//2446 1086//2446 1087//2446
f 1087//2447 1088//2447 1034//2447
f 1088//2448 1089//2448 1035//2448
f 1112//2472 1113//2472 1059//2472
f 1114//2474 1115//2474 1061//2474
f 1115//2475 1116//2475 1062//2475
f 1116//2476 1117//2476 1063//2476
f 1117//2477 1118//2477 1064//2477
f 1118//2478 1119//2478 1065//2478
f 1065//2479 1119//2479 1120//2479
f 1066//2480 1120//2480 1121//2480
f 1121//2481 1122//2481 1068//2481
f 1072//2486 1126//2486 1127//2486
f 1136//2495 1082//2495 1397//2495
f 1136//2496 1137//2496 1083//2496
f 1140//2500 1141//2500 1087//2500
f 1141//2501 1142//2501 1088//2501
usemtl plaster_base
f 784//847 1340//847 1339//847
f 1342//848 1341//848 785//848
f 828//893 883//893 829//893
f 829//894 884//894 830//894
f 836//901 891//901 837//901
f 891//902 838//902 837//902
f 892//903 839//903 838//903
f 893//904 840//904 839//904
f 882//949 937//949 883//949
f 883//950 938//950 884//950
f 884//951 939//951 885//951
f 885//952 940//952 886//952
f 887//954 942//954 888//954
f 888//955 943//955 889//955
f 889//956 944//956 890//956
f 944//957 891//957 890//957
f 945//958 892//958 891//958
f 946//959 893//959 892//959
f 947//960 894//960 893//960
f 911//979 966//979 912//979
f 912//980 967//980 913//980
f 918//986 973//986 919//986
f 919//987 974//987 920//987
f 929//998 983//998 930//998
f 983//999 931//999 930//999
f 984//1000 932//1000 931//1000
f 985//1001 933//1001 932//1001
f 986//1002 934//1002 933//1002
f 987//1003 935//1003 934//1003
f 988//1004 882//1004 935//1004
f 936//1005 990//1005 937//1005
f 937//1006 991//1006 938//1006
f 938//1007 992//1007 939//1007
f 939//1008 993//1008 940//1008
f 940//1009 994//1009 941//1009
f 941//1010 995//1010 942//1010
f 995//1011 943//1011 942//1011
f 996//1012 944//1012 943//1012
f 997//1013 945//1013 944//1013
f 998//1014 946//1014 945//1014
f 999//1015 947//1015 946//1015
f 947//1016 1001//1016 948//1016
f 1375//1017 1374//1017 948//1017
f 964//1034 1018//1034 965//1034
f 1018//1035 966//1035 965//1035
f 966//1036 1020//1036 967//1036
f 970//1040 1024//1040 971//1040
f 971//1041 1025//1041 972//1041
f 972//1042 1026//1042 973//1042
f 1035//1053 983//1053 982//1053
f 983//1054 1037//1054 984//1054
f 984//1055 1038//1055 985//1055
f 985//1056 1039//1056 986//1056
f 1039//1057 987//1057 986//1057
f 1040//1058 988//1058 987//1058
f 1041//1059 936//1059 988//1059
f 989//1060 1043//1060 990//1060
f 990//1061 1044//1061 991//1061
f 991//1062 1045//1062 992//1062
f 992//1063 1046//1063 993//1063
f 993//1064 1047//1064 994//1064
f 994//1065 1048//1065 995//1065
f 1048//1066 996//1066 995//1066
f 1049//1067 997//1067 996//1067
f 1050//1068 998//1068 997//1068
f 1051//1069 999//1069 998//1069
f 1052//1070 1000//1070 999//1070
f 1386//1071 1387//1071 1000//1071
f 1388//1072 1385//1072 1054//1072
f 1001//1073 1389//1073 1376//1073
f 1055//1075 1003//1075 1002//1075
f 1056//1076 1004//1076 1003//1076
f 1057//1077 1005//1077 1004//1077
f 1016//1089 1070//1089 1017//1089
f 1017//1090 1071//1090 1018//1090
f 1018//1091 1072//1091 1019//1091
f 1021//1094 1075//1094 1022//1094
f 1022//1095 1076//1095 1023//1095
f 1023//1096 1077//1096 1024//1096
f 1024//1097 1078//1097 1025//1097
f 1025//1098 1079//1098 1026//1098
f 1089//1110 1036//1110 1035//1110
f 1090//1111 1037//1111 1036//1111
f 1091//1112 1038//1112 1037//1112
f 1038//1113 1093//1113 1039//1113
f 1093//1114 1040//1114 1039//1114
f 1094//1115 1041//1115 1040//1115
f 1095//1116 989//1116 1041//1116
f 1096//1117 1043//1117 1042//1117
f 1043//1118 1098//1118 1044//1118
f 1044//1119 1099//1119 1045//1119
f 1045//1120 1100//1120 1046//1120
f 1046//1121 1101//1121 1047//1121
f 1047//1122 1102//1122 1048//1122
f 1048//1123 1103//1123 1049//1123
f 1049//1124 1104//1124 1050//1124
f 1104//1125 1051//1125 1050//1125
f 1051//1126 1106//1126 1052//1126
f 1052//1127 1107//1127 1053//1127
f 1053//1128 1108//1128 1054//1128
f 1108//1129 1400//1129 1399//1129
f 1109//1130 1391//1130 1401//1130
f 1055//1131 1110//1131 1056//1131
f 1110//1132 1057//1132 1056//1132
f 1111//1133 1058//1133 1057//1133
f 1113//1135 1060//1135 1059//1135
f 1068//1144 1123//1144 1069//1144
f 1069//1145 1124//1145 1070//1145
f 1070//1146 1125//1146 1071//1146
f 1071//1147 1126//1147 1072//1147
f 1073//1149 1128//1149 1074//1149
f 1074//1150 1129//1150 1075//1150
f 1129//1151 1076//1151 1075//1151
f 1130//1152 1077//1152 1076//1152
f 1077//1153 1132//1153 1078//1153
f 1078//1154 1133//1154 1079//1154
f 1079//1155 1134//1155 1080//1155
f 1080//1156 1135//1156 1081//1156
f 1135//1157 1403//1157 1402//1157
f 1137//1160 1084//1160 1083//1160
f 1138//1161 1085//1161 1084//1161
f 1139//1162 1086//1162 1085//1162
f 1142//1165 1089//1165 1088//1165
f 1143//1166 1090//1166 1089//1166
f 1144//1167 1091//1167 1090//1167
f 1145//1168 1092//1168 1091//1168
f 1146//1169 1093//1169 1092//1169
f 1147//1170 1094//1170 1093//1170
f 1148//1171 1095//1171 1094//1171
f 1149//1172 1042//1172 1095//1172
f 1096//1173 1151//1173 1097//1173
f 1097//1174 1152//1174 1098//1174
f 1098//1175 1153//1175 1099//1175
f 1099//1176 1154//1176 1100//1176
f 1100//1177 1155//1177 1101//1177
f 1101//1178 1156//1178 1102//1178
f 1102//1179 1157//1179 1103//1179
f 1103//1180 1158//1180 1104//1180
f 1104//1181 1159//1181 1105//1181
f 1105//1182 1160//1182 1106//1182
f 1106//1183 1161//1183 1107//1183
f 1107//1184 1162//1184 1108//1184
f 1108//1185 1405//1185 1400//1185
f 1109//1186 1401//1186 1406//1186
f 1109//1187 1164//1187 1110//1187
f 1164//1188 1111//1188 1110//1188
f 1165//1189 1112//1189 1111//1189
f 1166//1190 1113//1190 1112//1190
f 1167//1191 1114//1191 1113//1191
f 1168//1192 1115//1192 1114//1192
f 1169//1193 1116//1193 1115//1193
f 1170//1194 1117//1194 1116//1194
f 1171//1195 1118//1195 1117//1195
f 1172//1196 1119//1196 1118//1196
f 1173//1197 1120//1197 1119//1197
f 1120//1198 1175//1198 1121//1198
f 1121//1199 1176//1199 1122//1199
f 1122//1200 1177//1200 1123//1200
f 1123//1201 1178//1201 1124//1201
f 1124//1202 1179//1202 1125//1202
f 1125//1203 1180//1203 1126//1203
f 1126//1204 1181//1204 1127//1204
f 1127//1205 1182//1205 1128//1205
f 1128//1206 1183//1206 1129//1206
f 1183//1207 1130//1207 1129//1207
f 1184//1208 1131//1208 1130//1208
f 1131//1209 1186//1209 1132//1209
f 1132//1210 1187//1210 1133//1210
f 1133//1211 1188//1211 1134//1211
f 1134//1212 1189//1212 1135//1212
f 1135//1213 1408//1213 1403//1213
f 1136//1214 1404//1214 1409//1214
f 1136//1215 1191//1215 1137//1215
f 1137//1216 1192//1216 1138//1216
f 1138//1217 1193//1217 1139//1217
f 1193//1218 1140//1218 1139//1218
f 1194//1219 1141//1219 1140//1219
f 1195//1220 1142//1220 1141//1220
f 1196//1221 1143//1221 1142//1221
f 1197//1222 1144//1222 1143//1222
f 1198//1223 1145//1223 1144//1223
f 1199//1224 1146//1224 1145//1224
f 1200//1225 1147//1225 1146//1225
f 1201//1226 1148//1226 1147//1226
f 1202//1227 1149//1227 1148//1227
f 1203//1228 1096//1228 1149//1228
f 1150//1229 1205//1229 1151//1229
f 1205//1230 1152//1230 1151//1230
f 1206//1231 1153//1231 1152//1231
f 1153//1232 1208//1232 1154//1232
f 1154//1233 1209//1233 1155//1233
f 1155//1234 1210//1234 1156//1234
f 1210//1235 1157//1235 1156//1235
f 1157//1236 1212//1236 1158//1236
f 1158//1237 1213//1237 1159//1237
f 1213//1238 1160//1238 1159//1238
f 1214//1239 1161//1239 1160//1239
f 1215//1240 1162//1240 1161//1240
f 1216//1241 1412//1241 1411//1241
f 1163//1242 1407//1242 1413//1242
f 1217//1243 1164//1243 1163//1243
f 1164//1244 1219//1244 1165//1244
f 1219//1245 1166//1245 1165//1245
f 1220//1246 1167//1246 1166//1246
f 1221//1247 1168//1247 1167//1247
f 1222//1248 1169//1248 1168//1248
f 1223//1249 1170//1249 1169//1249
f 1224//1250 1171//1250 1170//1250
f 1225//1251 1172//1251 1171//1251
f 1226//1252 1173//1252 1172//1252
f 1227//1253 1174//1253 1173//1253
f 1228//1254 1175//1254 1174//1254
f 1229//1255 1176//1255 1175//1255
f 1230//1256 1177//1256 1176//1256
f 1231//1257 1178//1257 1177//1257
f 1178//1258 1233//1258 1179//1258
f 1179//1259 1234//1259 1180//1259
f 1180//1260 1235//1260 1181//1260
f 1181//1261 1236//1261 1182//1261
f 1236//1262 1183//1262 1182//1262
f 1237//1263 1184//1263 1183//1263
f 1238//1264 1185//1264 1184//1264
f 1185//1265 1240//1265 1186//1265
f 1186//1266 1241//1266 1187//1266
f 1187//1267 1242//1267 1188//1267
f 1188//1268 1243//1268 1189//1268
f 1189//1269 1415//1269 1408//1269
f 1190//1270 1410//1270 1416//1270
f 1190//1271 1245//1271 1191//1271
f 1191//1272 1246//1272 1192//1272
f 1192//1273 1247//1273 1193//1273
f 1247//1274 1194//1274 1193//1274
f 1248//1275 1195//1275 1194//1275
f 1249//1276 1196//1276 1195//1276
f 1250//1277 1197//1277 1196//1277
f 1197//1278 1252//1278 1198//1278
f 1252//1279 1199//1279 1198//1279
f 1253//1280 1200//1280 1199//1280
f 1254//1281 1201//1281 1200//1281
f 1255//1282 1202//1282 1201//1282
f 1256//1283 1203//1283 1202//1283
f 1257//1284 1150//1284 1203//1284
f 1258//1285 1205//1285 1204//1285
f 1259//1286 1206//1286 1205//1286
f 1260//1287 1207//1287 1206//1287
f 1207//1288 1262//1288 1208//1288
f 1208//1289 1263//1289 1209//1289
f 1263//1290 1210//1290 1209//1290
f 1264//1291 1211//1291 1210//1291
f 1265//1292 1212//1292 1211//1292
f 1266//1293 1213//1293 1212//1293
f 1267//1294 1214//1294 1213//1294
f 1268//1295 1215//1295 1214//1295
f 1269//1296 1216//1296 1215//1296
f 1270//1297 1419//1297 1418//1297
f 1217//1298 1420//1298 1271//1298
f 1271//1299 1218//1299 1217//1299
f 1272//1300 1219//1300 1218//1300
f 1273//1301 1220//1301 1219//1301
f 1274//1302 1221//1302 1220//1302
f 1275//1303 1222//1303 1221//1303
f 1222//1304 1277//1304 1223//1304
f 1223//1305 1278//1305 1224//1305
f 1224//1306 1279//1306 1225//1306
f 1279//1307 1226//1307 1225//1307
f 1280//1308 1227//1308 1226//1308
f 1227//1309 1282//1309 1228//1309
f 1228//1310 1283//1310 1229//1310
f 1229//1311 1284//1311 1230//1311
f 1284//1312 1231//1312 1230//1312
f 1231//1313 1286//1313 1232//1313
f 1232//1314 1287//1314 1233//1314
f 1233//1315 1288//1315 1234//1315
f 1288//1316 1235//1316 1234//1316
f 1235//1317 1290//1317 1236//1317
f 1236//1318 1291//1318 1237//1318
f 1237//1319 1292//1319 1238//1319
f 1292//1320 1239//1320 1238//1320
f 1239//1321 1294//1321 1240//1321
f 1240//1322 1295//1322 1241//1322
f 1241//1323 1296//1323 1242//1323
f 1296//1324 1243//1324 1242//1324
f 1297//1325 1423//1325 1422//1325
f 1244//1326 1424//1326 1298//1326
f 1244//1327 1299//1327 1245//1327
f 1245//1328 1300//1328 1246//1328
f 1246//1329 1301//1329 1247//1329
f 1301//1330 1248//1330 1247//1330
f 1302//1331 1249//1331 1248//1331
f 1249//1332 1304//1332 1250//1332
f 1304//1333 1251//1333 1250//1333
f 1251//1334 1306//1334 1252//1334
f 1252//1335 1307//1335 1253//1335
f 1253//1336 1308//1336 1254//1336
f 1308//1337 1255//1337 1254//1337
f 1309//1338 1256//1338 1255//1338
f 1256//1339 1311//1339 1257//1339
f 1257//1340 1258//1340 1204//1340
f 1258//1341 1426//1341 1259//1341
f 1428//1341 1259//1341 1426//1341
f 1260//1341 1429//1341 1261//1341
f 1261//1341 1430//1341 1262//1341
f 1262//1341 1431//1341 1263//1341
f 1263//1341 1432//1341 1264//1341
f 1264//1341 1433//1341 1265//1341
f 1265//1341 1434//1341 1266//1341
f 1266//1341 1435//1341 1267//1341
f 1267//1341 1436//1341 1268//1341
f 1268//1341 1437//1341 1269//1341
f 1269//1341 1438//1341 1270//1341
f 1419//1341 1270//1341 1438//1341
f 1271//1341 1421//1341 1439//1341
f 1272//1341 1439//1341 1440//1341
f 1273//1341 1440//1341 1441//1341
f 1274//1341 1441//1341 1442//1341
f 1275//1341 1442//1341 1443//1341
f 1276//1341 1443//1341 1444//1341
f 1277//1341 1444//1341 1445//1341
f 1278//1341 1445//1341 1446//1341
f 1279//1341 1446//1341 1447//1341
f 1280//1341 1447//1341 1448//1341
f 1281//1341 1448//1341 1449//1341
f 1282//1341 1449//1341 1450//1341
f 1283//1341 1450//1341 1451//1341
f 1284//1341 1451//1341 1452//1341
f 1284//1341 1453//1341 1285//1341
f 1285//1341 1454//1341 1286//1341
f 1286//1341 1455//1341 1287//1341
f 1287//1341 1456//1341 1288//1341
f 1288//1341 1457//1341 1289//1341
f 1289//1341 1458//1341 1290//1341
f 1290//1341 1459//1341 1291//1341
f 1291//1341 1460//1341 1292//1341
f 1292//1341 1461//1341 1293//1341
f 1293//1341 1462//1341 1294//1341
f 1294//1341 1463//1341 1295//1341
f 1295//1341 1464//1341 1296//1341
f 1296//1341 1465//1341 1297//1341
f 1297//1341 1465//1341 1423//1341
f 1466//1341 1298//1341 1425//1341
f 1299//1341 1466//1341 1467//1341
f 1300//1341 1467//1341 1468//1341
f 1301//1341 1468//1341 1469//1341
f 1302//1341 1469//1341 1470//1341
f 1303//1341 1470//1341 1471//1341
f 1304//1341 1471//1341 1472//1341
f 1305//1341 1472//1341 1473//1341
f 1306//1341 1473//1341 1474//1341
f 1307//1341 1474//1341 1475//1341
f 1476//1341 1307//1341 1475//1341
f 1477//1341 1308//1341 1476//1341
f 1310//1341 1477//1341 1478//1341
f 1311//1341 1478//1341 1479//1341
f 1427//1341 1311//1341 1479//1341
f 1474//1342 1473//1342 1398//1342
f 1372//1343 1386//1343 1384//1343
f 1363//1344 1375//1344 1364//1344
f 1351//1345 1350//1345 1353//1345
f 1338//1346 1337//1346 1336//1346
f 1313//1347 1312//1347 1333//1347
f 1329//1348 1327//1348 1317//1348
f 1319//1349 1318//1349 1326//1349
f 1340//1350 1322//1350 1320//1350
f 1359//1351 1342//1351 1346//1351
f 1355//1352 1356//1352 1341//1352
f 1354//1353 1355//1353 1370//1353
f 1392//1354 1379//1354 1381//1354
f 1448//1355 1392//1355 1449//1355
f 1341//1372 841//1372 785//1372
f 785//1373 784//1373 1342//1373
f 784//1374 1339//1374 1342//1374
f 894//1389 948//1389 1362//1389
f 948//1390 1363//1390 1362//1390
f 1374//1396 1363//1396 948//1396
f 948//1397 1001//1397 1375//1397
f 1001//1398 1376//1398 1375//1398
f 1387//1405 1001//1405 1000//1405
f 1000//1406 1053//1406 1385//1406
f 1053//1407 1054//1407 1385//1407
f 1385//1071 1386//1071 1000//1071
f 1399//1413 1388//1413 1054//1413
f 1054//1129 1108//1129 1399//1129
f 1395//1414 1081//1414 1402//1414
f 1081//1157 1135//1157 1402//1157
f 1406//1415 1407//1415 1163//1415
f 1163//1186 1109//1186 1406//1186
f 1409//1416 1410//1416 1190//1416
f 1190//1214 1136//1214 1409//1214
f 1411//1417 1405//1417 1162//1417
f 1162//1241 1216//1241 1411//1241
f 1413//1418 1414//1418 1217//1418
f 1217//1242 1163//1242 1413//1242
f 1416//1419 1417//1419 1244//1419
f 1244//1270 1190//1270 1416//1270
f 1418//1420 1412//1420 1216//1420
f 1216//1297 1270//1297 1418//1297
f 1414//1298 1420//1298 1217//1298
f 1420//1421 1421//1421 1271//1421
f 1422//1422 1415//1422 1243//1422
f 1243//1423 1297//1423 1422//1423
f 1417//1326 1424//1326 1244//1326
f 1424//1424 1425//1424 1298//1424
f 1404//1342 1397//1342 1409//1342
f 1397//1342 1396//1342 1466//1342
f 1409//1342 1397//1342 1466//1342
f 1396//1342 1398//1342 1466//1342
f 1398//1342 1386//1342 1479//1342
f 1433//1342 1386//1342 1434//1342
f 1386//1342 1385//1342 1437//1342
f 1385//1342 1388//1342 1399//1342
f 1399//1342 1400//1342 1437//1342
f 1400//1342 1405//1342 1437//1342
f 1385//1342 1399//1342 1437//1342
f 1386//1342 1433//1342 1432//1342
f 1416//1342 1410//1342 1409//1342
f 1386//1342 1432//1342 1431//1342
f 1405//1342 1411//1342 1437//1342
f 1411//1342 1412//1342 1437//1342
f 1412//1342 1418//1342 1437//1342
f 1418//1342 1419//1342 1438//1342
f 1438//1342 1437//1342 1418//1342
f 1437//1342 1436//1342 1386//1342
f 1386//1342 1436//1342 1435//1342
f 1416//1342 1409//1342 1466//1342
f 1424//1342 1417//1342 1466//1342
f 1417//1342 1416//1342 1466//1342
f 1466//1342 1425//1342 1424//1342
f 1467//1342 1466//1342 1398//1342
f 1386//1342 1431//1342 1430//1342
f 1386//1342 1435//1342 1434//1342
f 1386//1342 1429//1342 1428//1342
f 1468//1342 1467//1342 1398//1342
f 1470//1342 1469//1342 1398//1342
f 1469//1342 1468//1342 1398//1342
f 1472//1342 1471//1342 1398//1342
f 1471//1342 1470//1342 1398//1342
f 1473//1342 1472//1342 1398//1342
f 1429//1342 1386//1342 1430//1342
f 1386//1342 1426//1342 1427//1342
f 1428//1342 1426//1342 1386//1342
f 1398//1342 1479//1342 1478//1342
f 1427//1342 1479//1342 1386//1342
f 1398//1342 1478//1342 1477//1342
f 1398//1342 1477//1342 1476//1342
f 1476//1342 1475//1342 1398//1342
f 1475//1342 1474//1342 1398//1342
f 1384//1343 1383//1343 1373//1343
f 1373//1343 1372//1343 1384//1343
f 1372//1343 1375//1343 1386//1343
f 1375//1425 1376//1425 1389//1425
f 1389//1426 1387//1426 1375//1426
f 1387//1427 1386//1427 1375//1427
f 1386//1343 1398//1343 1384//1343
f 1363//1428 1374//1428 1375//1428
f 1375//1344 1372//1344 1360//1344
f 1372//1429 1371//1429 1360//1429
f 1360//1344 1361//1344 1375//1344
f 1361//1344 1364//1344 1375//1344
f 1362//1429 1363//1429 1364//1429
f 1351//1345 1364//1345 1361//1345
f 1350//1345 1349//1345 1353//1345
f 1351//1345 1361//1345 1350//1345
f 1353//1345 1352//1345 1351//1345
f 1336//1346 1335//1346 1334//1346
f 1334//1346 1353//1346 1349//1346
f 1348//1346 1332//1346 1338//1346
f 1332//1346 1333//1346 1338//1346
f 1334//1346 1349//1346 1336//1346
f 1349//1346 1348//1346 1338//1346
f 1336//1346 1349//1346 1338//1346
f 1312//1430 1338//1430 1333//1430
f 1333//1347 1331//1347 1330//1347
f 1330//1347 1315//1347 1333//1347
f 1315//1347 1313//1347 1333//1347
f 1314//1348 1315//1348 1330//1348
f 1329//1348 1328//1348 1327//1348
f 1314//1348 1330//1348 1317//1348
f 1330//1348 1329//1348 1317//1348
f 1317//1348 1316//1348 1314//1348
f 1325//1349 1324//1349 1326//1349
f 1324//1349 1320//1349 1319//1349
f 1324//1349 1319//1349 1326//1349
f 1317//1349 1327//1349 1318//1349
f 1327//1349 1326//1349 1318//1349
f 1322//1431 1321//1431 1320//1431
f 1320//1350 1324//1350 1340//1350
f 1324//1431 1323//1431 1347//1431
f 1347//1350 1346//1350 1340//1350
f 1324//1350 1347//1350 1340//1350
f 1339//1432 1340//1432 1342//1432
f 1340//1351 1346//1351 1342//1351
f 1346//1433 1345//1433 1359//1433
f 1345//1351 1343//1351 1359//1351
f 1343//1351 1344//1351 1359//1351
f 1342//1352 1359//1352 1341//1352
f 1359//1434 1358//1434 1370//1434
f 1341//1352 1359//1352 1355//1352
f 1358//1352 1357//1352 1370//1352
f 1370//1352 1355//1352 1359//1352
f 1369//1435 1367//1435 1368//1435
f 1368//1353 1382//1353 1354//1353
f 1382//1353 1379//1353 1365//1353
f 1365//1353 1366//1353 1354//1353
f 1382//1353 1365//1353 1354//1353
f 1370//1353 1369//1353 1354//1353
f 1369//1353 1368//1353 1354//1353
f 1382//1436 1380//1436 1381//1436
f 1381//1354 1394//1354 1392//1354
f 1392//1354 1378//1354 1377//1354
f 1377//1354 1379//1354 1392//1354
f 1379//1354 1382//1354 1381//1354
f 1401//1355 1391//1355 1439//1355
f 1391//1355 1390//1355 1439//1355
f 1390//1355 1392//1355 1439//1355
f 1392//1355 1394//1355 1452//1355
f 1443//1355 1392//1355 1444//1355
f 1394//1355 1393//1355 1408//1355
f 1393//1437 1395//1437 1402//1437
f 1402//1355 1403//1355 1408//1355
f 1393//1355 1402//1355 1408//1355
f 1392//1355 1443//1355 1442//1355
f 1440//1355 1392//1355 1441//1355
f 1413//1355 1407//1355 1439//1355
f 1407//1355 1406//1355 1439//1355
f 1406//1355 1401//1355 1439//1355
f 1392//1355 1440//1355 1439//1355
f 1408//1355 1415//1355 1464//1355
f 1415//1355 1422//1355 1464//1355
f 1422//1355 1423//1355 1465//1355
f 1464//1355 1463//1355 1394//1355
f 1463//1355 1462//1355 1394//1355
f 1422//1355 1465//1355 1464//1355
f 1394//1355 1408//1355 1464//1355
f 1421//1355 1420//1355 1439//1355
f 1420//1355 1414//1355 1439//1355
f 1414//1355 1413//1355 1439//1355
f 1394//1355 1462//1355 1461//1355
f 1461//1355 1460//1355 1394//1355
f 1460//1355 1459//1355 1394//1355
f 1458//1355 1457//1355 1394//1355
f 1457//1355 1456//1355 1394//1355
f 1456//1355 1455//1355 1394//1355
f 1394//1355 1459//1355 1458//1355
f 1442//1355 1441//1355 1392//1355
f 1455//1355 1454//1355 1394//1355
f 1454//1355 1453//1355 1394//1355
f 1452//1355 1451//1355 1392//1355
f 1451//1355 1450//1355 1392//1355
f 1450//1355 1449//1355 1392//1355
f 1394//1355 1453//1355 1452//1355
f 1444//1355 1392//1355 1445//1355
f 1445//1355 1392//1355 1446//1355
f 1448//1355 1447//1355 1392//1355
f 1447//1355 1446//1355 1392//1355
f 784//847 1322//847 1340//847
f 828//2250 882//2250 883//2250
f 829//2251 883//2251 884//2251
f 836//2258 890//2258 891//2258
f 891//2259 892//2259 838//2259
f 892//2260 893//2260 839//2260
f 893//2261 894//2261 840//2261
f 882//2302 936//2302 937//2302
f 883//2303 937//2303 938//2303
f 884//2304 938//2304 939//2304
f 885//2305 939//2305 940//2305
f 887//2307 941//2307 942//2307
f 888//2308 942//2308 943//2308
f 889//2309 943//2309 944//2309
f 944//2310 945//2310 891//2310
f 945//2311 946//2311 892//2311
f 946//2312 947//2312 893//2312
f 947//2313 948//2313 894//2313
f 911//2330 965//2330 966//2330
f 912//2331 966//2331 967//2331
f 918//2337 972//2337 973//2337
f 919//2338 973//2338 974//2338
f 929//2347 982//2347 983//2347
f 983//2348 984//2348 931//2348
f 984//2349 985//2349 932//2349
f 985//2350 986//2350 933//2350
f 986//2351 987//2351 934//2351
f 987//2352 988//2352 935//2352
f 988//2353 936//2353 882//2353
f 936//2354 989//2354 990//2354
f 937//2355 990//2355 991//2355
f 938//2356 991//2356 992//2356
f 939//2357 992//2357 993//2357
f 940//2358 993//2358 994//2358
f 941//2359 994//2359 995//2359
f 995//2360 996//2360 943//2360
f 996//2361 997//2361 944//2361
f 997//2362 998//2362 945//2362
f 998//2363 999//2363 946//2363
f 999//2364 1000//2364 947//2364
f 947//2365 1000//2365 1001//2365
f 964//2381 1017//2381 1018//2381
f 1018//2382 1019//2382 966//2382
f 966//2383 1019//2383 1020//2383
f 970//2387 1023//2387 1024//2387
f 971//2388 1024//2388 1025//2388
f 972//2389 1025//2389 1026//2389
f 1035//2398 1036//2398 983//2398
f 983//2399 1036//2399 1037//2399
f 984//2400 1037//2400 1038//2400
f 985//2401 1038//2401 1039//2401
f 1039//2402 1040//2402 987//2402
f 1040//2403 1041//2403 988//2403
f 1041//2404 989//2404 936//2404
f 989//2405 1042//2405 1043//2405
f 990//2406 1043//2406 1044//2406
f 991//2407 1044//2407 1045//2407
f 992//2408 1045//2408 1046//2408
f 993//2409 1046//2409 1047//2409
f 994//2410 1047//2410 1048//2410
f 1048//2411 1049//2411 996//2411
f 1049//2412 1050//2412 997//2412
f 1050//2413 1051//2413 998//2413
f 1051//2414 1052//2414 999//2414
f 1052//2415 1053//2415 1000//2415
f 1001//2416 1387//2416 1389//2416
f 1055//2417 1056//2417 1003//2417
f 1056//2418 1057//2418 1004//2418
f 1057//2419 1058//2419 1005//2419
f 1016//2431 1069//2431 1070//2431
f 1017//2432 1070//2432 1071//2432
f 1018//2433 1071//2433 1072//2433
f 1021//2436 1074//2436 1075//2436
f 1022//2437 1075//2437 1076//2437
f 1023//2438 1076//2438 1077//2438
f 1024//2439 1077//2439 1078//2439
f 1025//2440 1078//2440 1079//2440
f 1089//2449 1090//2449 1036//2449
f 1090//2450 1091//2450 1037//2450
f 1091//2451 1092//2451 1038//2451
f 1038//2452 1092//2452 1093//2452
f 1093//2453 1094//2453 1040//2453
f 1094//2454 1095//2454 1041//2454
f 1095//2455 1042//2455 989//2455
f 1096//2456 1097//2456 1043//2456
f 1043//2457 1097//2457 1098//2457
f 1044//2458 1098//2458 1099//2458
f 1045//2459 1099//2459 1100//2459
f 1046//2460 1100//2460 1101//2460
f 1047//2461 1101//2461 1102//2461
f 1048//2462 1102//2462 1103//2462
f 1049//2463 1103//2463 1104//2463
f 1104//2464 1105//2464 1051//2464
f 1051//2465 1105//2465 1106//2465
f 1052//2466 1106//2466 1107//2466
f 1053//2467 1107//2467 1108//2467
f 1109//2468 1055//2468 1391//2468
f 1055//2469 1109//2469 1110//2469
f 1110//2470 1111//2470 1057//2470
f 1111//2471 1112//2471 1058//2471
f 1113//2473 1114//2473 1060//2473
f 1068//2482 1122//2482 1123//2482
f 1069//2483 1123//2483 1124//2483
f 1070//2484 1124//2484 1125//2484
f 1071//2485 1125//2485 1126//2485
f 1073//2487 1127//2487 1128//2487
f 1074//2488 1128//2488 1129//2488
f 1129//2489 1130//2489 1076//2489
f 1130//2490 1131//2490 1077//2490
f 1077//2491 1131//2491 1132//2491
f 1078//2492 1132//2492 1133//2492
f 1079//2493 1133//2493 1134//2493
f 1080//2494 1134//2494 1135//2494
f 1137//2497 1138//2497 1084//2497
f 1138//2498 1139//2498 1085//2498
f 1139//2499 1140//2499 1086//2499
f 1142//2502 1143//2502 1089//2502
f 1143//2503 1144//2503 1090//2503
f 1144//2504 1145//2504 1091//2504
f 1145//2505 1146//2505 1092//2505
f 1146//2506 1147//2506 1093//2506
f 1147//2507 1148//2507 1094//2507
f 1148//2508 1149//2508 1095//2508
f 1149//2509 1096//2509 1042//2509
f 1096//2510 1150//2510 1151//2510
f 1097//2511 1151//2511 1152//2511
f 1098//2512 1152//2512 1153//2512
f 1099//2513 1153//2513 1154//2513
f 1100//2514 1154//2514 1155//2514
f 1101//2515 1155//2515 1156//2515
f 1102//2516 1156//2516 1157//2516
f 1103//2517 1157//2517 1158//2517
f 1104//2518 1158//2518 1159//2518
f 1105//2519 1159//2519 1160//2519
f 1106//2520 1160//2520 1161//2520
f 1107//2521 1161//2521 1162//2521
f 1108//2522 1162//2522 1405//2522
f 1109//2523 1163//2523 1164//2523
f 1164//2524 1165//2524 1111//2524
f 1165//2525 1166//2525 1112//2525
f 1166//2526 1167//2526 1113//2526
f 1167//2527 1168//2527 1114//2527
f 1168//2528 1169//2528 1115//2528
f 1169//2529 1170//2529 1116//2529
f 1170//2530 1171//2530 1117//2530
f 1171//2531 1172//2531 1118//2531
f 1172//2532 1173//2532 1119//2532
f 1173//2533 1174//2533 1120//2533
f 1120//2534 1174//2534 1175//2534
f 1121//2535 1175//2535 1176//2535
f 1122//2536 1176//2536 1177//2536
f 1123//2537 1177//2537 1178//2537
f 1124//2538 1178//2538 1179//2538
f 1125//2539 1179//2539 1180//2539
f 1126//2540 1180//2540 1181//2540
f 1127//2541 1181//2541 1182//2541
f 1128//2542 1182//2542 1183//2542
f 1183//2543 1184//2543 1130//2543
f 1184//2544 1185//2544 1131//2544
f 1131//2545 1185//2545 1186//2545
f 1132//2546 1186//2546 1187//2546
f 1133//2547 1187//2547 1188//2547
f 1134//2548 1188//2548 1189//2548
f 1135//2549 1189//2549 1408//2549
f 1136//2550 1190//2550 1191//2550
f 1137//2551 1191//2551 1192//2551
f 1138//2552 1192//2552 1193//2552
f 1193//2553 1194//2553 1140//2553
f 1194//2554 1195//2554 1141//2554
f 1195//2555 1196//2555 1142//2555
f 1196//2556 1197//2556 1143//2556
f 1197//2557 1198//2557 1144//2557
f 1198//2558 1199//2558 1145//2558
f 1199//2559 1200//2559 1146//2559
f 1200//2560 1201//2560 1147//2560
f 1201//2561 1202//2561 1148//2561
f 1202//2562 1203//2562 1149//2562
f 1203//2563 1150//2563 1096//2563
f 1150//2564 1204//2564 1205//2564
f 1205//2565 1206//2565 1152//2565
f 1206//2566 1207//2566 1153//2566
f 1153//2567 1207//2567 1208//2567
f 1154//2568 1208//2568 1209//2568
f 1155//2569 1209//2569 1210//2569
f 1210//2570 1211//2570 1157//2570
f 1157//2571 1211//2571 1212//2571
f 1158//2572 1212//2572 1213//2572
f 1213//2573 1214//2573 1160//2573
f 1214//2574 1215//2574 1161//2574
f 1215//2575 1216//2575 1162//2575
f 1217//2576 1218//2576 1164//2576
f 1164//2577 1218//2577 1219//2577
f 1219//2578 1220//2578 1166//2578
f 1220//2579 1221//2579 1167//2579
f 1221//2580 1222//2580 1168//2580
f 1222//2581 1223//2581 1169//2581
f 1223//2582 1224//2582 1170//2582
f 1224//2583 1225//2583 1171//2583
f 1225//2584 1226//2584 1172//2584
f 1226//2585 1227//2585 1173//2585
f 1227//2586 1228//2586 1174//2586
f 1228//2587 1229//2587 1175//2587
f 1229//2588 1230//2588 1176//2588
f 1230//2589 1231//2589 1177//2589
f 1231//2590 1232//2590 1178//2590
f 1178//2591 1232//2591 1233//2591
f 1179//2592 1233//2592 1234//2592
f 1180//2593 1234//2593 1235//2593
f 1181//2594 1235//2594 1236//2594
f 1236//2595 1237//2595 1183//2595
f 1237//2596 1238//2596 1184//2596
f 1238//2597 1239//2597 1185//2597
f 1185//2598 1239//2598 1240//2598
f 1186//2599 1240//2599 1241//2599
f 1187//2600 1241//2600 1242//2600
f 1188//2601 1242//2601 1243//2601
f 1189//2602 1243//2602 1415//2602
f 1190//2603 1244//2603 1245//2603
f 1191//2604 1245//2604 1246//2604
f 1192//2605 1246//2605 1247//2605
f 1247//2606 1248//2606 1194//2606
f 1248//2607 1249//2607 1195//2607
f 1249//2608 1250//2608 1196//2608
f 1250//2609 1251//2609 1197//2609
f 1197//2610 1251//2610 1252//2610
f 1252//2611 1253//2611 1199//2611
f 1253//2612 1254//2612 1200//2612
f 1254//2613 1255//2613 1201//2613
f 1255//2614 1256//2614 1202//2614
f 1256//2615 1257//2615 1203//2615
f 1257//2616 1204//2616 1150//2616
f 1258//2617 1259//2617 1205//2617
f 1259//2618 1260//2618 1206//2618
f 1260//2619 1261//2619 1207//2619
f 1207//2620 1261//2620 1262//2620
f 1208//2621 1262//2621 1263//2621
f 1263//2622 1264//2622 1210//2622
f 1264//2623 1265//2623 1211//2623
f 1265//2624 1266//2624 1212//2624
f 1266//2625 1267//2625 1213//2625
f 1267//2626 1268//2626 1214//2626
f 1268//2627 1269//2627 1215//2627
f 1269//2628 1270//2628 1216//2628
f 1271//2629 1272//2629 1218//2629
f 1272//2630 1273//2630 1219//2630
f 1273//2631 1274//2631 1220//2631
f 1274//2632 1275//2632 1221//2632
f 1275//2633 1276//2633 1222//2633
f 1222//2634 1276//2634 1277//2634
f 1223//2635 1277//2635 1278//2635
f 1224//2636 1278//2636 1279//2636
f 1279//2637 1280//2637 1226//2637
f 1280//2638 1281//2638 1227//2638
f 1227//2639 1281//2639 1282//2639
f 1228//2640 1282//2640 1283//2640
f 1229//2641 1283//2641 1284//2641
f 1284//2642 1285//2642 1231//2642
f 1231//2643 1285//2643 1286//2643
f 1232//2644 1286//2644 1287//2644
f 1233//2645 1287//2645 1288//2645
f 1288//2646 1289//2646 1235//2646
f 1235//2647 1289//2647 1290//2647
f 1236//2648 1290//2648 1291//2648
f 1237//2649 1291//2649 1292//2649
f 1292//2650 1293//2650 1239//2650
f 1239//2651 1293//2651 1294//2651
f 1240//2652 1294//2652 1295//2652
f 1241//2653 1295//2653 1296//2653
f 1296//2654 1297//2654 1243//2654
f 1244//2655 1298//2655 1299//2655
f 1245//2656 1299//2656 1300//2656
f 1246//2657 1300//2657 1301//2657
f 1301//2658 1302//2658 1248//2658
f 1302//2659 1303//2659 1249//2659
f 1249//2660 1303//2660 1304//2660
f 1304//2661 1305//2661 1251//2661
f 1251//2662 1305//2662 1306//2662
f 1252//2663 1306//2663 1307//2663
f 1253//2664 1307//2664 1308//2664
f 1308//2665 1309//2665 1255//2665
f 1309//2666 1310//2666 1256//2666
f 1256//2667 1310//2667 1311//2667
f 1257//2668 1311//2668 1258//2668
f 1258//1341 1427//1341 1426//1341
f 1428//1341 1260//1341 1259//1341
f 1260//1341 1428//1341 1429//1341
f 1261//1341 1429//1341 1430//1341
f 1262//1341 1430//1341 1431//1341
f 1263//1341 1431//1341 1432//1341
f 1264//1341 1432//1341 1433//1341
f 1265//1341 1433//1341 1434//1341
f 1266//1341 1434//1341 1435//1341
f 1267//1341 1435//1341 1436//1341
f 1268//1341 1436//1341 1437//1341
f 1269//1341 1437//1341 1438//1341
f 1272//1341 1271//1341 1439//1341
f 1273//1341 1272//1341 1440//1341
f 1274//1341 1273//1341 1441//1341
f 1275//1341 1274//1341 1442//1341
f 1276//1341 1275//1341 1443//1341
f 1277//1341 1276//1341 1444//1341
f 1278//1341 1277//1341 1445//1341
f 1279//1341 1278//1341 1446//1341
f 1280//1341 1279//1341 1447//1341
f 1281//1341 1280//1341 1448//1341
f 1282//1341 1281//1341 1449//1341
f 1283//1341 1282//1341 1450//1341
f 1284//1341 1283//1341 1451//1341
f 1284//1341 1452//1341 1453//1341
f 1285//1341 1453//1341 1454//1341
f 1286//1341 1454//1341 1455//1341
f 1287//1341 1455//1341 1456//1341
f 1288//1341 1456//1341 1457//1341
f 1289//1341 1457//1341 1458//1341
f 1290//1341 1458//1341 1459//1341
f 1291//1341 1459//1341 1460//1341
f 1292//1341 1460//1341 1461//1341
f 1293//1341 1461//1341 1462//1341
f 1294//1341 1462//1341 1463//1341
f 1295//1341 1463//1341 1464//1341
f 1296//1341 1464//1341 1465//1341
f 1299//1341 1298//1341 1466//1341
f 1300//1341 1299//1341 1467//1341
f 1301//1341 1300//1341 1468//1341
f 1302//1341 1301//1341 1469//1341
f 1303//1341 1302//1341 1470//1341
f 1304//1341 1303//1341 1471//1341
f 1305//1341 1304//1341 1472//1341
f 1306//1341 1305//1341 1473//1341
f 1307//1341 1306//1341 1474//1341
f 1476//1341 1308//1341 1307//1341
f 1477//1341 1309//1341 1308//1341
f 1310//1341 1309//1341 1477//1341
f 1311//1341 1310//1341 1478//1341
f 1427//1341 1258//1341 1311//1341
o moss_arch_mound_tufts
v -1.035554 1.760901 1.147073
v -1.234695 1.895642 -0.549205
v 1.385330 1.884572 -0.776539
v -1.005600 1.762035 1.071904
v -0.935224 1.823084 1.071904
v -0.921398 1.905632 1.071904
v -0.976109 1.991820 1.071904
v 0.169536 1.985123 -1.499837
v 0.235173 1.927264 -1.565474
v 0.235676 1.836754 -1.565977
v 0.182231 1.761970 -1.512532
v -1.414254 1.698549 0.721197
v -1.181328 1.899275 -0.687280
v 0.198808 1.982800 -1.423273
v 0.272848 1.922496 -1.423273
v 0.276494 1.840863 -1.423273
v 0.215290 1.765694 -1.423273
v -1.005831 2.004977 0.967012
v -0.951466 1.913755 0.912647
v 0.173175 1.990021 -1.343070
v 0.228981 1.925297 -1.287265
v 0.235045 1.836954 -1.281200
v 0.178616 1.766834 -1.337629
v -0.966640 1.816688 0.927821
v -1.031996 1.756079 0.993177
v 0.092972 1.993942 -1.305728
v 0.092972 1.925370 -1.230603
v 0.092972 1.835434 -1.215585
v 0.092972 1.765796 -1.301064
v -1.073336 2.013968 -0.687280
v -1.032351 2.157433 -0.687280
v 0.008538 1.995715 -1.338839
v -0.048778 1.927121 -1.281523
v -0.056894 1.834478 -1.273407
v 0.005441 1.764295 -1.335742
v 0.092972 1.743770 -1.423273
v 0.092972 2.017702 -1.423273
v -0.021932 1.991429 -1.423273
v -0.107235 1.927063 -1.423273
v -0.126548 1.832776 -1.423273
v -0.033905 1.761355 -1.423273
v -1.189026 2.255625 -0.687280
v -1.880292 1.545204 -0.282778
v 0.010720 1.992779 -1.505525
v -0.050203 1.927574 -1.566449
v -0.051993 1.836035 -1.568239
v 0.002959 1.760955 -1.513286
v 1.426227 1.884498 -0.875047
v -1.236825 2.263710 -0.823227
v 0.092972 1.994132 -1.541017
v 0.092972 1.930079 -1.636906
v 0.092972 1.834078 -1.636998
v 0.092972 1.759112 -1.552508
v -1.161566 2.148076 -0.898485
v -0.982616 1.821801 1.200010
v -0.975917 1.905931 1.206709
v -1.017493 1.989168 1.165134
v -1.170232 2.016883 -0.889819
v -1.110723 1.760687 1.178432
v -1.253761 1.921251 -0.806290
v -1.110723 1.821390 1.254887
v -1.110723 1.907048 1.267485
v -1.110723 1.988653 1.203213
v 1.539251 1.947594 -0.875047
v -1.187357 1.758916 1.148538
v -1.110723 1.732354 1.071904
v -1.237451 1.822242 1.198632
v -1.238799 1.903777 1.199980
v -1.202142 1.986714 1.163323
v -1.110723 2.030134 1.071904
v -1.227857 1.750521 1.071904
v 1.543114 2.042531 -0.875047
v -1.315078 1.816554 1.071904
v -1.308575 1.907562 1.071904
v -1.244519 1.991037 1.071904
v 1.422357 2.101847 -0.875047
v -1.194105 1.749769 0.988522
v -1.269484 1.811991 0.913143
v -1.276789 1.915934 0.905838
v -1.214884 2.003986 0.967743
v -1.368036 1.704843 0.593450
v -1.110723 1.754226 0.958635
v 1.380148 2.099038 -0.968372
v -1.110723 1.816238 0.866148
v -1.110723 1.917585 0.829753
v -1.110723 2.013624 0.914542
v 1.450830 2.037987 -1.039054
v -1.161581 2.014140 -0.476091
v -1.144030 2.153637 -0.458540
v -1.232828 2.269078 -0.547337
v 1.442083 1.953726 -1.030307
v -1.372771 1.894007 -0.490292
v 1.381841 1.888473 -0.970065
v -1.372771 2.011766 -0.378025
v -1.372771 2.152235 -0.370043
v -1.372771 2.275727 -0.482371
v -1.269173 1.807826 0.593450
v -1.503885 1.904992 -0.556167
v -1.372771 1.884387 -0.687280
v -1.598788 2.009438 -0.461263
v -1.580969 2.147123 -0.479082
v -1.508503 2.263422 -0.551548
v -1.372771 2.321320 -0.687280
v -1.553136 1.909796 -0.687280
v -1.196893 1.944945 0.593450
v -1.697242 2.008354 -0.687280
v -1.690879 2.152430 -0.687280
v -1.558328 2.257347 -0.687280
v -1.335513 2.062460 0.593450
v -1.494989 1.916941 -0.809499
v -1.607412 2.006704 -0.921921
v -1.579620 2.146695 -0.894129
v -1.492747 2.242259 -0.807257
v -1.838472 1.548414 -0.392939
v -1.372771 1.929435 -0.846969
v -1.401456 2.055196 0.452905
v -1.372771 2.014965 -0.982267
v -1.372771 2.153567 -1.010459
v -1.372771 2.258323 -0.873866
v -1.317075 1.938950 0.368524
v 1.446424 1.952580 -0.715445
v 1.455924 2.039332 -0.705945
v 1.385663 2.105205 -0.776206
v -1.324940 1.800250 0.376389
v 1.286823 1.873572 -0.721821
v -1.421763 1.708531 0.473212
v 1.286823 1.948989 -0.630091
v 1.286823 2.033842 -0.665319
v 1.286823 2.099737 -0.742181
v -1.718892 1.622447 -0.392939
v 1.177959 1.872995 -0.766184
v 1.286823 1.850577 -0.875047
v 1.117599 1.950041 -0.705823
v 1.124790 2.037466 -0.713014
v 1.189922 2.103036 -0.778146
v 1.286823 2.117224 -0.875047
v 1.139016 1.877856 -0.875047
v -1.736336 1.726997 -0.392939
v 1.061859 1.952720 -0.875047
v 1.040498 2.040671 -0.875047
v 1.148874 2.103755 -0.875047
v -1.815513 1.823842 -0.392939
v 1.183929 1.879668 -0.977940
v 1.124856 1.951956 -1.037013
v 1.135150 2.034732 -1.026719
v 1.198895 2.093004 -0.962974
v 1.286823 1.890748 -1.006546
v -1.860049 1.831828 -0.523342
v 1.286823 1.957416 -1.074844
v 1.286823 2.034646 -1.089086
v 1.286823 2.093920 -1.000554
v -1.796539 1.730998 -0.586853
v -1.315439 1.797269 0.820012
v -1.321245 1.937642 0.814206
v -1.406571 2.048396 0.728880
v -1.793856 1.621161 -0.589535
v -1.542001 1.679119 0.794783
v -1.882157 1.547426 -0.501235
v -1.542001 1.802572 0.889957
v -1.542001 1.933471 0.886850
v -1.542001 2.042238 0.778426
v -1.679654 1.685381 0.731104
v -1.542001 1.661284 0.593450
v -1.729383 1.809564 0.780832
v -1.736185 1.929303 0.787634
v -1.668331 2.036299 0.719780
v -1.542001 2.084117 0.593450
v -1.721913 1.699254 0.593450
v -1.816558 1.807443 0.593450
v -1.830037 1.932281 0.593450
v -1.702794 2.019507 0.593450
v -1.654156 1.719276 0.481295
v -1.739997 1.806233 0.395455
v -1.738424 1.930006 0.397027
v -1.649812 2.011681 0.485639
v -1.542001 1.726063 0.442059
v -1.542001 1.806496 0.314627
v -1.542001 1.939981 0.270713
v -1.542001 2.027211 0.424462
v -1.791414 1.620474 -0.193900
v -1.817078 1.725221 -0.219564
v -1.881179 1.806652 -0.283665
v -1.990453 1.544148 -0.235894
v -1.990453 1.620562 -0.111899
v -1.990453 1.729686 -0.125302
v -1.990453 1.801559 -0.244448
v -2.109945 1.534086 -0.273446
v -1.990453 1.516357 -0.392939
v -2.189878 1.620365 -0.193514
v -2.177598 1.729094 -0.205794
v -2.094190 1.800056 -0.289201
v -1.990453 1.855686 -0.392939
v -2.177612 1.518777 -0.392939
v -2.285276 1.617821 -0.392939
v -2.234176 1.724930 -0.392939
v -2.141362 1.803596 -0.392939
v -2.109317 1.534834 -0.511803
v -2.162063 1.628188 -0.564549
v -2.175934 1.728626 -0.578420
v -2.109539 1.818343 -0.512024
v -1.990453 1.545029 -0.548937
v -1.990453 1.624400 -0.654680
v -1.990453 1.737279 -0.698755
v -1.990453 1.829204 -0.574243
vn 0.3140 -0.6903 -0.6518
vn 0.2834 0.7975 -0.5327
vn 0.0843 -0.9895 -0.1175
vn 0.4454 0.0075 -0.8953
vn 0.2157 0.9575 -0.1917
vn 0.7503 -0.6109 -0.2524
vn 0.5814 0.8037 -0.1271
vn 0.1764 -0.9840 -0.0243
vn 0.9602 0.0429 -0.2759
vn 0.3119 0.9458 -0.0905
vn 0.7341 -0.5977 0.3223
vn 0.6530 0.7316 0.1956
vn 0.1757 -0.9805 0.0883
vn 0.9559 0.0849 0.2812
vn 0.3132 0.9496 0.0146
vn 0.2767 -0.7277 0.6276
vn 0.2555 0.7482 0.6123
vn 0.0873 -0.9804 0.1767
vn 0.4132 0.1500 0.8982
vn 0.1388 0.9707 0.1962
vn -0.2306 -0.7544 0.6146
vn -0.2237 0.7282 0.6478
vn -0.0533 -0.9827 0.1771
vn -0.3565 0.1539 0.9215
vn -0.0570 0.9786 0.1978
vn -0.5769 -0.7655 0.2850
vn -0.5846 0.7748 0.2408
vn -0.1367 -0.9861 0.0946
vn -0.8924 0.1828 0.4127
vn -0.2228 0.9744 0.0309
vn -0.6709 -0.6899 -0.2717
vn -0.5923 0.7713 -0.2332
vn -0.1371 -0.9892 -0.0518
vn -0.8765 0.1795 -0.4467
vn -0.2223 0.9723 -0.0723
vn -0.2987 -0.6963 -0.6527
vn -0.2767 0.7991 -0.5338
vn -0.0715 -0.9905 -0.1176
vn -0.4281 0.0260 -0.9033
vn -0.1003 0.9756 -0.1953
vn 0.3763 0.6132 -0.6946
vn 0.1330 0.9857 -0.1034
vn 0.1057 -0.9764 -0.1885
vn 0.3860 -0.2011 -0.9003
vn 0.2456 -0.8209 -0.5157
vn 0.2717 -0.9622 -0.0183
vn 0.2735 0.9609 0.0430
vn 0.8175 0.5621 -0.1257
vn 0.6468 -0.7456 -0.1605
vn 0.9657 -0.1617 -0.2034
vn 0.6358 -0.7329 0.2423
vn 0.9333 -0.1017 0.3443
vn 0.2708 0.9513 0.1473
vn 0.2705 -0.9582 0.0934
vn 0.7777 0.5450 0.3133
vn 0.1093 -0.9606 0.2555
vn 0.3919 -0.1040 0.9141
vn 0.1170 0.9470 0.2992
vn 0.2559 -0.7513 0.6083
vn 0.3381 0.5823 0.7393
vn -0.2408 -0.7121 0.6595
vn -0.3949 0.5684 0.7217
vn -0.0777 -0.9635 0.2563
vn -0.4058 -0.0218 0.9137
vn -0.1500 0.9428 0.2978
vn -0.5585 -0.7393 0.3761
vn -0.7234 0.5551 0.4105
vn -0.1506 -0.9710 0.1859
vn -0.8524 0.0609 0.5194
vn -0.2763 0.9454 0.1728
vn -0.5873 -0.7758 -0.2307
vn -0.7722 0.6247 -0.1163
vn -0.1530 -0.9868 -0.0530
vn -0.9584 0.0685 -0.2772
vn -0.2803 0.9591 0.0395
vn -0.1534 -0.8208 -0.5503
vn -0.3099 0.6829 -0.6615
vn -0.0155 -0.9817 -0.1896
vn -0.2806 -0.0869 -0.9559
vn -0.1438 0.9842 -0.1033
vn 0.0813 0.9443 -0.3188
vn 0.0266 -0.9621 -0.2714
vn 0.4143 -0.0872 -0.9059
vn 0.1755 -0.7301 -0.6604
vn 0.3247 0.7505 -0.5756
vn 0.4993 0.7966 -0.3407
vn 0.6326 -0.5956 -0.4950
vn 0.8981 -0.0878 -0.4309
vn 0.0755 -0.9713 -0.2253
vn 0.3360 0.9398 -0.0622
vn 0.9104 -0.1624 0.3805
vn 0.3366 0.9415 0.0148
vn 0.5123 0.8174 0.2637
vn 0.7369 -0.6204 0.2685
vn 0.0775 -0.9970 0.0037
vn 0.4211 -0.0515 0.9056
vn 0.3109 -0.6306 0.7111
vn 0.1456 0.9657 0.2149
vn 0.2524 0.7044 0.6634
vn 0.0326 -0.9983 0.0488
vn -0.1076 -0.9930 0.0485
vn -0.3424 0.1640 0.9251
vn -0.1953 0.9573 0.2130
vn -0.3884 -0.6359 0.6670
vn -0.3745 0.6239 0.6859
vn -0.1395 -0.9901 0.0161
vn -0.9041 0.1679 0.3930
vn -0.3250 0.9426 0.0771
vn -0.6234 -0.7541 0.2065
vn -0.5862 0.7406 0.3284
vn -0.1384 -0.9827 -0.1233
vn -0.9040 0.2485 -0.3478
vn -0.3124 0.9063 -0.2848
vn -0.5382 -0.7869 -0.3020
vn -0.5848 0.7388 -0.3350
vn 0.0152 -0.9623 -0.2715
vn -0.2498 0.2360 -0.9391
vn -0.2913 0.9064 -0.3060
vn -0.0772 -0.8427 -0.5328
vn -0.3459 0.7445 -0.5710
vn 0.2676 -0.1747 -0.9475
vn 0.2435 -0.6941 -0.6775
vn 0.1524 0.8182 -0.5543
vn 0.0090 0.9832 -0.1826
vn 0.0889 -0.9526 -0.2910
vn 0.5537 -0.7801 -0.2913
vn 0.8466 -0.0344 -0.5312
vn 0.2338 -0.9607 -0.1494
vn 0.1124 0.9904 -0.0806
vn 0.4253 0.8659 -0.2633
vn 0.1127 0.9936 0.0081
vn 0.4283 0.8719 0.2373
vn 0.5985 -0.7614 0.2491
vn 0.2353 -0.9669 0.0984
vn 0.8634 -0.0351 0.5033
vn 0.3670 -0.7821 0.5036
vn 0.1215 0.7819 0.6115
vn 0.1894 -0.9710 0.1457
vn -0.0099 0.9914 0.1305
vn 0.4366 0.3450 0.8309
vn -0.3801 0.3547 0.8543
vn -0.2611 -0.7137 0.6500
vn -0.1635 0.7722 0.6140
vn -0.0147 0.9913 0.1305
vn -0.0551 -0.9874 0.1482
vn -0.9442 0.1034 0.3127
vn -0.0971 0.9941 0.0485
vn -0.6805 -0.7014 0.2121
vn -0.4846 0.8325 0.2686
vn -0.1814 -0.9832 0.0210
vn -0.9199 0.1590 -0.3585
vn -0.0957 0.9800 -0.1743
vn -0.6639 -0.6842 -0.3018
vn -0.4752 0.8163 -0.3285
vn -0.1806 -0.9788 -0.0961
vn -0.2297 0.1482 -0.9619
vn -0.0879 0.9794 -0.1819
vn -0.1163 -0.7107 -0.6938
vn -0.2178 0.8190 -0.5309
vn 0.0218 -0.9561 -0.2921
vn 0.0150 -0.8455 -0.5337
vn -0.1232 0.9405 -0.3167
vn -0.0321 -0.9189 -0.3932
vn 0.2135 0.8497 -0.4821
vn 0.2711 -0.0698 -0.9600
vn 0.9668 -0.0688 -0.2460
vn 0.6073 0.7164 -0.3436
vn 0.2406 -0.9609 -0.1370
vn 0.1038 0.9896 -0.0998
vn 0.6822 -0.6549 -0.3249
vn 0.7035 -0.6754 0.2213
vn 0.2427 -0.9693 0.0401
vn 0.9782 0.0488 0.2020
vn 0.1030 0.9824 0.1561
vn 0.6026 0.7108 0.3629
vn 0.2132 0.6940 0.6877
vn 0.2957 0.0517 0.9539
vn 0.1983 -0.9763 0.0865
vn 0.0364 0.9747 0.2207
vn 0.4813 -0.5352 0.6942
vn -0.3877 -0.4723 0.7916
vn -0.3528 0.6606 0.6627
vn -0.0858 -0.9924 0.0879
vn -0.1468 0.9648 0.2184
vn -0.5026 0.0205 0.8643
vn -0.8708 -0.4381 0.2232
vn -0.5436 0.7930 0.2749
vn -0.2064 -0.9778 -0.0352
vn -0.9038 -0.0753 0.4213
vn -0.3728 0.9277 -0.0216
vn -0.6533 -0.5715 -0.4967
vn -0.5454 0.7956 -0.2636
vn -0.1978 -0.9373 -0.2868
vn -0.9325 0.0164 -0.3607
vn -0.3617 0.9001 -0.2431
vn -0.1343 -0.8380 -0.5289
vn -0.3400 0.8180 -0.4641
vn -0.0817 -0.9163 -0.3921
vn -0.3779 0.0166 -0.9257
vn -0.3027 0.9032 -0.3042
vn 0.0365 0.9888 -0.1444
vn 0.1009 -0.9785 -0.1799
vn 0.3148 0.0309 -0.9486
vn 0.2715 -0.7697 -0.5778
vn 0.3460 0.7548 -0.5573
vn 0.7559 0.6159 -0.2220
vn 0.5157 -0.8330 -0.2004
vn 0.9229 0.1540 -0.3529
vn 0.2058 -0.9758 -0.0741
vn 0.1791 0.9838 -0.0009
vn 0.2061 -0.9773 0.0498
vn 0.1732 0.9516 0.2538
vn 0.6224 0.7240 0.2973
vn 0.8953 0.3000 0.3292
vn 0.5185 -0.8375 0.1724
vn 0.0833 -0.9813 0.1736
vn 0.3629 0.3047 0.8806
vn 0.0789 0.9366 0.3414
vn 0.2255 -0.8294 0.5111
vn 0.2899 0.8195 0.4943
vn -0.2194 0.8354 0.5039
vn 0.0281 -0.9843 0.1742
vn -0.3748 0.1457 0.9156
vn -0.1593 0.9275 0.3381
vn -0.0928 -0.8476 0.5224
vn -0.5507 0.8215 0.1482
vn -0.0128 -0.9909 0.1342
vn -0.8303 0.3961 0.3921
vn -0.3211 0.9302 0.1777
vn -0.4814 -0.7926 0.3742
vn -0.7062 0.6767 -0.2083
vn -0.0128 -0.9899 -0.1411
vn -0.7664 0.3656 -0.5282
vn -0.3261 0.9449 0.0299
vn -0.6423 -0.6186 -0.4526
vn -0.3895 0.7410 -0.5470
vn 0.0279 -0.9831 -0.1807
vn -0.4603 -0.1835 -0.8686
vn -0.1635 0.9762 -0.1426
vn -0.2013 -0.5656 -0.7997
vn 0.3256 -0.7073 -0.6275
vn 0.3258 0.8467 -0.4206
vn 0.4489 0.0009 -0.8936
vn 0.7296 -0.6570 -0.1898
vn 0.6170 0.7576 -0.2129
vn 0.9667 0.0068 -0.2559
vn 0.6894 -0.7012 0.1818
vn 0.6261 0.7687 0.1309
vn 0.9511 0.0425 0.3059
vn 0.2873 -0.7426 0.6050
vn 0.3303 0.6971 0.6363
vn 0.3831 0.0894 0.9194
vn -0.2326 -0.7531 0.6154
vn -0.2415 0.7167 0.6542
vn -0.3348 0.1113 0.9357
vn -0.5860 -0.7601 0.2810
vn -0.6618 0.7219 0.2022
vn -0.9185 0.1137 0.3787
vn -0.5795 -0.7517 -0.3149
vn -0.5875 0.7786 -0.2205
vn -0.9287 0.0254 -0.3699
vn -0.3090 -0.7114 -0.6312
vn -0.2598 0.7777 -0.5725
vn -0.4415 0.0009 -0.8972
vn 0.3879 0.6314 -0.6715
vn 0.4340 -0.3045 -0.8479
vn 0.2343 -0.8075 -0.5414
vn 0.8320 0.5282 -0.1695
vn 0.6205 -0.7777 -0.1008
vn 0.9647 -0.1807 -0.1914
vn 0.6297 -0.7434 0.2255
vn 0.9160 -0.1534 0.3708
vn 0.7866 0.4993 0.3634
vn 0.4064 -0.1329 0.9040
vn 0.2596 -0.7563 0.6005
vn 0.3144 0.5452 0.7771
vn -0.2708 -0.7539 0.5986
vn -0.3542 0.5046 0.7873
vn -0.4598 -0.1292 0.8786
vn -0.5594 -0.7388 0.3758
vn -0.7712 0.5095 0.3816
vn -0.8782 -0.0224 0.4778
vn -0.5480 -0.8257 -0.1336
vn -0.7846 0.6020 -0.1484
vn -0.9781 -0.0822 -0.1914
vn -0.1389 -0.8274 -0.5441
vn -0.4059 0.6049 -0.6851
vn -0.3934 -0.3107 -0.8653
vn 0.4574 -0.1772 -0.8714
vn 0.2443 -0.8197 -0.5182
vn 0.2470 0.6364 -0.7308
vn 0.7437 0.6298 -0.2240
vn 0.5815 -0.7604 -0.2891
vn 0.8332 -0.2380 -0.4992
vn 0.8719 -0.2491 0.4216
vn 0.7191 0.6762 0.1601
vn 0.6964 -0.6557 0.2915
vn 0.3570 -0.1607 0.9202
vn 0.3252 -0.6525 0.6845
vn 0.3514 0.6300 0.6926
vn -0.4624 -0.0503 0.8852
vn -0.2187 -0.7576 0.6150
vn -0.3911 0.6498 0.6518
vn -0.8833 0.0390 0.4673
vn -0.5477 -0.8008 0.2424
vn -0.7463 0.6184 0.2463
vn -0.8796 0.0388 -0.4742
vn -0.4948 -0.8494 -0.1834
vn -0.4953 0.7862 -0.3696
vn -0.4782 -0.1751 -0.8606
vn -0.1121 -0.8282 -0.5492
vn -0.3767 0.7868 -0.4888
vn 0.2918 -0.1287 -0.9478
vn 0.1667 -0.7475 -0.6430
vn 0.1447 0.8222 -0.5505
vn 0.4616 -0.8268 -0.3215
vn 0.8646 -0.1399 -0.4826
vn 0.4828 0.8411 -0.2437
vn 0.5683 0.8021 0.1837
vn 0.4655 -0.8338 0.2968
vn 0.8804 -0.1458 0.4512
vn 0.3362 -0.7275 0.5981
vn 0.1791 0.7469 0.6403
vn 0.2356 -0.1312 0.9629
vn -0.2788 0.1015 0.9550
vn -0.2777 -0.7421 0.6101
vn -0.2109 0.7421 0.6362
vn -0.8689 -0.2110 0.4478
vn -0.6810 -0.7006 0.2132
vn -0.5575 0.7941 0.2420
vn -0.8343 -0.2026 -0.5127
vn -0.6421 -0.7260 -0.2463
vn -0.4232 0.8385 -0.3433
vn -0.3750 -0.1681 -0.9117
vn -0.1417 -0.6932 -0.7066
vn -0.2393 0.8068 -0.5402
vn 0.1476 -0.7875 -0.5984
vn 0.0402 0.6059 -0.7945
vn 0.3807 -0.2890 -0.8784
vn 0.8036 -0.4236 -0.4181
vn 0.6318 0.7001 -0.3326
vn 0.6105 -0.7813 -0.1296
vn 0.6525 -0.7514 0.0982
vn 0.7966 -0.4199 0.4348
vn 0.5715 0.7296 0.3756
vn 0.2214 0.6885 0.6907
vn 0.3121 0.0225 0.9498
vn 0.1691 -0.7767 0.6068
vn -0.4357 -0.5496 0.7129
vn -0.3453 0.6489 0.6780
vn -0.4524 -0.0762 0.8886
vn -0.7087 -0.6200 0.3367
vn -0.7945 0.5914 0.1381
vn -0.8967 -0.0968 0.4319
vn -0.5779 -0.7863 -0.2186
vn -0.4731 0.8309 -0.2928
vn -0.9024 -0.0974 -0.4197
vn -0.2311 -0.7895 -0.5686
vn -0.3562 0.8370 -0.4153
vn -0.5113 -0.2686 -0.8163
vn 0.4654 -0.3219 -0.8245
vn 0.1625 -0.8312 -0.5316
vn 0.2715 0.6295 -0.7280
vn 0.7552 0.6174 -0.2201
vn 0.5109 -0.8385 -0.1893
vn 0.9548 0.0305 -0.2958
vn 0.6741 0.5511 0.4918
vn 0.8957 0.1495 0.4187
vn 0.5229 -0.8327 0.1823
vn 0.4770 0.1071 0.8723
vn 0.2070 -0.8389 0.5034
vn 0.2114 0.7019 0.6802
vn -0.2243 0.8414 0.4916
vn -0.3929 0.1121 0.9127
vn -0.2409 -0.7702 0.5905
vn -0.6158 0.7266 0.3048
vn -0.9487 0.1392 0.2837
vn -0.6423 -0.6982 0.3162
vn -0.6446 0.7605 -0.0781
vn -0.9391 -0.1709 -0.2983
vn -0.5981 -0.6501 -0.4687
vn -0.3741 0.7144 -0.5913
vn -0.5065 -0.3136 -0.8032
vn -0.3159 -0.7588 -0.5696
s 0
usemtl moss_top
f 1532//2669 1489//2669 1490//2669
f 1529//2670 1488//2670 1530//2670
f 1515//2671 1532//2671 1490//2671
f 1531//2672 1488//2672 1489//2672
f 1529//2673 1516//2673 1487//2673
f 1490//2674 1495//2674 1496//2674
f 1487//2675 1494//2675 1488//2675
f 1515//2676 1490//2676 1496//2676
f 1489//2677 1494//2677 1495//2677
f 1487//2678 1516//2678 1493//2678
f 1495//2679 1502//2679 1496//2679
f 1494//2680 1499//2680 1500//2680
f 1515//2681 1496//2681 1502//2681
f 1495//2682 1500//2682 1501//2682
f 1493//2683 1516//2683 1499//2683
f 1501//2684 1508//2684 1502//2684
f 1499//2685 1506//2685 1500//2685
f 1515//2686 1502//2686 1508//2686
f 1501//2687 1506//2687 1507//2687
f 1499//2688 1516//2688 1505//2688
f 1507//2689 1514//2689 1508//2689
f 1506//2690 1511//2690 1512//2690
f 1515//2691 1508//2691 1514//2691
f 1506//2692 1513//2692 1507//2692
f 1505//2693 1516//2693 1511//2693
f 1513//2694 1520//2694 1514//2694
f 1512//2695 1517//2695 1518//2695
f 1515//2696 1514//2696 1520//2696
f 1513//2697 1518//2697 1519//2697
f 1511//2698 1516//2698 1517//2698
f 1520//2699 1525//2699 1526//2699
f 1518//2700 1523//2700 1524//2700
f 1515//2701 1520//2701 1526//2701
f 1518//2702 1525//2702 1519//2702
f 1517//2703 1516//2703 1523//2703
f 1525//2704 1532//2704 1526//2704
f 1524//2705 1529//2705 1530//2705
f 1515//2706 1526//2706 1532//2706
f 1524//2707 1531//2707 1525//2707
f 1523//2708 1516//2708 1529//2708
f 1565//2709 1498//2709 1564//2709
f 1565//2710 1549//2710 1497//2710
f 1545//2711 1561//2711 1504//2711
f 1563//2712 1498//2712 1503//2712
f 1561//2713 1503//2713 1504//2713
f 1545//2714 1504//2714 1483//2714
f 1497//2715 1549//2715 1486//2715
f 1497//2716 1485//2716 1498//2716
f 1504//2717 1484//2717 1483//2717
f 1503//2718 1485//2718 1484//2718
f 1484//2719 1480//2719 1483//2719
f 1484//2720 1535//2720 1534//2720
f 1486//2721 1549//2721 1536//2721
f 1545//2722 1483//2722 1480//2722
f 1485//2723 1536//2723 1535//2723
f 1545//2724 1480//2724 1538//2724
f 1535//2725 1540//2725 1534//2725
f 1536//2726 1549//2726 1542//2726
f 1534//2727 1538//2727 1480//2727
f 1535//2728 1542//2728 1541//2728
f 1538//2729 1546//2729 1544//2729
f 1542//2730 1547//2730 1541//2730
f 1545//2731 1538//2731 1544//2731
f 1540//2732 1547//2732 1546//2732
f 1542//2733 1549//2733 1548//2733
f 1546//2734 1550//2734 1544//2734
f 1547//2735 1554//2735 1553//2735
f 1545//2736 1544//2736 1550//2736
f 1546//2737 1553//2737 1552//2737
f 1548//2738 1549//2738 1554//2738
f 1552//2739 1556//2739 1550//2739
f 1553//2740 1559//2740 1558//2740
f 1545//2741 1550//2741 1556//2741
f 1553//2742 1557//2742 1552//2742
f 1554//2743 1549//2743 1559//2743
f 1556//2744 1563//2744 1561//2744
f 1559//2745 1564//2745 1558//2745
f 1545//2746 1556//2746 1561//2746
f 1558//2747 1563//2747 1557//2747
f 1559//2748 1549//2748 1565//2748
f 1598//2749 1582//2749 1528//2749
f 1578//2750 1594//2750 1539//2750
f 1596//2751 1533//2751 1537//2751
f 1594//2752 1537//2752 1539//2752
f 1598//2753 1533//2753 1597//2753
f 1533//2754 1521//2754 1510//2754
f 1539//2755 1509//2755 1492//2755
f 1533//2756 1509//2756 1537//2756
f 1578//2757 1539//2757 1492//2757
f 1528//2758 1582//2758 1521//2758
f 1509//2759 1568//2759 1567//2759
f 1521//2760 1582//2760 1569//2760
f 1521//2761 1568//2761 1510//2761
f 1492//2762 1567//2762 1481//2762
f 1578//2763 1492//2763 1481//2763
f 1567//2764 1574//2764 1573//2764
f 1567//2765 1571//2765 1481//2765
f 1569//2766 1582//2766 1575//2766
f 1569//2767 1574//2767 1568//2767
f 1578//2768 1481//2768 1571//2768
f 1578//2769 1571//2769 1577//2769
f 1573//2770 1580//2770 1579//2770
f 1575//2771 1582//2771 1581//2771
f 1573//2772 1577//2772 1571//2772
f 1575//2773 1580//2773 1574//2773
f 1578//2774 1577//2774 1583//2774
f 1580//2775 1585//2775 1579//2775
f 1581//2776 1582//2776 1587//2776
f 1579//2777 1583//2777 1577//2777
f 1580//2778 1587//2778 1586//2778
f 1578//2779 1583//2779 1589//2779
f 1585//2780 1591//2780 1590//2780
f 1587//2781 1582//2781 1592//2781
f 1585//2782 1589//2782 1583//2782
f 1587//2783 1591//2783 1586//2783
f 1578//2784 1589//2784 1594//2784
f 1591//2785 1596//2785 1590//2785
f 1592//2786 1582//2786 1598//2786
f 1589//2787 1596//2787 1594//2787
f 1591//2788 1598//2788 1597//2788
f 1629//2789 1570//2789 1628//2789
f 1628//2790 1572//2790 1626//2790
f 1629//2791 1562//2791 1566//2791
f 1630//2792 1615//2792 1562//2792
f 1611//2793 1626//2793 1572//2793
f 1570//2794 1527//2794 1572//2794
f 1570//2795 1551//2795 1543//2795
f 1611//2796 1572//2796 1527//2796
f 1562//2797 1615//2797 1555//2797
f 1566//2798 1555//2798 1551//2798
f 1555//2799 1615//2799 1602//2799
f 1555//2800 1601//2800 1551//2800
f 1527//2801 1600//2801 1482//2801
f 1611//2802 1527//2802 1482//2802
f 1551//2803 1600//2803 1543//2803
f 1600//2804 1604//2804 1482//2804
f 1602//2805 1607//2805 1601//2805
f 1611//2806 1482//2806 1604//2806
f 1602//2807 1615//2807 1608//2807
f 1600//2808 1607//2808 1606//2808
f 1607//2809 1612//2809 1606//2809
f 1604//2810 1612//2810 1610//2810
f 1607//2811 1614//2811 1613//2811
f 1608//2812 1615//2812 1614//2812
f 1611//2813 1604//2813 1610//2813
f 1613//2814 1618//2814 1612//2814
f 1614//2815 1615//2815 1620//2815
f 1610//2816 1618//2816 1616//2816
f 1613//2817 1620//2817 1619//2817
f 1611//2818 1610//2818 1616//2818
f 1618//2819 1624//2819 1623//2819
f 1620//2820 1615//2820 1625//2820
f 1618//2821 1622//2821 1616//2821
f 1620//2822 1624//2822 1619//2822
f 1611//2823 1616//2823 1622//2823
f 1624//2824 1628//2824 1623//2824
f 1625//2825 1615//2825 1630//2825
f 1622//2826 1628//2826 1626//2826
f 1625//2827 1629//2827 1624//2827
f 1611//2828 1622//2828 1626//2828
f 1656//2829 1605//2829 1655//2829
f 1658//2830 1646//2830 1595//2830
f 1642//2831 1655//2831 1605//2831
f 1658//2832 1599//2832 1657//2832
f 1656//2833 1599//2833 1603//2833
f 1599//2834 1576//2834 1603//2834
f 1599//2835 1588//2835 1584//2835
f 1642//2836 1605//2836 1560//2836
f 1595//2837 1646//2837 1588//2837
f 1605//2838 1576//2838 1560//2838
f 1576//2839 1491//2839 1560//2839
f 1642//2840 1560//2840 1491//2840
f 1576//2841 1633//2841 1632//2841
f 1588//2842 1646//2842 1634//2842
f 1588//2843 1633//2843 1584//2843
f 1634//2844 1639//2844 1633//2844
f 1633//2845 1638//2845 1632//2845
f 1642//2846 1491//2846 1636//2846
f 1634//2847 1646//2847 1640//2847
f 1491//2848 1638//2848 1636//2848
f 1636//2849 1643//2849 1641//2849
f 1640//2850 1644//2850 1639//2850
f 1642//2851 1636//2851 1641//2851
f 1640//2852 1646//2852 1645//2852
f 1639//2853 1643//2853 1638//2853
f 1643//2854 1647//2854 1641//2854
f 1644//2855 1650//2855 1649//2855
f 1642//2856 1641//2856 1647//2856
f 1644//2857 1648//2857 1643//2857
f 1645//2858 1646//2858 1650//2858
f 1648//2859 1651//2859 1647//2859
f 1650//2860 1653//2860 1649//2860
f 1642//2861 1647//2861 1651//2861
f 1648//2862 1653//2862 1652//2862
f 1650//2863 1646//2863 1654//2863
f 1651//2864 1656//2864 1655//2864
f 1653//2865 1658//2865 1657//2865
f 1642//2866 1651//2866 1655//2866
f 1653//2867 1656//2867 1652//2867
f 1654//2868 1646//2868 1658//2868
f 1683//2869 1671//2869 1627//2869
f 1667//2870 1680//2870 1637//2870
f 1681//2871 1631//2871 1635//2871
f 1681//2872 1637//2872 1680//2872
f 1683//2873 1631//2873 1682//2873
f 1627//2874 1617//2874 1631//2874
f 1637//2875 1609//2875 1593//2875
f 1635//2876 1617//2876 1609//2876
f 1667//2877 1637//2877 1593//2877
f 1627//2878 1671//2878 1621//2878
f 1667//2879 1593//2879 1522//2879
f 1621//2880 1671//2880 1661//2880
f 1617//2881 1661//2881 1660//2881
f 1609//2882 1660//2882 1659//2882
f 1609//2883 1522//2883 1593//2883
f 1667//2884 1522//2884 1662//2884
f 1660//2885 1663//2885 1659//2885
f 1661//2886 1671//2886 1665//2886
f 1522//2887 1663//2887 1662//2887
f 1660//2888 1665//2888 1664//2888
f 1665//2889 1669//2889 1664//2889
f 1667//2890 1662//2890 1666//2890
f 1663//2891 1669//2891 1668//2891
f 1665//2892 1671//2892 1670//2892
f 1663//2893 1666//2893 1662//2893
f 1670//2894 1674//2894 1669//2894
f 1667//2895 1666//2895 1672//2895
f 1668//2896 1674//2896 1673//2896
f 1670//2897 1671//2897 1675//2897
f 1668//2898 1672//2898 1666//2898
f 1674//2899 1679//2899 1678//2899
f 1667//2900 1672//2900 1676//2900
f 1674//2901 1677//2901 1673//2901
f 1675//2902 1671//2902 1679//2902
f 1672//2903 1677//2903 1676//2903
f 1678//2904 1683//2904 1682//2904
f 1667//2905 1676//2905 1680//2905
f 1678//2906 1681//2906 1677//2906
f 1679//2907 1671//2907 1683//2907
f 1677//2908 1680//2908 1676//2908
f 1532//2909 1531//2909 1489//2909
f 1529//2910 1487//2910 1488//2910
f 1531//2911 1530//2911 1488//2911
f 1490//2912 1489//2912 1495//2912
f 1487//2913 1493//2913 1494//2913
f 1489//2914 1488//2914 1494//2914
f 1495//2915 1501//2915 1502//2915
f 1494//2916 1493//2916 1499//2916
f 1495//2917 1494//2917 1500//2917
f 1501//2918 1507//2918 1508//2918
f 1499//2919 1505//2919 1506//2919
f 1501//2920 1500//2920 1506//2920
f 1507//2921 1513//2921 1514//2921
f 1506//2922 1505//2922 1511//2922
f 1506//2923 1512//2923 1513//2923
f 1513//2924 1519//2924 1520//2924
f 1512//2925 1511//2925 1517//2925
f 1513//2926 1512//2926 1518//2926
f 1520//2927 1519//2927 1525//2927
f 1518//2928 1517//2928 1523//2928
f 1518//2929 1524//2929 1525//2929
f 1525//2930 1531//2930 1532//2930
f 1524//2931 1523//2931 1529//2931
f 1524//2932 1530//2932 1531//2932
f 1565//2933 1497//2933 1498//2933
f 1563//2934 1564//2934 1498//2934
f 1561//2935 1563//2935 1503//2935
f 1497//2936 1486//2936 1485//2936
f 1504//2937 1503//2937 1484//2937
f 1503//2938 1498//2938 1485//2938
f 1484//2939 1534//2939 1480//2939
f 1484//2940 1485//2940 1535//2940
f 1485//2941 1486//2941 1536//2941
f 1535//2942 1541//2942 1540//2942
f 1534//2943 1540//2943 1538//2943
f 1535//2944 1536//2944 1542//2944
f 1538//2945 1540//2945 1546//2945
f 1542//2946 1548//2946 1547//2946
f 1540//2947 1541//2947 1547//2947
f 1546//2948 1552//2948 1550//2948
f 1547//2949 1548//2949 1554//2949
f 1546//2950 1547//2950 1553//2950
f 1552//2951 1557//2951 1556//2951
f 1553//2952 1554//2952 1559//2952
f 1553//2953 1558//2953 1557//2953
f 1556//2954 1557//2954 1563//2954
f 1559//2955 1565//2955 1564//2955
f 1558//2956 1564//2956 1563//2956
f 1596//2957 1597//2957 1533//2957
f 1594//2958 1596//2958 1537//2958
f 1598//2959 1528//2959 1533//2959
f 1533//2960 1528//2960 1521//2960
f 1539//2961 1537//2961 1509//2961
f 1533//2962 1510//2962 1509//2962
f 1509//2963 1510//2963 1568//2963
f 1521//2964 1569//2964 1568//2964
f 1492//2965 1509//2965 1567//2965
f 1567//2966 1568//2966 1574//2966
f 1567//2967 1573//2967 1571//2967
f 1569//2968 1575//2968 1574//2968
f 1573//2969 1574//2969 1580//2969
f 1573//2970 1579//2970 1577//2970
f 1575//2971 1581//2971 1580//2971
f 1580//2972 1586//2972 1585//2972
f 1579//2973 1585//2973 1583//2973
f 1580//2974 1581//2974 1587//2974
f 1585//2975 1586//2975 1591//2975
f 1585//2976 1590//2976 1589//2976
f 1587//2977 1592//2977 1591//2977
f 1591//2978 1597//2978 1596//2978
f 1589//2979 1590//2979 1596//2979
f 1591//2980 1592//2980 1598//2980
f 1629//2981 1566//2981 1570//2981
f 1628//2982 1570//2982 1572//2982
f 1629//2983 1630//2983 1562//2983
f 1570//2984 1543//2984 1527//2984
f 1570//2985 1566//2985 1551//2985
f 1566//2986 1562//2986 1555//2986
f 1555//2987 1602//2987 1601//2987
f 1527//2988 1543//2988 1600//2988
f 1551//2989 1601//2989 1600//2989
f 1600//2990 1606//2990 1604//2990
f 1602//2991 1608//2991 1607//2991
f 1600//2992 1601//2992 1607//2992
f 1607//2993 1613//2993 1612//2993
f 1604//2994 1606//2994 1612//2994
f 1607//2995 1608//2995 1614//2995
f 1613//2996 1619//2996 1618//2996
f 1610//2997 1612//2997 1618//2997
f 1613//2998 1614//2998 1620//2998
f 1618//2999 1619//2999 1624//2999
f 1618//3000 1623//3000 1622//3000
f 1620//3001 1625//3001 1624//3001
f 1624//3002 1629//3002 1628//3002
f 1622//3003 1623//3003 1628//3003
f 1625//3004 1630//3004 1629//3004
f 1656//3005 1603//3005 1605//3005
f 1658//3006 1595//3006 1599//3006
f 1656//3007 1657//3007 1599//3007
f 1599//3008 1584//3008 1576//3008
f 1599//3009 1595//3009 1588//3009
f 1605//3010 1603//3010 1576//3010
f 1576//3011 1632//3011 1491//3011
f 1576//3012 1584//3012 1633//3012
f 1588//3013 1634//3013 1633//3013
f 1634//3014 1640//3014 1639//3014
f 1633//3015 1639//3015 1638//3015
f 1491//3016 1632//3016 1638//3016
f 1636//3017 1638//3017 1643//3017
f 1640//3018 1645//3018 1644//3018
f 1639//3019 1644//3019 1643//3019
f 1643//3020 1648//3020 1647//3020
f 1644//3021 1645//3021 1650//3021
f 1644//3022 1649//3022 1648//3022
f 1648//3023 1652//3023 1651//3023
f 1650//3024 1654//3024 1653//3024
f 1648//3025 1649//3025 1653//3025
f 1651//3026 1652//3026 1656//3026
f 1653//3027 1654//3027 1658//3027
f 1653//3028 1657//3028 1656//3028
f 1681//3029 1682//3029 1631//3029
f 1681//3030 1635//3030 1637//3030
f 1683//3031 1627//3031 1631//3031
f 1627//3032 1621//3032 1617//3032
f 1637//3033 1635//3033 1609//3033
f 1635//3034 1631//3034 1617//3034
f 1617//3035 1621//3035 1661//3035
f 1609//3036 1617//3036 1660//3036
f 1609//3037 1659//3037 1522//3037
f 1660//3038 1664//3038 1663//3038
f 1522//3039 1659//3039 1663//3039
f 1660//3040 1661//3040 1665//3040
f 1665//3041 1670//3041 1669//3041
f 1663//3042 1664//3042 1669//3042
f 1663//3043 1668//3043 1666//3043
f 1670//3044 1675//3044 1674//3044
f 1668//3045 1669//3045 1674//3045
f 1668//3046 1673//3046 1672//3046
f 1674//3047 1675//3047 1679//3047
f 1674//3048 1678//3048 1677//3048
f 1672//3049 1673//3049 1677//3049
f 1678//3050 1679//3050 1683//3050
f 1678//3051 1682//3051 1681//3051
f 1677//3052 1681//3052 1680//3052
