# Blender 4.4.3
# www.blender.org
mtllib tube_cluster.mtl
o tube_cluster_base
v 0.000000 0.000000 0.000000
v 0.730398 0.000000 0.486327
v -0.290424 0.000000 0.819174
v -0.851988 0.000000 0.000000
v -0.274112 0.000000 -0.773165
v 0.668636 0.000000 -0.445204
v 0.233357 0.262673 0.658211
v -0.679492 0.277167 0.452432
v -0.688268 0.279023 -0.458275
v 0.272281 0.284222 -0.768001
v 0.876508 0.283429 0.000000
v 0.000000 0.477745 0.000000
v -0.269611 0.000000 0.760471
v -0.230455 0.000000 0.650025
v -0.184584 0.000000 0.520640
v -0.149360 0.000000 0.421287
v -0.116886 0.000000 0.329692
v -0.078740 0.000000 0.222094
v -0.038139 0.000000 0.107575
v 0.100180 0.000000 0.066704
v 0.205082 0.000000 0.136552
v 0.307563 0.000000 0.204787
v 0.396951 0.000000 0.264305
v 0.473636 0.000000 0.315365
v 0.559197 0.000000 0.372335
v 0.650059 0.000000 0.432834
v 0.641951 0.000000 0.556609
v 0.548132 0.000000 0.643777
v 0.422637 0.000000 0.719498
v 0.267504 0.000000 0.754501
v 0.114846 0.000000 0.777889
v -0.030496 0.000000 0.814890
v -0.170497 0.000000 0.836067
v 0.718567 0.000000 -0.358837
v 0.788890 0.000000 -0.262637
v 0.843320 0.000000 -0.140379
v 0.846113 0.000000 0.000000
v 0.807134 0.000000 0.134355
v 0.779018 0.000000 0.259350
v 0.760482 0.000000 0.379768
v 0.099834 0.000000 -0.066474
v 0.206306 0.000000 -0.137367
v 0.312664 0.000000 -0.208184
v 0.415164 0.000000 -0.276432
v 0.512828 0.000000 -0.341461
v 0.580458 0.000000 -0.386492
v 0.619273 0.000000 -0.412336
v -0.793712 0.000000 0.000000
v -0.704328 0.000000 0.000000
v -0.598118 0.000000 0.000000
v -0.474970 0.000000 0.000000
v -0.352437 0.000000 0.000000
v -0.240408 0.000000 0.000000
v -0.120200 0.000000 0.000000
v -0.393288 0.000000 0.758606
v -0.501246 0.000000 0.680141
v -0.604334 0.000000 0.579460
v -0.685750 0.000000 0.456602
v -0.743853 0.000000 0.328161
v -0.784797 0.000000 0.206716
v -0.817053 0.000000 0.097433
v -0.254041 0.000000 -0.716554
v -0.224355 0.000000 -0.632821
v -0.176681 0.000000 -0.498350
v -0.133989 0.000000 -0.377931
v -0.104713 0.000000 -0.295356
v -0.073538 0.000000 -0.207422
v -0.037213 0.000000 -0.104964
v -0.842208 0.000000 -0.100433
v -0.796128 0.000000 -0.209701
v -0.732799 0.000000 -0.323284
v -0.685882 0.000000 -0.456690
v -0.622285 0.000000 -0.596673
v -0.502041 0.000000 -0.681221
v -0.376767 0.000000 -0.726738
v -0.163010 0.000000 -0.799351
v -0.031365 0.000000 -0.838107
v 0.122336 0.000000 -0.828620
v 0.266714 0.000000 -0.752271
v 0.394384 0.000000 -0.671399
v 0.497510 0.000000 -0.584323
v 0.583740 0.000000 -0.506136
v 0.959736 0.259632 0.066203
v 0.984257 0.221893 0.139194
v 0.940476 0.176806 0.204634
v 0.878070 0.133480 0.261464
v 0.864930 0.091474 0.330666
v 0.871336 0.046487 0.410877
v 0.820658 0.007057 0.464418
v 0.766193 0.015447 -0.433595
v 0.865255 0.047094 -0.408009
v 0.926214 0.088497 -0.354095
v 0.943242 0.133480 -0.280870
v 0.975067 0.178400 -0.212160
v 0.977378 0.221275 -0.138221
v 0.936508 0.256579 -0.064601
v 0.190463 0.238925 0.716297
v 0.140121 0.211055 0.790458
v 0.076215 0.175675 0.859898
v -0.000000 0.133480 0.912241
v -0.080977 0.088649 0.913621
v -0.157904 0.046060 0.890776
v -0.229492 0.006427 0.863078
v 0.734326 0.007267 0.570815
v 0.703879 0.045458 0.639966
v 0.631669 0.090012 0.674363
v 0.556032 0.133480 0.701376
v 0.483476 0.175126 0.727147
v 0.395922 0.211511 0.719179
v 0.305274 0.238911 0.682005
v -0.711687 0.243116 0.402750
v -0.758441 0.209202 0.357642
v -0.827513 0.173669 0.316362
v -0.887997 0.133480 0.264420
v -0.901466 0.091951 0.196146
v -0.876628 0.054735 0.123973
v -0.860025 0.020434 0.059325
v -0.363424 0.007965 0.811918
v -0.431835 0.048371 0.784414
v -0.482511 0.091917 0.725694
v -0.516388 0.133480 0.651370
v -0.533773 0.170211 0.569850
v -0.572321 0.205051 0.520353
v -0.630899 0.241916 0.490418
v -0.670210 0.248672 -0.520975
v -0.627802 0.211989 -0.570797
v -0.575005 0.173049 -0.613869
v -0.543325 0.133480 -0.685348
v -0.514875 0.089129 -0.774370
v -0.449668 0.044856 -0.816809
v -0.357974 0.009848 -0.799742
v -0.880610 0.017728 -0.060745
v -0.904912 0.052195 -0.127973
v -0.935574 0.090380 -0.203567
v -0.952160 0.133480 -0.283526
v -0.933901 0.178836 -0.357034
v -0.878539 0.221192 -0.414274
v -0.787196 0.254748 -0.445481
v 0.338328 0.250327 -0.755852
v 0.425031 0.217248 -0.772055
v 0.527403 0.178910 -0.793212
v 0.596565 0.133480 -0.752504
v 0.626290 0.090382 -0.668621
v 0.642596 0.053121 -0.584247
v 0.661963 0.019705 -0.514565
v -0.222576 0.010256 -0.837068
v -0.156400 0.046893 -0.882287
v -0.076711 0.091011 -0.865492
v 0.000000 0.133480 -0.817430
v 0.073596 0.174224 -0.830340
v 0.151613 0.217417 -0.855282
v 0.220436 0.255519 -0.829021
v 0.855632 0.293696 0.102034
v 0.790928 0.297044 0.208331
v 0.724628 0.300803 0.319679
v 0.676897 0.310409 0.450708
v 0.603473 0.315198 0.578635
v 0.472905 0.301412 0.641686
v 0.333376 0.277726 0.643043
v 0.141320 0.276319 0.692988
v 0.027713 0.294174 0.740525
v -0.110783 0.305385 0.750368
v -0.242764 0.299603 0.684721
v -0.366008 0.294133 0.623093
v -0.490502 0.291954 0.576092
v -0.602433 0.287473 0.522344
v -0.747577 0.291564 0.373324
v -0.809380 0.304634 0.269458
v -0.831976 0.309412 0.138490
v -0.814859 0.305792 -0.000000
v -0.821221 0.307138 -0.136700
v -0.818674 0.306599 -0.272552
v -0.769674 0.296237 -0.384359
v -0.579894 0.281712 -0.502802
v -0.462880 0.283030 -0.543650
v -0.348804 0.286581 -0.593805
v -0.237451 0.295967 -0.669734
v -0.113549 0.309676 -0.769101
v 0.031517 0.316231 -0.842166
v 0.168950 0.304246 -0.828480
v 0.363256 0.290655 -0.700678
v 0.465316 0.298717 -0.631388
v 0.562439 0.302842 -0.539290
v 0.644495 0.301939 -0.429133
v 0.704144 0.296073 -0.310642
v 0.751370 0.288863 -0.197911
v 0.812899 0.285694 -0.096938
v 0.037528 0.479457 0.105852
v 0.078869 0.470052 0.222461
v 0.120303 0.448297 0.339328
v 0.162967 0.425447 0.459668
v 0.203563 0.397377 0.574172
v 0.221392 0.347406 0.624463
v 0.225555 0.298243 0.636204
v 0.768799 0.307016 0.000000
v 0.671377 0.333945 0.000000
v 0.608208 0.377126 0.000000
v 0.521564 0.422223 0.000000
v 0.384369 0.444294 0.000000
v 0.245963 0.457826 0.000000
v 0.119257 0.473222 0.000000
v -0.096284 0.472531 0.064110
v -0.198817 0.457551 0.132380
v -0.304695 0.438033 0.202878
v -0.406085 0.411366 0.270387
v -0.511986 0.386999 0.340900
v -0.611832 0.359293 0.407382
v -0.665538 0.319173 0.443141
v -0.094092 0.464813 -0.062650
v -0.191554 0.445712 -0.127544
v -0.295314 0.428657 -0.196632
v -0.393111 0.402488 -0.261749
v -0.465740 0.364100 -0.310108
v -0.535245 0.331026 -0.356386
v -0.619382 0.306295 -0.412409
v 0.035389 0.459735 -0.099818
v 0.069827 0.431466 -0.196957
v 0.104037 0.405732 -0.293450
v 0.140301 0.384840 -0.395736
v 0.181575 0.368873 -0.512154
v 0.223393 0.349339 -0.630107
v 0.255460 0.320087 -0.720554
v 0.158369 0.452559 -0.105449
v 0.293947 0.442309 -0.110958
v 0.197694 0.429884 -0.212988
v 0.444769 0.431127 -0.117153
v 0.346876 0.426885 -0.230966
v 0.238136 0.407135 -0.323128
v 0.568123 0.397565 -0.114916
v 0.496106 0.408132 -0.239029
v 0.390194 0.400493 -0.348571
v 0.274217 0.379117 -0.427555
v 0.636921 0.348409 -0.104566
v 0.599626 0.366101 -0.226346
v 0.525994 0.373441 -0.350232
v 0.420161 0.366089 -0.452668
v 0.313925 0.354460 -0.537547
v 0.708138 0.310830 -0.097831
v 0.666471 0.320925 -0.206798
v 0.621569 0.332813 -0.329871
v 0.544118 0.336439 -0.447827
v 0.446728 0.332592 -0.549172
v 0.347069 0.325625 -0.635947
v -0.058732 0.443275 -0.165655
v -0.022349 0.417344 -0.267009
v -0.161466 0.432713 -0.240400
v 0.014116 0.398360 -0.377200
v -0.130148 0.421685 -0.367086
v -0.275814 0.421850 -0.323942
v 0.053378 0.383854 -0.503134
v -0.093961 0.405843 -0.502051
v -0.251747 0.412220 -0.467475
v -0.370357 0.386917 -0.382914
v 0.096040 0.367245 -0.638933
v -0.052456 0.379497 -0.626703
v -0.208892 0.382969 -0.589185
v -0.336401 0.363680 -0.500853
v -0.428320 0.338869 -0.408704
v 0.137164 0.340867 -0.757095
v -0.010015 0.350306 -0.745868
v -0.158810 0.344169 -0.680363
v -0.288476 0.330884 -0.595870
v -0.393749 0.315021 -0.509737
v -0.496458 0.306071 -0.448240
v -0.199285 0.458312 0.000000
v -0.306972 0.440309 -0.068131
v -0.309633 0.442969 0.068722
v -0.413688 0.416569 -0.137725
v -0.428112 0.426439 0.000000
v -0.422640 0.422695 0.140705
v -0.503363 0.382729 -0.201095
v -0.532250 0.397033 -0.070878
v -0.542878 0.402296 0.072294
v -0.533088 0.397448 0.212970
v -0.587949 0.350478 -0.260986
v -0.626078 0.364551 -0.138956
v -0.647239 0.372361 0.000000
v -0.658232 0.376418 0.146092
v -0.648719 0.372907 0.287962
v -0.686633 0.325058 -0.326562
v -0.726046 0.336055 -0.207184
v -0.741081 0.340250 -0.070491
v -0.760184 0.345580 0.072308
v -0.763555 0.346520 0.217887
v -0.728384 0.336707 0.346418
v -0.064720 0.474859 0.182544
v -0.175691 0.459075 0.261579
v -0.026244 0.466823 0.313550
v -0.280584 0.426837 0.329545
v -0.140704 0.445060 0.396858
v 0.016540 0.443848 0.441976
v -0.378247 0.392316 0.391072
v -0.241942 0.401364 0.449268
v -0.097127 0.415021 0.518969
v 0.059673 0.413382 0.562471
v -0.479061 0.363201 0.457121
v -0.334170 0.362154 0.497533
v -0.198192 0.370190 0.559005
v -0.052163 0.378127 0.623213
v 0.095955 0.367038 0.638367
v -0.558415 0.327610 0.504179
v -0.424942 0.329403 0.550117
v -0.289644 0.331684 0.598284
v -0.156801 0.341504 0.671758
v -0.009373 0.336425 0.698119
v 0.121347 0.316952 0.669792
v 0.167259 0.470470 0.111368
v 0.210430 0.448979 0.226709
v 0.303535 0.452382 0.114578
v 0.252769 0.423950 0.342983
v 0.351166 0.430513 0.233822
v 0.451964 0.435942 0.119048
v 0.304820 0.406531 0.475271
v 0.401522 0.408245 0.358691
v 0.493964 0.406946 0.237997
v 0.571131 0.398963 0.115525
v 0.342088 0.374285 0.585772
v 0.453154 0.384354 0.488213
v 0.534159 0.377166 0.355668
v 0.600102 0.366285 0.226525
v 0.646395 0.351606 0.106121
v 0.339708 0.321550 0.622459
v 0.477425 0.346274 0.586909
v 0.576847 0.348648 0.474765
v 0.635635 0.337324 0.337336
v 0.686025 0.326424 0.212865
v 0.738983 0.318555 0.102092
v 0.876653 0.259898 -0.173688
v 0.912975 0.223670 -0.256868
v 0.818113 0.264140 -0.290464
v 0.886766 0.178522 -0.327481
v 0.837325 0.225362 -0.378718
v 0.757129 0.268967 -0.416241
v 0.845067 0.133480 -0.390739
v 0.792437 0.178332 -0.440353
v 0.751045 0.226165 -0.500077
v 0.671173 0.270035 -0.535477
v 0.831283 0.088717 -0.466391
v 0.748905 0.133480 -0.498651
v 0.714320 0.179129 -0.564458
v 0.666953 0.227504 -0.627060
v 0.568131 0.267415 -0.638931
v 0.756895 0.049440 -0.503971
v 0.716671 0.090180 -0.561452
v 0.674272 0.133480 -0.622869
v 0.642315 0.180610 -0.702830
v 0.556367 0.224933 -0.726396
v 0.449508 0.259440 -0.707842
v 0.098163 0.270376 -0.885540
v 0.015457 0.223106 -0.869652
v -0.052240 0.273856 -0.862525
v -0.062188 0.176035 -0.825840
v -0.130041 0.222467 -0.820156
v -0.190851 0.264079 -0.760092
v -0.143154 0.133480 -0.850181
v -0.207100 0.177274 -0.807258
v -0.264866 0.219054 -0.747068
v -0.312407 0.255966 -0.673144
v -0.232296 0.087697 -0.888464
v -0.298327 0.133480 -0.841453
v -0.347230 0.176902 -0.758156
v -0.394030 0.216802 -0.686872
v -0.437810 0.253765 -0.622037
v -0.304354 0.045007 -0.858461
v -0.385102 0.087313 -0.851001
v -0.438046 0.133480 -0.780214
v -0.473252 0.175494 -0.692684
v -0.520192 0.215235 -0.634178
v -0.563670 0.252675 -0.577738
v -0.870434 0.267571 -0.351847
v -0.929370 0.226267 -0.292162
v -0.882416 0.269417 -0.214015
v -0.953690 0.179797 -0.218760
v -0.909444 0.224278 -0.142949
v -0.852784 0.264852 -0.068943
v -0.938857 0.133480 -0.139782
v -0.921316 0.178225 -0.070445
v -0.876845 0.221023 0.000000
v -0.850928 0.264566 0.068793
v -0.894440 0.092275 -0.064872
v -0.897946 0.133480 0.000000
v -0.902936 0.177332 0.069040
v -0.873742 0.220714 0.137337
v -0.845848 0.263784 0.205146
v -0.869715 0.055356 0.000000
v -0.875017 0.093170 0.063464
v -0.895858 0.133480 0.133381
v -0.878645 0.176153 0.201547
v -0.834430 0.216789 0.262317
v -0.793478 0.255716 0.320741
v -0.549265 0.249629 0.562974
v -0.480938 0.209066 0.586322
v -0.437072 0.253562 0.620987
v -0.435704 0.172160 0.637726
v -0.372697 0.212291 0.649684
v -0.313965 0.256576 0.676499
v -0.406531 0.133480 0.724080
v -0.322351 0.173791 0.703833
v -0.251378 0.214696 0.709021
v -0.187671 0.261902 0.747424
v -0.357491 0.090623 0.789985
v -0.278161 0.133480 0.784572
v -0.194150 0.174535 0.756777
v -0.122627 0.217393 0.773390
v -0.047513 0.261152 0.784464
v -0.297208 0.047084 0.838302
v -0.220750 0.089973 0.844303
v -0.141834 0.133480 0.842338
v -0.062052 0.175941 0.824017
v 0.014284 0.216304 0.803645
v 0.083991 0.250611 0.757691
v 0.433313 0.254902 0.682341
v 0.535099 0.221436 0.698628
v 0.587819 0.272056 0.661072
v 0.608473 0.178126 0.665800
v 0.675892 0.228764 0.635466
v 0.703835 0.276680 0.561536
v 0.664004 0.133480 0.613385
v 0.724001 0.179747 0.572109
v 0.767196 0.228157 0.510833
v 0.762195 0.269873 0.419027
v 0.738168 0.088881 0.578294
v 0.763328 0.133479 0.508256
v 0.802888 0.178923 0.446162
v 0.827551 0.224289 0.374299
v 0.826671 0.265506 0.293503
v 0.805834 0.044006 0.536557
v 0.826251 0.088988 0.463570
v 0.824455 0.133479 0.381210
v 0.863916 0.177361 0.319044
v 0.908599 0.223237 0.255637
v 0.909445 0.264626 0.180185
v 0.285066 0.216346 -0.804056
v 0.369146 0.177734 -0.815740
v 0.216743 0.176197 -0.828976
v 0.463843 0.133480 -0.826161
v 0.294167 0.133480 -0.829719
v 0.136729 0.133480 -0.812024
v 0.522455 0.087098 -0.764699
v 0.369926 0.087219 -0.807712
v 0.207429 0.089616 -0.808541
v 0.062040 0.091026 -0.823867
v 0.545179 0.047797 -0.664640
v 0.426744 0.043240 -0.743899
v 0.281166 0.042640 -0.793040
v 0.133041 0.042440 -0.839070
v -0.015474 0.043753 -0.870627
v 0.564478 0.014114 -0.578566
v 0.464648 0.005821 -0.660167
v 0.344378 0.000000 -0.742030
v 0.206283 0.000000 -0.821548
v 0.052848 0.000000 -0.872554
v -0.095556 0.000220 -0.862022
v -0.743277 0.216008 -0.494903
v -0.679481 0.174533 -0.532318
v -0.818890 0.177575 -0.459439
v -0.629061 0.133480 -0.581107
v -0.743209 0.133480 -0.494860
v -0.885970 0.133480 -0.409653
v -0.613908 0.088435 -0.671749
v -0.708795 0.088184 -0.560095
v -0.824448 0.086816 -0.458144
v -0.924334 0.086529 -0.341356
v -0.578326 0.038418 -0.755068
v -0.694661 0.035550 -0.653114
v -0.781552 0.037030 -0.520393
v -0.869693 0.038045 -0.393360
v -0.916062 0.042985 -0.257737
v -0.482611 0.000000 -0.759971
v -0.621669 0.000000 -0.699143
v -0.723934 0.000000 -0.577575
v -0.778801 0.000000 -0.428158
v -0.842524 0.000000 -0.299133
v -0.881471 0.006367 -0.174644
v -0.659177 0.206670 0.438906
v -0.736173 0.173121 0.413031
v -0.634036 0.171787 0.496715
v -0.846934 0.133480 0.391603
v -0.755089 0.133480 0.502771
v -0.632751 0.133480 0.584515
v -0.919942 0.086752 0.339734
v -0.872457 0.084099 0.484822
v -0.756547 0.085133 0.597829
v -0.610331 0.088697 0.667834
v -0.916803 0.042911 0.257946
v -0.928346 0.031609 0.419889
v -0.853696 0.028127 0.568430
v -0.715402 0.032626 0.672615
v -0.562613 0.041001 0.734552
v -0.863701 0.008930 0.171123
v -0.871414 0.000000 0.309390
v -0.834117 0.000000 0.458569
v -0.740281 0.000000 0.590616
v -0.612493 0.000000 0.688824
v -0.481320 0.000000 0.757938
v 0.263017 0.209937 0.741864
v 0.217692 0.176384 0.832608
v 0.352213 0.175704 0.778322
v 0.155884 0.133480 0.925783
v 0.309169 0.133480 0.872032
v 0.442594 0.133480 0.788313
v 0.072568 0.083822 0.963674
v 0.242254 0.082252 0.944284
v 0.396714 0.083870 0.866200
v 0.524195 0.086944 0.767247
v -0.016657 0.036895 0.937173
v 0.150036 0.030810 0.946259
v 0.320876 0.029810 0.905045
v 0.475680 0.032892 0.829203
v 0.601871 0.038888 0.733754
v -0.098296 0.000000 0.886741
v 0.053338 0.000000 0.880648
v 0.214507 0.000000 0.854302
v 0.379387 0.000000 0.817464
v 0.528129 0.000000 0.750360
v 0.641630 0.000000 0.657644
v 1.007250 0.223958 0.000000
v 1.014126 0.180199 0.073553
v 1.024706 0.180686 -0.074320
v 0.962557 0.133480 0.143311
v 1.024821 0.133480 0.000000
v 1.018940 0.133480 -0.151705
v 0.922602 0.088673 0.211629
v 1.007412 0.084554 0.077028
v 1.043197 0.082816 -0.079764
v 1.009332 0.084461 -0.231523
v 0.900784 0.043547 0.283176
v 0.954543 0.038179 0.150038
v 1.012421 0.032401 0.000000
v 1.015099 0.032134 -0.159556
v 0.950270 0.038606 -0.298732
v 0.850679 0.002432 0.343862
v 0.874584 0.000000 0.212115
v 0.918999 0.000000 0.074296
v 0.948069 0.000000 -0.076646
v 0.912615 0.000000 -0.221339
v 0.836192 0.004664 -0.338006
v 0.545501 0.000000 -0.492519
v 0.490602 0.000000 -0.468135
v 0.450850 0.000000 -0.583658
v 0.393856 0.000000 -0.407210
v 0.369128 0.000000 -0.549580
v 0.321098 0.000000 -0.663255
v 0.284864 0.000000 -0.334572
v 0.253204 0.000000 -0.470181
v 0.215684 0.000000 -0.608343
v 0.170674 0.000000 -0.731191
v 0.173650 0.000000 -0.258541
v 0.133950 0.000000 -0.377812
v 0.093069 0.000000 -0.497293
v 0.053408 0.000000 -0.638094
v 0.010287 0.000000 -0.766151
v 0.064021 0.000000 -0.180573
v 0.024179 0.000000 -0.288881
v -0.014361 0.000000 -0.383717
v -0.052476 0.000000 -0.494622
v -0.096169 0.000000 -0.639788
v -0.134969 0.000000 -0.744981
v -0.357307 0.000000 -0.654705
v -0.314094 0.000000 -0.537835
v -0.474238 0.000000 -0.582987
v -0.256540 0.000000 -0.399991
v -0.412509 0.000000 -0.444421
v -0.572954 0.000000 -0.471558
v -0.220740 0.000000 -0.299523
v -0.357057 0.000000 -0.318968
v -0.514503 0.000000 -0.342578
v -0.638979 0.000000 -0.339108
v -0.192650 0.000000 -0.207553
v -0.317844 0.000000 -0.211634
v -0.464360 0.000000 -0.223732
v -0.603950 0.000000 -0.227977
v -0.700548 0.000000 -0.217370
v -0.159639 0.000000 -0.106294
v -0.280500 0.000000 -0.105882
v -0.408443 0.000000 -0.107584
v -0.550063 0.000000 -0.111263
v -0.666504 0.000000 -0.109422
v -0.760742 0.000000 -0.105097
v -0.736124 0.000000 0.101696
v -0.633943 0.000000 0.104077
v -0.676171 0.000000 0.209806
v -0.525797 0.000000 0.106355
v -0.570982 0.000000 0.215533
v -0.621502 0.000000 0.329833
v -0.407173 0.000000 0.107250
v -0.466026 0.000000 0.224536
v -0.511854 0.000000 0.340816
v -0.558803 0.000000 0.459912
v -0.291223 0.000000 0.109931
v -0.347399 0.000000 0.231315
v -0.393205 0.000000 0.351261
v -0.427337 0.000000 0.460397
v -0.469782 0.000000 0.577510
v -0.166486 0.000000 0.110854
v -0.214976 0.000000 0.231608
v -0.257359 0.000000 0.349212
v -0.288842 0.000000 0.450358
v -0.326874 0.000000 0.559721
v -0.369961 0.000000 0.677891
v 0.672181 0.000000 -0.319688
v 0.733519 0.000000 -0.209316
v 0.625405 0.000000 -0.277612
v 0.754590 0.000000 -0.071776
v 0.651689 0.000000 -0.144640
v 0.540776 0.000000 -0.216041
v 0.730940 0.000000 0.069527
v 0.643663 0.000000 0.000000
v 0.552760 0.000000 -0.073609
v 0.437121 0.000000 -0.145526
v 0.695442 0.000000 0.198451
v 0.616558 0.000000 0.136843
v 0.546382 0.000000 0.072761
v 0.447215 0.000000 0.000001
v 0.324527 0.000000 -0.072027
v 0.671536 0.000000 0.319382
v 0.581790 0.000000 0.258253
v 0.509295 0.000000 0.203465
v 0.431578 0.000000 0.143681
v 0.323362 0.000000 0.071770
v 0.209527 0.000000 0.000001
v -0.135917 0.000000 0.750212
v -0.092587 0.000000 0.615962
v 0.009541 0.000000 0.710543
v -0.051880 0.000000 0.489020
v 0.049030 0.000000 0.585765
v 0.158871 0.000000 0.680622
v -0.014874 0.000000 0.397474
v 0.088827 0.000000 0.474614
v 0.202126 0.000000 0.570097
v 0.318214 0.000000 0.657295
v 0.025123 0.000000 0.300143
v 0.131636 0.000000 0.371280
v 0.239375 0.000000 0.444498
v 0.349202 0.000000 0.519911
v 0.456632 0.000000 0.591141
v 0.065270 0.000000 0.184094
v 0.172577 0.000000 0.256942
v 0.274618 0.000000 0.322537
v 0.367379 0.000000 0.379835
v 0.462848 0.000000 0.441650
v 0.559214 0.000000 0.504900
vn -0.0000 -1.0000 -0.0000
vn 0.0512 -0.9979 0.0391
vn -0.0673 -0.9840 0.1650
vn -0.3925 -0.9170 0.0714
vn -0.0289 -0.9946 -0.0998
vn 0.1058 -0.9852 -0.1352
vn 0.1828 0.7040 0.6863
vn -0.7218 0.0484 0.6904
vn -0.2038 0.8829 -0.4231
vn 0.4167 0.7001 -0.5798
vn 0.2678 0.9595 -0.0877
vn -0.0171 0.9960 -0.0876
vn 0.0264 -0.9996 0.0109
vn -0.0242 -0.9986 0.0477
vn 0.0475 -0.9976 -0.0511
vn 0.0122 -0.9998 -0.0171
vn 0.0060 -1.0000 0.0049
vn 0.0266 -0.9995 0.0147
vn -0.0114 -0.9976 0.0680
vn -0.0346 -0.9994 -0.0089
vn -0.1669 -0.9860 -0.0046
vn -0.1662 -0.9859 0.0180
vn -0.0257 -0.9997 0.0028
vn -0.0004 -0.9987 -0.0516
vn -0.0351 -0.9977 -0.0577
vn -0.0008 -1.0000 -0.0022
vn 0.0435 -0.9984 -0.0350
vn 0.1026 -0.9906 -0.0903
vn 0.1038 -0.9869 -0.1236
vn 0.5105 0.8581 0.0550
vn 0.8411 0.3815 0.3834
vn 0.8188 -0.2048 0.5363
vn 0.8696 -0.0181 0.4934
vn 0.8562 0.4153 0.3073
vn 0.9488 -0.0662 0.3089
vn 0.4942 -0.8312 0.2545
vn 0.2582 -0.9147 -0.3111
vn 0.5833 -0.6055 -0.5415
vn 0.7668 0.1808 -0.6159
vn 0.7354 0.4234 -0.5291
vn 0.8027 0.3949 -0.4470
vn 0.6490 0.7183 -0.2505
vn 0.3925 0.9102 -0.1326
vn 0.2407 0.8251 0.5111
vn 0.1620 0.8401 0.5177
vn -0.0069 0.8371 0.5471
vn -0.1949 0.6977 0.6893
vn -0.3405 0.3627 0.8674
vn -0.3300 -0.0065 0.9439
vn -0.2411 -0.6451 0.7251
vn 0.3690 -0.8625 0.3463
vn 0.6915 -0.0657 0.7194
vn 0.5701 0.4830 0.6646
vn 0.5244 0.3797 0.7621
vn 0.3378 0.4777 0.8110
vn 0.0866 0.7222 0.6862
vn 0.0297 0.8009 0.5980
vn -0.7000 -0.1695 0.6937
vn -0.6824 0.2868 0.6724
vn -0.6410 0.6561 0.3983
vn -0.8226 0.5550 0.1235
vn -0.9882 0.0755 -0.1334
vn -0.9437 -0.2920 -0.1552
vn -0.7953 -0.6042 0.0502
vn -0.3067 -0.6096 0.7310
vn -0.3926 0.2581 0.8828
vn -0.3385 0.6707 0.6599
vn -0.3038 0.8091 0.5030
vn -0.4230 0.6755 0.6040
vn -0.6180 0.0472 0.7848
vn -0.6540 -0.2854 0.7006
vn -0.3665 0.6837 -0.6310
vn -0.5267 0.2926 -0.7981
vn -0.5927 0.3621 -0.7195
vn -0.5147 0.6753 -0.5283
vn -0.4970 0.4912 -0.7154
vn -0.3644 -0.3665 -0.8561
vn -0.1058 -0.9059 -0.4101
vn -0.8009 -0.5840 0.1324
vn -0.9178 -0.3532 0.1814
vn -0.9310 -0.3519 0.0972
vn -0.9775 -0.1559 -0.1422
vn -0.8906 0.1002 -0.4436
vn -0.6619 0.3601 -0.6575
vn -0.3909 0.6832 -0.6168
vn 0.3018 0.6747 -0.6735
vn 0.1499 0.7316 -0.6651
vn 0.3751 0.4198 -0.8265
vn 0.6439 -0.2583 -0.7202
vn 0.6104 -0.6186 -0.4946
vn 0.4187 -0.7739 -0.4751
vn 0.2672 -0.8849 -0.3815
vn -0.1052 -0.8744 -0.4736
vn -0.0171 -0.2664 -0.9637
vn 0.1596 0.4021 -0.9016
vn 0.1192 0.1358 -0.9835
vn 0.0244 -0.4732 -0.8806
vn 0.2117 -0.3225 -0.9226
vn 0.4494 0.2828 -0.8474
vn 0.2681 0.9623 0.0452
vn 0.2865 0.9475 0.1419
vn 0.3723 0.9205 0.1186
vn 0.4154 0.9004 0.1297
vn 0.3104 0.8770 0.3668
vn 0.0523 0.7226 0.6893
vn -0.0396 0.5896 0.8068
vn 0.3457 0.6725 0.6544
vn 0.2236 0.6937 0.6846
vn -0.1491 0.6794 0.7184
vn -0.3641 0.7017 0.6124
vn -0.2952 0.6952 0.6554
vn -0.3370 0.5881 0.7352
vn -0.5608 0.3283 0.7601
vn -0.7427 0.2598 0.6171
vn -0.7779 0.5339 0.3314
vn -0.7511 0.6600 0.0166
vn -0.6293 0.7763 -0.0361
vn -0.5080 0.8605 0.0369
vn -0.3736 0.9217 -0.1044
vn -0.2603 0.9033 -0.3409
vn -0.1585 0.9218 -0.3538
vn -0.1838 0.9148 -0.3596
vn -0.3511 0.8012 -0.4846
vn -0.4467 0.7086 -0.5462
vn -0.3703 0.7783 -0.5070
vn -0.0689 0.8175 -0.5718
vn 0.3216 0.7312 -0.6017
vn 0.2788 0.8090 -0.5175
vn 0.2393 0.8878 -0.3931
vn 0.2840 0.9162 -0.2828
vn 0.3322 0.9235 -0.1917
vn 0.3462 0.9333 -0.0956
vn 0.2901 0.9533 -0.0834
vn 0.2397 0.9637 -0.1177
vn 0.0164 0.9997 0.0200
vn 0.0860 0.9912 0.1010
vn 0.1348 0.9810 0.1394
vn 0.1165 0.9798 0.1626
vn 0.1149 0.8924 0.4364
vn 0.1666 0.5243 0.8351
vn 0.2088 0.4092 0.8882
vn 0.2348 0.9687 -0.0802
vn 0.4236 0.9039 -0.0587
vn 0.5246 0.8510 -0.0248
vn 0.3098 0.9506 -0.0182
vn 0.1157 0.9927 -0.0351
vn 0.1053 0.9923 -0.0655
vn 0.0763 0.9929 -0.0912
vn -0.0984 0.9950 -0.0161
vn -0.1448 0.9893 0.0172
vn -0.1750 0.9815 0.0773
vn -0.1633 0.9771 0.1367
vn -0.1345 0.9764 0.1690
vn -0.2456 0.9183 0.3106
vn -0.5264 0.6377 0.5623
vn -0.0681 0.9875 -0.1424
vn -0.0767 0.9888 -0.1277
vn -0.1260 0.9868 -0.1019
vn -0.2591 0.9515 -0.1660
vn -0.2945 0.9141 -0.2786
vn -0.1613 0.9396 -0.3020
vn -0.1115 0.9455 -0.3060
vn 0.0209 0.9760 -0.2166
vn 0.0172 0.9681 -0.2501
vn 0.0075 0.9769 -0.2137
vn 0.0340 0.9861 -0.1627
vn 0.0861 0.9884 -0.1249
vn 0.1572 0.9708 -0.1810
vn 0.2833 0.8905 -0.3561
vn 0.0556 0.9819 -0.1811
vn 0.0623 0.9917 -0.1129
vn -0.0051 0.9794 -0.2019
vn 0.1598 0.9835 -0.0847
vn 0.0519 0.9858 -0.1598
vn -0.0223 0.9722 -0.2329
vn 0.4351 0.8972 -0.0755
vn 0.2513 0.9542 -0.1624
vn 0.0896 0.9651 -0.2459
vn 0.0238 0.9741 -0.2250
vn 0.5382 0.8404 -0.0645
vn 0.4920 0.8606 -0.1319
vn 0.3112 0.9184 -0.2443
vn 0.1464 0.9509 -0.2728
vn 0.1067 0.9716 -0.2114
vn 0.3455 0.9343 -0.0878
vn 0.4656 0.8813 -0.0811
vn 0.4328 0.8848 -0.1726
vn 0.3085 0.9133 -0.2659
vn 0.2093 0.9336 -0.2909
vn 0.2059 0.9273 -0.3127
vn 0.0072 0.9766 -0.2150
vn 0.0742 0.9818 -0.1749
vn -0.0010 0.9937 -0.1120
vn 0.1137 0.9872 -0.1116
vn 0.0620 0.9942 -0.0879
vn -0.1415 0.9850 -0.0985
vn 0.1136 0.9888 -0.0963
vn 0.0680 0.9867 -0.1479
vn -0.1906 0.9590 -0.2097
vn -0.3887 0.8886 -0.2436
vn 0.0987 0.9841 -0.1476
vn -0.0055 0.9724 -0.2334
vn -0.2423 0.8834 -0.4011
vn -0.4694 0.7931 -0.3881
vn -0.3845 0.8574 -0.3421
vn 0.1467 0.9457 -0.2901
vn -0.0910 0.9410 -0.3259
vn -0.3173 0.8162 -0.4828
vn -0.4732 0.6870 -0.5515
vn -0.3940 0.8264 -0.4023
vn -0.1745 0.9359 -0.3059
vn -0.1246 0.9911 -0.0467
vn -0.1318 0.9886 -0.0730
vn -0.1453 0.9893 0.0132
vn -0.2007 0.9720 -0.1227
vn -0.1817 0.9828 -0.0317
vn -0.1708 0.9834 0.0616
vn -0.2410 0.9519 -0.1891
vn -0.2371 0.9662 -0.1010
vn -0.2160 0.9764 -0.0041
vn -0.1699 0.9826 0.0744
vn -0.1728 0.9619 -0.2120
vn -0.2280 0.9658 -0.1237
vn -0.2570 0.9641 -0.0673
vn -0.2359 0.9718 0.0038
vn -0.2280 0.9664 0.1188
vn -0.1455 0.9646 -0.2198
vn -0.2329 0.9676 -0.0974
vn -0.3316 0.9419 -0.0544
vn -0.3883 0.9197 -0.0576
vn -0.4223 0.9019 0.0907
vn -0.5013 0.7916 0.3494
vn -0.0616 0.9973 0.0400
vn -0.1511 0.9846 0.0881
vn -0.0022 0.9919 0.1266
vn -0.2038 0.9605 0.1895
vn -0.1543 0.9621 0.2247
vn 0.0199 0.9783 0.2062
vn -0.1476 0.9564 0.2520
vn -0.2243 0.9221 0.3152
vn -0.1579 0.9291 0.3346
vn 0.0206 0.9322 0.3614
vn -0.1287 0.9351 0.3302
vn -0.1611 0.9236 0.3479
vn -0.2300 0.9081 0.3500
vn -0.0880 0.8955 0.4363
vn 0.1268 0.7578 0.6400
vn -0.2740 0.8026 0.5299
vn -0.1743 0.8594 0.4807
vn -0.2365 0.8768 0.4186
vn -0.2103 0.8731 0.4398
vn 0.0789 0.8182 0.5696
vn 0.2918 0.5909 0.7521
vn 0.1120 0.9926 0.0463
vn 0.1417 0.9800 0.1395
vn 0.1156 0.9912 0.0653
vn 0.1304 0.9835 0.1256
vn 0.1244 0.9819 0.1429
vn 0.1929 0.9776 0.0836
vn 0.1215 0.9790 0.1638
vn 0.1567 0.9804 0.1195
vn 0.2644 0.9535 0.1445
vn 0.4248 0.9019 0.0784
vn 0.1366 0.8163 0.5612
vn 0.2160 0.9551 0.2026
vn 0.3114 0.9433 0.1152
vn 0.4137 0.9035 0.1117
vn 0.4506 0.8922 0.0297
vn 0.0490 0.5066 0.8608
vn 0.1908 0.8518 0.4878
vn 0.3315 0.9286 0.1670
vn 0.3897 0.9165 0.0901
vn 0.3558 0.9306 0.0860
vn 0.2694 0.9629 0.0151
vn 0.3354 0.9296 -0.1530
vn 0.6149 0.6921 -0.3780
vn 0.3753 0.9126 -0.1621
vn 0.7627 0.2750 -0.5854
vn 0.7178 0.5000 -0.4844
vn 0.4461 0.8568 -0.2587
vn 0.6837 0.4327 -0.5876
vn 0.7904 0.0604 -0.6096
vn 0.7556 0.4177 -0.5046
vn 0.4174 0.8515 -0.3174
vn 0.6962 0.1241 -0.7071
vn 0.7619 0.2193 -0.6095
vn 0.8538 0.0051 -0.5205
vn 0.6500 0.5896 -0.4795
vn 0.2978 0.8675 -0.3984
vn 0.4618 -0.6559 -0.5971
vn 0.7083 -0.2231 -0.6697
vn 0.8276 -0.1732 -0.5339
vn 0.7580 0.2186 -0.6145
vn 0.3351 0.7569 -0.5611
vn 0.2085 0.8180 -0.5362
vn 0.1392 0.2167 -0.9663
vn -0.1068 -0.3803 -0.9187
vn -0.3549 0.3307 -0.8745
vn -0.0536 -0.1045 -0.9931
vn -0.3870 0.0989 -0.9168
vn -0.4735 0.6081 -0.6372
vn 0.0374 0.5626 -0.8259
vn -0.2187 0.5955 -0.7731
vn -0.3648 0.6469 -0.6697
vn -0.3325 0.7813 -0.5282
vn -0.0919 0.1745 -0.9804
vn -0.1827 0.6980 -0.6924
vn -0.2651 0.7666 -0.5848
vn -0.2893 0.7351 -0.6132
vn -0.2210 0.8296 -0.5127
vn -0.1965 -0.5465 -0.8141
vn -0.3384 0.2074 -0.9179
vn -0.3564 0.7219 -0.5931
vn -0.3940 0.6865 -0.6111
vn -0.4036 0.5688 -0.7167
vn -0.2933 0.7677 -0.5697
vn -0.5533 0.7809 -0.2898
vn -0.8179 0.5637 -0.1151
vn -0.6489 0.7592 0.0495
vn -0.9682 0.2383 0.0769
vn -0.7796 0.6036 0.1672
vn -0.7450 0.6593 0.1018
vn -0.9530 -0.2074 0.2207
vn -0.9433 0.2464 0.2226
vn -0.8216 0.5646 0.0787
vn -0.8583 0.5129 -0.0193
vn -0.9155 -0.3218 0.2416
vn -0.9425 -0.3047 0.1370
vn -0.9746 0.2122 0.0717
vn -0.8945 0.4291 0.1250
vn -0.9158 0.3259 0.2348
vn -0.9736 -0.1809 0.1395
vn -0.9626 -0.2701 -0.0221
vn -0.9995 -0.0294 0.0079
vn -0.8945 0.3947 0.2100
vn -0.8479 0.3188 0.4236
vn -0.8138 0.0911 0.5740
vn -0.5279 -0.0668 0.8467
vn -0.5248 0.0822 0.8472
vn -0.4316 0.1758 0.8848
vn -0.3982 0.6719 0.6245
vn -0.4506 0.2430 0.8590
vn -0.4360 0.2883 0.8525
vn -0.3191 0.7507 0.5785
vn -0.3230 0.6888 0.6490
vn -0.4321 0.2239 0.8736
vn -0.4116 0.2644 0.8722
vn -0.3276 0.5720 0.7520
vn -0.2675 0.7273 0.6320
vn -0.3350 0.6248 0.7052
vn -0.3337 0.2907 0.8967
vn -0.0433 0.4388 0.8976
vn -0.3517 0.2267 0.9083
vn -0.3256 0.5228 0.7879
vn -0.3039 0.7155 0.6291
vn -0.2322 0.7231 0.6505
vn -0.0056 0.6629 0.7487
vn 0.2451 0.7164 0.6532
vn -0.0214 0.6613 0.7498
vn 0.2581 0.3288 0.9085
vn 0.2870 0.6159 0.7336
vn 0.5280 -0.0613 0.8470
vn 0.6240 0.1646 0.7639
vn 0.5842 0.7049 0.4021
vn 0.6503 0.1828 0.7373
vn 0.7545 -0.1458 0.6399
vn 0.8367 0.3133 0.4493
vn 0.5645 0.7986 0.2087
vn 0.6385 0.4773 0.6037
vn 0.8017 0.2278 0.5526
vn 0.8969 -0.0262 0.4414
vn 0.8025 0.4375 0.4057
vn 0.4680 0.8384 0.2794
vn 0.7920 -0.0914 0.6037
vn 0.7711 0.5000 0.3943
vn 0.9084 0.1650 0.3842
vn 0.8626 -0.1304 0.4888
vn 0.7678 0.3753 0.5193
vn 0.4690 0.8431 0.2631
vn 0.2901 0.3900 -0.8739
vn 0.0956 0.4491 -0.8883
vn 0.1008 -0.1078 -0.9891
vn 0.2265 -0.1339 -0.9648
vn 0.0145 -0.1384 -0.9903
vn 0.0284 -0.1548 -0.9875
vn 0.3662 -0.6993 -0.6139
vn 0.1172 -0.5595 -0.8205
vn 0.0804 -0.0530 -0.9954
vn 0.1377 0.3711 -0.9183
vn 0.3857 -0.8180 -0.4267
vn 0.2948 -0.7480 -0.5946
vn 0.2657 -0.3057 -0.9143
vn 0.2252 0.2923 -0.9294
vn 0.1091 0.1908 -0.9755
vn 0.3017 -0.8948 -0.3290
vn 0.2631 -0.9108 -0.3183
vn 0.1982 -0.8798 -0.4320
vn 0.2489 -0.6633 -0.7058
vn 0.1431 -0.5670 -0.8112
vn -0.0201 -0.8094 -0.5869
vn -0.4822 0.2706 -0.8332
vn -0.5648 0.0546 -0.8234
vn -0.5297 0.0055 -0.8482
vn -0.5978 0.4772 -0.6442
vn -0.5453 0.2148 -0.8103
vn -0.7174 -0.0761 -0.6925
vn -0.5469 0.6616 -0.5130
vn -0.5818 0.5892 -0.5607
vn -0.6885 0.1103 -0.7168
vn -0.8788 -0.2997 -0.3714
vn -0.5603 -0.0744 -0.8250
vn -0.7588 0.0619 -0.6484
vn -0.8017 -0.2018 -0.5627
vn -0.6962 -0.5704 -0.4358
vn -0.7962 -0.5996 -0.0813
vn -0.1400 -0.9089 -0.3928
vn -0.3633 -0.8173 -0.4473
vn -0.4574 -0.8419 -0.2863
vn -0.2558 -0.9560 -0.1435
vn -0.2980 -0.9505 -0.0881
vn -0.5208 -0.8532 0.0271
vn -0.6700 0.1612 0.7246
vn -0.4312 0.7682 0.4733
vn -0.4070 0.7570 0.5112
vn -0.5172 0.8085 0.2807
vn -0.3392 0.8632 0.3739
vn -0.2713 0.8516 0.4485
vn -0.8922 0.4456 0.0732
vn -0.6559 0.6421 0.3970
vn -0.4129 0.7188 0.5593
vn -0.3036 0.7333 0.6083
vn -0.9244 -0.3512 -0.1488
vn -0.9178 -0.3208 0.2342
vn -0.7288 -0.2648 0.6314
vn -0.5117 -0.1206 0.8507
vn -0.4176 0.1497 0.8962
vn -0.5265 -0.8410 -0.1250
vn -0.3308 -0.9429 -0.0381
vn -0.1949 -0.9771 0.0857
vn -0.1684 -0.9626 0.2123
vn -0.1952 -0.8757 0.4417
vn -0.2422 -0.7605 0.6024
vn 0.1472 0.8692 0.4719
vn 0.1561 0.8702 0.4673
vn 0.2109 0.8160 0.5382
vn 0.0916 0.7175 0.6905
vn 0.2943 0.7278 0.6194
vn 0.4069 0.6456 0.6463
vn -0.0786 0.1664 0.9829
vn 0.2727 0.1857 0.9440
vn 0.4638 0.3568 0.8109
vn 0.5361 0.4758 0.6972
vn -0.1833 -0.4462 0.8759
vn 0.0778 -0.6316 0.7714
vn 0.3144 -0.5553 0.7700
vn 0.5099 -0.3161 0.8001
vn 0.6370 -0.1209 0.7613
vn -0.1354 -0.8577 0.4960
vn -0.0065 -0.9668 0.2556
vn 0.0397 -0.9811 0.1892
vn 0.1091 -0.9640 0.2425
vn 0.2509 -0.9084 0.3344
vn 0.3291 -0.8843 0.3314
vn 0.7887 0.6147 -0.0107
vn 0.9589 0.0089 0.2836
vn 0.9464 0.3005 -0.1183
vn 0.8599 -0.0901 0.5024
vn 0.9852 0.0598 0.1608
vn 0.9195 0.2900 -0.2655
vn 0.8668 0.1485 0.4761
vn 0.9214 -0.0719 0.3819
vn 0.9980 -0.0635 -0.0075
vn 0.8984 0.0542 -0.4358
vn 0.9169 -0.2462 0.3141
vn 0.7654 -0.5247 0.3726
vn 0.7430 -0.6494 0.1620
vn 0.7424 -0.6470 -0.1737
vn 0.6451 -0.6197 -0.4470
vn 0.4254 -0.8979 0.1134
vn 0.3094 -0.9442 0.1132
vn 0.2488 -0.9642 0.0914
vn 0.2307 -0.9730 0.0003
vn 0.2176 -0.9681 -0.1244
vn 0.2126 -0.9535 -0.2136
s 1
usemtl moss_base
f 1//1 20//1 19//1
f 2//2 26//1 40//18
f 1//1 19//1 54//1
f 1//1 54//1 68//1
f 1//1 68//1 41//1
f 2//2 40//18 89//36
f 3//3 33//14 103//50
f 4//4 61//21 117//64
f 5//5 75//24 131//78
f 6//6 82//29 145//92
f 2//2 89//36 104//51
f 3//3 103//50 118//65
f 4//4 117//64 132//79
f 5//5 131//78 146//93
f 6//6 145//92 90//37
f 7//7 159//106 194//141
f 8//8 166//113 208//155
f 9//9 173//120 215//162
f 10//10 180//127 222//169
f 11//11 187//134 195//142
f 201//148 216//163 12//12
f 200//147 223//170 201//148
f 199//146 224//171 200//147
f 198//145 226//173 199//146
f 197//144 229//176 198//145
f 196//143 233//180 197//144
f 195//142 238//185 196//143
f 201//148 223//170 216//163
f 223//170 217//164 216//163
f 200//147 224//171 223//170
f 224//171 225//172 223//170
f 223//170 225//172 217//164
f 225//172 218//165 217//164
f 199//146 226//173 224//171
f 226//173 227//174 224//171
f 224//171 227//174 225//172
f 227//174 228//175 225//172
f 225//172 228//175 218//165
f 228//175 219//166 218//165
f 198//145 229//176 226//173
f 229//176 230//177 226//173
f 226//173 230//177 227//174
f 230//177 231//178 227//174
f 227//174 231//178 228//175
f 231//178 232//179 228//175
f 228//175 232//179 219//166
f 232//179 220//167 219//166
f 197//144 233//180 229//176
f 233//180 234//181 229//176
f 229//176 234//181 230//177
f 234//181 235//182 230//177
f 230//177 235//182 231//178
f 235//182 236//183 231//178
f 231//178 236//183 232//179
f 236//183 237//184 232//179
f 232//179 237//184 220//167
f 237//184 221//168 220//167
f 196//143 238//185 233//180
f 238//185 239//186 233//180
f 233//180 239//186 234//181
f 239//186 240//187 234//181
f 234//181 240//187 235//182
f 240//187 241//188 235//182
f 235//182 241//188 236//183
f 241//188 242//189 236//183
f 236//183 242//189 237//184
f 242//189 243//190 237//184
f 237//184 243//190 221//168
f 243//190 222//169 221//168
f 195//142 187//134 238//185
f 187//134 186//133 238//185
f 238//185 186//133 239//186
f 186//133 185//132 239//186
f 239//186 185//132 240//187
f 185//132 184//131 240//187
f 240//187 184//131 241//188
f 184//131 183//130 241//188
f 241//188 183//130 242//189
f 183//130 182//129 242//189
f 242//189 182//129 243//190
f 182//129 181//128 243//190
f 243//190 181//128 222//169
f 181//128 10//10 222//169
f 216//163 209//156 12//12
f 217//164 244//191 216//163
f 218//165 245//192 217//164
f 219//166 247//194 218//165
f 220//167 250//197 219//166
f 221//168 254//201 220//167
f 222//169 259//206 221//168
f 216//163 244//191 209//156
f 244//191 210//157 209//156
f 217//164 245//192 244//191
f 245//192 246//193 244//191
f 244//191 246//193 210//157
f 246//193 211//158 210//157
f 218//165 247//194 245//192
f 247//194 248//195 245//192
f 245//192 248//195 246//193
f 248//195 249//196 246//193
f 246//193 249//196 211//158
f 249//196 212//159 211//158
f 219//166 250//197 247//194
f 250//197 251//198 247//194
f 247//194 251//198 248//195
f 251//198 252//199 248//195
f 248//195 252//199 249//196
f 252//199 253//200 249//196
f 249//196 253//200 212//159
f 253//200 213//160 212//159
f 220//167 254//201 250//197
f 254//201 255//202 250//197
f 250//197 255//202 251//198
f 255//202 256//203 251//198
f 251//198 256//203 252//199
f 256//203 257//204 252//199
f 252//199 257//204 253//200
f 257//204 258//205 253//200
f 253//200 258//205 213//160
f 258//205 214//161 213//160
f 221//168 259//206 254//201
f 259//206 260//207 254//201
f 254//201 260//207 255//202
f 260//207 261//208 255//202
f 255//202 261//208 256//203
f 261//208 262//209 256//203
f 256//203 262//209 257//204
f 262//209 263//210 257//204
f 257//204 263//210 258//205
f 263//210 264//211 258//205
f 258//205 264//211 214//161
f 264//211 215//162 214//161
f 222//169 180//127 259//206
f 180//127 179//126 259//206
f 259//206 179//126 260//207
f 179//126 178//125 260//207
f 260//207 178//125 261//208
f 178//125 177//124 261//208
f 261//208 177//124 262//209
f 177//124 176//123 262//209
f 262//209 176//123 263//210
f 176//123 175//122 263//210
f 263//210 175//122 264//211
f 175//122 174//121 264//211
f 264//211 174//121 215//162
f 174//121 9//9 215//162
f 209//156 202//149 12//12
f 210//157 265//212 209//156
f 211//158 266//213 210//157
f 212//159 268//215 211//158
f 213//160 271//218 212//159
f 214//161 275//222 213//160
f 215//162 280//227 214//161
f 209//156 265//212 202//149
f 265//212 203//150 202//149
f 210//157 266//213 265//212
f 266//213 267//214 265//212
f 265//212 267//214 203//150
f 267//214 204//151 203//150
f 211//158 268//215 266//213
f 268//215 269//216 266//213
f 266//213 269//216 267//214
f 269//216 270//217 267//214
f 267//214 270//217 204//151
f 270//217 205//152 204//151
f 212//159 271//218 268//215
f 271//218 272//219 268//215
f 268//215 272//219 269//216
f 272//219 273//220 269//216
f 269//216 273//220 270//217
f 273//220 274//221 270//217
f 270//217 274//221 205//152
f 274//221 206//153 205//152
f 213//160 275//222 271//218
f 275//222 276//223 271//218
f 271//218 276//223 272//219
f 276//223 277//224 272//219
f 272//219 277//224 273//220
f 277//224 278//225 273//220
f 273//220 278//225 274//221
f 278//225 279//226 274//221
f 274//221 279//226 206//153
f 279//226 207//154 206//153
f 214//161 280//227 275//222
f 280//227 281//228 275//222
f 275//222 281//228 276//223
f 281//228 282//229 276//223
f 276//223 282//229 277//224
f 282//229 283//230 277//224
f 277//224 283//230 278//225
f 283//230 284//231 278//225
f 278//225 284//231 279//226
f 284//231 285//232 279//226
f 279//226 285//232 207//154
f 285//232 208//155 207//154
f 215//162 173//120 280//227
f 173//120 172//119 280//227
f 280//227 172//119 281//228
f 172//119 171//118 281//228
f 281//228 171//118 282//229
f 171//118 170//117 282//229
f 282//229 170//117 283//230
f 170//117 169//116 283//230
f 283//230 169//116 284//231
f 169//116 168//115 284//231
f 284//231 168//115 285//232
f 168//115 167//114 285//232
f 285//232 167//114 208//155
f 167//114 8//8 208//155
f 202//149 188//135 12//12
f 203//150 286//233 202//149
f 204//151 287//234 203//150
f 205//152 289//236 204//151
f 206//153 292//239 205//152
f 207//154 296//243 206//153
f 208//155 301//248 207//154
f 202//149 286//233 188//135
f 286//233 189//136 188//135
f 203//150 287//234 286//233
f 287//234 288//235 286//233
f 286//233 288//235 189//136
f 288//235 190//137 189//136
f 204//151 289//236 287//234
f 289//236 290//237 287//234
f 287//234 290//237 288//235
f 290//237 291//238 288//235
f 288//235 291//238 190//137
f 291//238 191//138 190//137
f 205//152 292//239 289//236
f 292//239 293//240 289//236
f 289//236 293//240 290//237
f 293//240 294//241 290//237
f 290//237 294//241 291//238
f 294//241 295//242 291//238
f 291//238 295//242 191//138
f 295//242 192//139 191//138
f 206//153 296//243 292//239
f 296//243 297//244 292//239
f 292//239 297//244 293//240
f 297//244 298//245 293//240
f 293//240 298//245 294//241
f 298//245 299//246 294//241
f 294//241 299//246 295//242
f 299//246 300//247 295//242
f 295//242 300//247 192//139
f 300//247 193//140 192//139
f 207//154 301//248 296//243
f 301//248 302//249 296//243
f 296//243 302//249 297//244
f 302//249 303//250 297//244
f 297//244 303//250 298//245
f 303//250 304//251 298//245
f 298//245 304//251 299//246
f 304//251 305//252 299//246
f 299//246 305//252 300//247
f 305//252 306//253 300//247
f 300//247 306//253 193//140
f 306//253 194//141 193//140
f 208//155 166//113 301//248
f 166//113 165//112 301//248
f 301//248 165//112 302//249
f 165//112 164//111 302//249
f 302//249 164//111 303//250
f 164//111 163//110 303//250
f 303//250 163//110 304//251
f 163//110 162//109 304//251
f 304//251 162//109 305//252
f 162//109 161//108 305//252
f 305//252 161//108 306//253
f 161//108 160//107 306//253
f 306//253 160//107 194//141
f 160//107 7//7 194//141
f 188//135 201//148 12//12
f 189//136 307//254 188//135
f 190//137 308//255 189//136
f 191//138 310//257 190//137
f 192//139 313//260 191//138
f 193//140 317//264 192//139
f 194//141 322//269 193//140
f 188//135 307//254 201//148
f 307//254 200//147 201//148
f 189//136 308//255 307//254
f 308//255 309//256 307//254
f 307//254 309//256 200//147
f 309//256 199//146 200//147
f 190//137 310//257 308//255
f 310//257 311//258 308//255
f 308//255 311//258 309//256
f 311//258 312//259 309//256
f 309//256 312//259 199//146
f 312//259 198//145 199//146
f 191//138 313//260 310//257
f 313//260 314//261 310//257
f 310//257 314//261 311//258
f 314//261 315//262 311//258
f 311//258 315//262 312//259
f 315//262 316//263 312//259
f 312//259 316//263 198//145
f 316//263 197//144 198//145
f 192//139 317//264 313//260
f 317//264 318//265 313//260
f 313//260 318//265 314//261
f 318//265 319//266 314//261
f 314//261 319//266 315//262
f 319//266 320//267 315//262
f 315//262 320//267 316//263
f 320//267 321//268 316//263
f 316//263 321//268 197//144
f 321//268 196//143 197//144
f 193//140 322//269 317//264
f 322//269 323//270 317//264
f 317//264 323//270 318//265
f 323//270 324//271 318//265
f 318//265 324//271 319//266
f 324//271 325//272 319//266
f 319//266 325//272 320//267
f 325//272 326//273 320//267
f 320//267 326//273 321//268
f 326//273 327//274 321//268
f 321//268 327//274 196//143
f 327//274 195//142 196//143
f 194//141 159//106 322//269
f 159//106 158//105 322//269
f 322//269 158//105 323//270
f 158//105 157//104 323//270
f 323//270 157//104 324//271
f 157//104 156//103 324//271
f 324//271 156//103 325//272
f 156//103 155//102 325//272
f 325//272 155//102 326//273
f 155//102 154//101 326//273
f 326//273 154//101 327//274
f 154//101 153//100 327//274
f 327//274 153//100 195//142
f 153//100 11//11 195//142
f 96//43 187//134 11//11
f 95//42 328//275 96//43
f 94//41 329//276 95//42
f 93//40 331//278 94//41
f 92//39 334//281 93//40
f 91//38 338//285 92//39
f 90//37 343//290 91//38
f 96//43 328//275 187//134
f 328//275 186//133 187//134
f 95//42 329//276 328//275
f 329//276 330//277 328//275
f 328//275 330//277 186//133
f 330//277 185//132 186//133
f 94//41 331//278 329//276
f 331//278 332//279 329//276
f 329//276 332//279 330//277
f 332//279 333//280 330//277
f 330//277 333//280 185//132
f 333//280 184//131 185//132
f 93//40 334//281 331//278
f 334//281 335//282 331//278
f 331//278 335//282 332//279
f 335//282 336//283 332//279
f 332//279 336//283 333//280
f 336//283 337//284 333//280
f 333//280 337//284 184//131
f 337//284 183//130 184//131
f 92//39 338//285 334//281
f 338//285 339//286 334//281
f 334//281 339//286 335//282
f 339//286 340//287 335//282
f 335//282 340//287 336//283
f 340//287 341//288 336//283
f 336//283 341//288 337//284
f 341//288 342//289 337//284
f 337//284 342//289 183//130
f 342//289 182//129 183//130
f 91//38 343//290 338//285
f 343//290 344//291 338//285
f 338//285 344//291 339//286
f 344//291 345//292 339//286
f 339//286 345//292 340//287
f 345//292 346//293 340//287
f 340//287 346//293 341//288
f 346//293 347//294 341//288
f 341//288 347//294 342//289
f 347//294 348//295 342//289
f 342//289 348//295 182//129
f 348//295 181//128 182//129
f 90//37 145//92 343//290
f 145//92 144//91 343//290
f 343//290 144//91 344//291
f 144//91 143//90 344//291
f 344//291 143//90 345//292
f 143//90 142//89 345//292
f 345//292 142//89 346//293
f 142//89 141//88 346//293
f 346//293 141//88 347//294
f 141//88 140//87 347//294
f 347//294 140//87 348//295
f 140//87 139//86 348//295
f 348//295 139//86 181//128
f 139//86 10//10 181//128
f 152//99 180//127 10//10
f 151//98 349//296 152//99
f 150//97 350//297 151//98
f 149//96 352//299 150//97
f 148//95 355//302 149//96
f 147//94 359//306 148//95
f 146//93 364//311 147//94
f 152//99 349//296 180//127
f 349//296 179//126 180//127
f 151//98 350//297 349//296
f 350//297 351//298 349//296
f 349//296 351//298 179//126
f 351//298 178//125 179//126
f 150//97 352//299 350//297
f 352//299 353//300 350//297
f 350//297 353//300 351//298
f 353//300 354//301 351//298
f 351//298 354//301 178//125
f 354//301 177//124 178//125
f 149//96 355//302 352//299
f 355//302 356//303 352//299
f 352//299 356//303 353//300
f 356//303 357//304 353//300
f 353//300 357//304 354//301
f 357//304 358//305 354//301
f 354//301 358//305 177//124
f 358//305 176//123 177//124
f 148//95 359//306 355//302
f 359//306 360//307 355//302
f 355//302 360//307 356//303
f 360//307 361//308 356//303
f 356//303 361//308 357//304
f 361//308 362//309 357//304
f 357//304 362//309 358//305
f 362//309 363//310 358//305
f 358//305 363//310 176//123
f 363//310 175//122 176//123
f 147//94 364//311 359//306
f 364//311 365//312 359//306
f 359//306 365//312 360//307
f 365//312 366//313 360//307
f 360//307 366//313 361//308
f 366//313 367//314 361//308
f 361//308 367//314 362//309
f 367//314 368//315 362//309
f 362//309 368//315 363//310
f 368//315 369//316 363//310
f 363//310 369//316 175//122
f 369//316 174//121 175//122
f 146//93 131//78 364//311
f 131//78 130//77 364//311
f 364//311 130//77 365//312
f 130//77 129//76 365//312
f 365//312 129//76 366//313
f 129//76 128//75 366//313
f 366//313 128//75 367//314
f 128//75 127//74 367//314
f 367//314 127//74 368//315
f 127//74 126//73 368//315
f 368//315 126//73 369//316
f 126//73 125//72 369//316
f 369//316 125//72 174//121
f 125//72 9//9 174//121
f 138//85 173//120 9//9
f 137//84 370//317 138//85
f 136//83 371//318 137//84
f 135//82 373//320 136//83
f 134//81 376//323 135//82
f 133//80 380//327 134//81
f 132//79 385//332 133//80
f 138//85 370//317 173//120
f 370//317 172//119 173//120
f 137//84 371//318 370//317
f 371//318 372//319 370//317
f 370//317 372//319 172//119
f 372//319 171//118 172//119
f 136//83 373//320 371//318
f 373//320 374//321 371//318
f 371//318 374//321 372//319
f 374//321 375//322 372//319
f 372//319 375//322 171//118
f 375//322 170//117 171//118
f 135//82 376//323 373//320
f 376//323 377//324 373//320
f 373//320 377//324 374//321
f 377//324 378//325 374//321
f 374//321 378//325 375//322
f 378//325 379//326 375//322
f 375//322 379//326 170//117
f 379//326 169//116 170//117
f 134//81 380//327 376//323
f 380//327 381//328 376//323
f 376//323 381//328 377//324
f 381//328 382//329 377//324
f 377//324 382//329 378//325
f 382//329 383//330 378//325
f 378//325 383//330 379//326
f 383//330 384//331 379//326
f 379//326 384//331 169//116
f 384//331 168//115 169//116
f 133//80 385//332 380//327
f 385//332 386//333 380//327
f 380//327 386//333 381//328
f 386//333 387//334 381//328
f 381//328 387//334 382//329
f 387//334 388//335 382//329
f 382//329 388//335 383//330
f 388//335 389//336 383//330
f 383//330 389//336 384//331
f 389//336 390//337 384//331
f 384//331 390//337 168//115
f 390//337 167//114 168//115
f 132//79 117//64 385//332
f 117//64 116//63 385//332
f 385//332 116//63 386//333
f 116//63 115//62 386//333
f 386//333 115//62 387//334
f 115//62 114//61 387//334
f 387//334 114//61 388//335
f 114//61 113//60 388//335
f 388//335 113//60 389//336
f 113//60 112//59 389//336
f 389//336 112//59 390//337
f 112//59 111//58 390//337
f 390//337 111//58 167//114
f 111//58 8//8 167//114
f 124//71 166//113 8//8
f 123//70 391//338 124//71
f 122//69 392//339 123//70
f 121//68 394//341 122//69
f 120//67 397//344 121//68
f 119//66 401//348 120//67
f 118//65 406//353 119//66
f 124//71 391//338 166//113
f 391//338 165//112 166//113
f 123//70 392//339 391//338
f 392//339 393//340 391//338
f 391//338 393//340 165//112
f 393//340 164//111 165//112
f 122//69 394//341 392//339
f 394//341 395//342 392//339
f 392//339 395//342 393//340
f 395//342 396//343 393//340
f 393//340 396//343 164//111
f 396//343 163//110 164//111
f 121//68 397//344 394//341
f 397//344 398//345 394//341
f 394//341 398//345 395//342
f 398//345 399//346 395//342
f 395//342 399//346 396//343
f 399//346 400//347 396//343
f 396//343 400//347 163//110
f 400//347 162//109 163//110
f 120//67 401//348 397//344
f 401//348 402//349 397//344
f 397//344 402//349 398//345
f 402//349 403//350 398//345
f 398//345 403//350 399//346
f 403//350 404//351 399//346
f 399//346 404//351 400//347
f 404//351 405//352 400//347
f 400//347 405//352 162//109
f 405//352 161//108 162//109
f 119//66 406//353 401//348
f 406//353 407//354 401//348
f 401//348 407//354 402//349
f 407//354 408//355 402//349
f 402//349 408//355 403//350
f 408//355 409//356 403//350
f 403//350 409//356 404//351
f 409//356 410//357 404//351
f 404//351 410//357 405//352
f 410//357 411//358 405//352
f 405//352 411//358 161//108
f 411//358 160//107 161//108
f 118//65 103//50 406//353
f 103//50 102//49 406//353
f 406//353 102//49 407//354
f 102//49 101//48 407//354
f 407//354 101//48 408//355
f 101//48 100//47 408//355
f 408//355 100//47 409//356
f 100//47 99//46 409//356
f 409//356 99//46 410//357
f 99//46 98//45 410//357
f 410//357 98//45 411//358
f 98//45 97//44 411//358
f 411//358 97//44 160//107
f 97//44 7//7 160//107
f 110//57 159//106 7//7
f 109//56 412//359 110//57
f 108//55 413//360 109//56
f 107//54 415//362 108//55
f 106//53 418//365 107//54
f 105//52 422//369 106//53
f 104//51 427//374 105//52
f 110//57 412//359 159//106
f 412//359 158//105 159//106
f 109//56 413//360 412//359
f 413//360 414//361 412//359
f 412//359 414//361 158//105
f 414//361 157//104 158//105
f 108//55 415//362 413//360
f 415//362 416//363 413//360
f 413//360 416//363 414//361
f 416//363 417//364 414//361
f 414//361 417//364 157//104
f 417//364 156//103 157//104
f 107//54 418//365 415//362
f 418//365 419//366 415//362
f 415//362 419//366 416//363
f 419//366 420//367 416//363
f 416//363 420//367 417//364
f 420//367 421//368 417//364
f 417//364 421//368 156//103
f 421//368 155//102 156//103
f 106//53 422//369 418//365
f 422//369 423//370 418//365
f 418//365 423//370 419//366
f 423//370 424//371 419//366
f 419//366 424//371 420//367
f 424//371 425//372 420//367
f 420//367 425//372 421//368
f 425//372 426//373 421//368
f 421//368 426//373 155//102
f 426//373 154//101 155//102
f 105//52 427//374 422//369
f 427//374 428//375 422//369
f 422//369 428//375 423//370
f 428//375 429//376 423//370
f 423//370 429//376 424//371
f 429//376 430//377 424//371
f 424//371 430//377 425//372
f 430//377 431//378 425//372
f 425//372 431//378 426//373
f 431//378 432//379 426//373
f 426//373 432//379 154//101
f 432//379 153//100 154//101
f 104//51 89//36 427//374
f 89//36 88//35 427//374
f 427//374 88//35 428//375
f 88//35 87//34 428//375
f 428//375 87//34 429//376
f 87//34 86//33 429//376
f 429//376 86//33 430//377
f 86//33 85//32 430//377
f 430//377 85//32 431//378
f 85//32 84//31 431//378
f 431//378 84//31 432//379
f 84//31 83//30 432//379
f 432//379 83//30 153//100
f 83//30 11//11 153//100
f 139//86 152//99 10//10
f 140//87 433//380 139//86
f 141//88 434//381 140//87
f 142//89 436//383 141//88
f 143//90 439//386 142//89
f 144//91 443//390 143//90
f 145//92 448//395 144//91
f 139//86 433//380 152//99
f 433//380 151//98 152//99
f 140//87 434//381 433//380
f 434//381 435//382 433//380
f 433//380 435//382 151//98
f 435//382 150//97 151//98
f 141//88 436//383 434//381
f 436//383 437//384 434//381
f 434//381 437//384 435//382
f 437//384 438//385 435//382
f 435//382 438//385 150//97
f 438//385 149//96 150//97
f 142//89 439//386 436//383
f 439//386 440//387 436//383
f 436//383 440//387 437//384
f 440//387 441//388 437//384
f 437//384 441//388 438//385
f 441//388 442//389 438//385
f 438//385 442//389 149//96
f 442//389 148//95 149//96
f 143//90 443//390 439//386
f 443//390 444//391 439//386
f 439//386 444//391 440//387
f 444//391 445//392 440//387
f 440//387 445//392 441//388
f 445//392 446//393 441//388
f 441//388 446//393 442//389
f 446//393 447//394 442//389
f 442//389 447//394 148//95
f 447//394 147//94 148//95
f 144//91 448//395 443//390
f 448//395 449//396 443//390
f 443//390 449//396 444//391
f 449//396 450//397 444//391
f 444//391 450//397 445//392
f 450//397 451//398 445//392
f 445//392 451//398 446//393
f 451//398 452//399 446//393
f 446//393 452//399 447//394
f 452//399 453//400 447//394
f 447//394 453//400 147//94
f 453//400 146//93 147//94
f 145//92 82//29 448//395
f 82//29 81//28 448//395
f 448//395 81//28 449//396
f 81//28 80//27 449//396
f 449//396 80//27 450//397
f 80//27 79//1 450//397
f 450//397 79//1 451//398
f 79//1 78//1 451//398
f 451//398 78//1 452//399
f 78//1 77//26 452//399
f 452//399 77//26 453//400
f 77//26 76//25 453//400
f 453//400 76//25 146//93
f 76//25 5//5 146//93
f 125//72 138//85 9//9
f 126//73 454//401 125//72
f 127//74 455//402 126//73
f 128//75 457//404 127//74
f 129//76 460//407 128//75
f 130//77 464//411 129//76
f 131//78 469//416 130//77
f 125//72 454//401 138//85
f 454//401 137//84 138//85
f 126//73 455//402 454//401
f 455//402 456//403 454//401
f 454//401 456//403 137//84
f 456//403 136//83 137//84
f 127//74 457//404 455//402
f 457//404 458//405 455//402
f 455//402 458//405 456//403
f 458//405 459//406 456//403
f 456//403 459//406 136//83
f 459//406 135//82 136//83
f 128//75 460//407 457//404
f 460//407 461//408 457//404
f 457//404 461//408 458//405
f 461//408 462//409 458//405
f 458//405 462//409 459//406
f 462//409 463//410 459//406
f 459//406 463//410 135//82
f 463//410 134//81 135//82
f 129//76 464//411 460//407
f 464//411 465//412 460//407
f 460//407 465//412 461//408
f 465//412 466//413 461//408
f 461//408 466//413 462//409
f 466//413 467//414 462//409
f 462//409 467//414 463//410
f 467//414 468//415 463//410
f 463//410 468//415 134//81
f 468//415 133//80 134//81
f 130//77 469//416 464//411
f 469//416 470//417 464//411
f 464//411 470//417 465//412
f 470//417 471//418 465//412
f 465//412 471//418 466//413
f 471//418 472//419 466//413
f 466//413 472//419 467//414
f 472//419 473//420 467//414
f 467//414 473//420 468//415
f 473//420 474//421 468//415
f 468//415 474//421 133//80
f 474//421 132//79 133//80
f 131//78 75//24 469//416
f 75//24 74//1 469//416
f 469//416 74//1 470//417
f 74//1 73//1 470//417
f 470//417 73//1 471//418
f 73//1 72//1 471//418
f 471//418 72//1 472//419
f 72//1 71//1 472//419
f 472//419 71//1 473//420
f 71//1 70//23 473//420
f 473//420 70//23 474//421
f 70//23 69//22 474//421
f 474//421 69//22 132//79
f 69//22 4//4 132//79
f 111//58 124//71 8//8
f 112//59 475//422 111//58
f 113//60 476//423 112//59
f 114//61 478//425 113//60
f 115//62 481//428 114//61
f 116//63 485//432 115//62
f 117//64 490//437 116//63
f 111//58 475//422 124//71
f 475//422 123//70 124//71
f 112//59 476//423 475//422
f 476//423 477//424 475//422
f 475//422 477//424 123//70
f 477//424 122//69 123//70
f 113//60 478//425 476//423
f 478//425 479//426 476//423
f 476//423 479//426 477//424
f 479//426 480//427 477//424
f 477//424 480//427 122//69
f 480//427 121//68 122//69
f 114//61 481//428 478//425
f 481//428 482//429 478//425
f 478//425 482//429 479//426
f 482//429 483//430 479//426
f 479//426 483//430 480//427
f 483//430 484//431 480//427
f 480//427 484//431 121//68
f 484//431 120//67 121//68
f 115//62 485//432 481//428
f 485//432 486//433 481//428
f 481//428 486//433 482//429
f 486//433 487//434 482//429
f 482//429 487//434 483//430
f 487//434 488//435 483//430
f 483//430 488//435 484//431
f 488//435 489//436 484//431
f 484//431 489//436 120//67
f 489//436 119//66 120//67
f 116//63 490//437 485//432
f 490//437 491//438 485//432
f 485//432 491//438 486//433
f 491//438 492//439 486//433
f 486//433 492//439 487//434
f 492//439 493//440 487//434
f 487//434 493//440 488//435
f 493//440 494//441 488//435
f 488//435 494//441 489//436
f 494//441 495//442 489//436
f 489//436 495//442 119//66
f 495//442 118//65 119//66
f 117//64 61//21 490//437
f 61//21 60//20 490//437
f 490//437 60//20 491//438
f 60//20 59//1 491//438
f 491//438 59//1 492//439
f 59//1 58//1 492//439
f 492//439 58//1 493//440
f 58//1 57//1 493//440
f 493//440 57//1 494//441
f 57//1 56//1 494//441
f 494//441 56//1 495//442
f 56//1 55//19 495//442
f 495//442 55//19 118//65
f 55//19 3//3 118//65
f 97//44 110//57 7//7
f 98//45 496//443 97//44
f 99//46 497//444 98//45
f 100//47 499//446 99//46
f 101//48 502//449 100//47
f 102//49 506//453 101//48
f 103//50 511//458 102//49
f 97//44 496//443 110//57
f 496//443 109//56 110//57
f 98//45 497//444 496//443
f 497//444 498//445 496//443
f 496//443 498//445 109//56
f 498//445 108//55 109//56
f 99//46 499//446 497//444
f 499//446 500//447 497//444
f 497//444 500//447 498//445
f 500//447 501//448 498//445
f 498//445 501//448 108//55
f 501//448 107//54 108//55
f 100//47 502//449 499//446
f 502//449 503//450 499//446
f 499//446 503//450 500//447
f 503//450 504//451 500//447
f 500//447 504//451 501//448
f 504//451 505//452 501//448
f 501//448 505//452 107//54
f 505//452 106//53 107//54
f 101//48 506//453 502//449
f 506//453 507//454 502//449
f 502//449 507//454 503//450
f 507//454 508//455 503//450
f 503//450 508//455 504//451
f 508//455 509//456 504//451
f 504//451 509//456 505//452
f 509//456 510//457 505//452
f 505//452 510//457 106//53
f 510//457 105//52 106//53
f 102//49 511//458 506//453
f 511//458 512//459 506//453
f 506//453 512//459 507//454
f 512//459 513//460 507//454
f 507//454 513//460 508//455
f 513//460 514//461 508//455
f 508//455 514//461 509//456
f 514//461 515//462 509//456
f 509//456 515//462 510//457
f 515//462 516//463 510//457
f 510//457 516//463 105//52
f 516//463 104//51 105//52
f 103//50 33//14 511//458
f 33//14 32//1 511//458
f 511//458 32//1 512//459
f 32//1 31//1 512//459
f 512//459 31//1 513//460
f 31//1 30//1 513//460
f 513//460 30//1 514//461
f 30//1 29//1 514//461
f 514//461 29//1 515//462
f 29//1 28//1 515//462
f 515//462 28//1 516//463
f 28//1 27//13 516//463
f 516//463 27//13 104//51
f 27//13 2//2 104//51
f 83//30 96//43 11//11
f 84//31 517//464 83//30
f 85//32 518//465 84//31
f 86//33 520//467 85//32
f 87//34 523//470 86//33
f 88//35 527//474 87//34
f 89//36 532//479 88//35
f 83//30 517//464 96//43
f 517//464 95//42 96//43
f 84//31 518//465 517//464
f 518//465 519//466 517//464
f 517//464 519//466 95//42
f 519//466 94//41 95//42
f 85//32 520//467 518//465
f 520//467 521//468 518//465
f 518//465 521//468 519//466
f 521//468 522//469 519//466
f 519//466 522//469 94//41
f 522//469 93//40 94//41
f 86//33 523//470 520//467
f 523//470 524//471 520//467
f 520//467 524//471 521//468
f 524//471 525//472 521//468
f 521//468 525//472 522//469
f 525//472 526//473 522//469
f 522//469 526//473 93//40
f 526//473 92//39 93//40
f 87//34 527//474 523//470
f 527//474 528//475 523//470
f 523//470 528//475 524//471
f 528//475 529//476 524//471
f 524//471 529//476 525//472
f 529//476 530//477 525//472
f 525//472 530//477 526//473
f 530//477 531//478 526//473
f 526//473 531//478 92//39
f 531//478 91//38 92//39
f 88//35 532//479 527//474
f 532//479 533//480 527//474
f 527//474 533//480 528//475
f 533//480 534//481 528//475
f 528//475 534//481 529//476
f 534//481 535//482 529//476
f 529//476 535//482 530//477
f 535//482 536//483 530//477
f 530//477 536//483 531//478
f 536//483 537//484 531//478
f 531//478 537//484 91//38
f 537//484 90//37 91//38
f 89//36 40//18 532//479
f 40//18 39//17 532//479
f 532//479 39//17 533//480
f 39//17 38//1 533//480
f 533//480 38//1 534//481
f 38//1 37//1 534//481
f 534//481 37//1 535//482
f 37//1 36//1 535//482
f 535//482 36//1 536//483
f 36//1 35//16 536//483
f 536//483 35//16 537//484
f 35//16 34//15 537//484
f 537//484 34//15 90//37
f 34//15 6//6 90//37
f 47//1 82//29 6//6
f 46//1 538//1 47//1
f 45//1 539//1 46//1
f 44//1 541//1 45//1
f 43//1 544//1 44//1
f 42//1 548//1 43//1
f 41//1 553//1 42//1
f 47//1 538//1 82//29
f 538//1 81//28 82//29
f 46//1 539//1 538//1
f 539//1 540//1 538//1
f 538//1 540//1 81//28
f 540//1 80//27 81//28
f 45//1 541//1 539//1
f 541//1 542//1 539//1
f 539//1 542//1 540//1
f 542//1 543//1 540//1
f 540//1 543//1 80//27
f 543//1 79//1 80//27
f 44//1 544//1 541//1
f 544//1 545//1 541//1
f 541//1 545//1 542//1
f 545//1 546//1 542//1
f 542//1 546//1 543//1
f 546//1 547//1 543//1
f 543//1 547//1 79//1
f 547//1 78//1 79//1
f 43//1 548//1 544//1
f 548//1 549//1 544//1
f 544//1 549//1 545//1
f 549//1 550//1 545//1
f 545//1 550//1 546//1
f 550//1 551//1 546//1
f 546//1 551//1 547//1
f 551//1 552//1 547//1
f 547//1 552//1 78//1
f 552//1 77//26 78//1
f 42//1 553//1 548//1
f 553//1 554//1 548//1
f 548//1 554//1 549//1
f 554//1 555//1 549//1
f 549//1 555//1 550//1
f 555//1 556//1 550//1
f 550//1 556//1 551//1
f 556//1 557//1 551//1
f 551//1 557//1 552//1
f 557//1 558//1 552//1
f 552//1 558//1 77//26
f 558//1 76//25 77//26
f 41//1 68//1 553//1
f 68//1 67//1 553//1
f 553//1 67//1 554//1
f 67//1 66//1 554//1
f 554//1 66//1 555//1
f 66//1 65//1 555//1
f 555//1 65//1 556//1
f 65//1 64//1 556//1
f 556//1 64//1 557//1
f 64//1 63//1 557//1
f 557//1 63//1 558//1
f 63//1 62//1 558//1
f 558//1 62//1 76//25
f 62//1 5//5 76//25
f 62//1 75//24 5//5
f 63//1 559//1 62//1
f 64//1 560//1 63//1
f 65//1 562//1 64//1
f 66//1 565//1 65//1
f 67//1 569//1 66//1
f 68//1 574//1 67//1
f 62//1 559//1 75//24
f 559//1 74//1 75//24
f 63//1 560//1 559//1
f 560//1 561//1 559//1
f 559//1 561//1 74//1
f 561//1 73//1 74//1
f 64//1 562//1 560//1
f 562//1 563//1 560//1
f 560//1 563//1 561//1
f 563//1 564//1 561//1
f 561//1 564//1 73//1
f 564//1 72//1 73//1
f 65//1 565//1 562//1
f 565//1 566//1 562//1
f 562//1 566//1 563//1
f 566//1 567//1 563//1
f 563//1 567//1 564//1
f 567//1 568//1 564//1
f 564//1 568//1 72//1
f 568//1 71//1 72//1
f 66//1 569//1 565//1
f 569//1 570//1 565//1
f 565//1 570//1 566//1
f 570//1 571//1 566//1
f 566//1 571//1 567//1
f 571//1 572//1 567//1
f 567//1 572//1 568//1
f 572//1 573//1 568//1
f 568//1 573//1 71//1
f 573//1 70//23 71//1
f 67//1 574//1 569//1
f 574//1 575//1 569//1
f 569//1 575//1 570//1
f 575//1 576//1 570//1
f 570//1 576//1 571//1
f 576//1 577//1 571//1
f 571//1 577//1 572//1
f 577//1 578//1 572//1
f 572//1 578//1 573//1
f 578//1 579//1 573//1
f 573//1 579//1 70//23
f 579//1 69//22 70//23
f 68//1 54//1 574//1
f 54//1 53//1 574//1
f 574//1 53//1 575//1
f 53//1 52//1 575//1
f 575//1 52//1 576//1
f 52//1 51//1 576//1
f 576//1 51//1 577//1
f 51//1 50//1 577//1
f 577//1 50//1 578//1
f 50//1 49//1 578//1
f 578//1 49//1 579//1
f 49//1 48//1 579//1
f 579//1 48//1 69//22
f 48//1 4//4 69//22
f 48//1 61//21 4//4
f 49//1 580//1 48//1
f 50//1 581//1 49//1
f 51//1 583//1 50//1
f 52//1 586//1 51//1
f 53//1 590//1 52//1
f 54//1 595//1 53//1
f 48//1 580//1 61//21
f 580//1 60//20 61//21
f 49//1 581//1 580//1
f 581//1 582//1 580//1
f 580//1 582//1 60//20
f 582//1 59//1 60//20
f 50//1 583//1 581//1
f 583//1 584//1 581//1
f 581//1 584//1 582//1
f 584//1 585//1 582//1
f 582//1 585//1 59//1
f 585//1 58//1 59//1
f 51//1 586//1 583//1
f 586//1 587//1 583//1
f 583//1 587//1 584//1
f 587//1 588//1 584//1
f 584//1 588//1 585//1
f 588//1 589//1 585//1
f 585//1 589//1 58//1
f 589//1 57//1 58//1
f 52//1 590//1 586//1
f 590//1 591//1 586//1
f 586//1 591//1 587//1
f 591//1 592//1 587//1
f 587//1 592//1 588//1
f 592//1 593//1 588//1
f 588//1 593//1 589//1
f 593//1 594//1 589//1
f 589//1 594//1 57//1
f 594//1 56//1 57//1
f 53//1 595//1 590//1
f 595//1 596//1 590//1
f 590//1 596//1 591//1
f 596//1 597//1 591//1
f 591//1 597//1 592//1
f 597//1 598//1 592//1
f 592//1 598//1 593//1
f 598//1 599//1 593//1
f 593//1 599//1 594//1
f 599//1 600//1 594//1
f 594//1 600//1 56//1
f 600//1 55//19 56//1
f 54//1 19//1 595//1
f 19//1 18//1 595//1
f 595//1 18//1 596//1
f 18//1 17//1 596//1
f 596//1 17//1 597//1
f 17//1 16//1 597//1
f 597//1 16//1 598//1
f 16//1 15//1 598//1
f 598//1 15//1 599//1
f 15//1 14//1 599//1
f 599//1 14//1 600//1
f 14//1 13//1 600//1
f 600//1 13//1 55//19
f 13//1 3//3 55//19
f 34//15 47//1 6//6
f 35//16 601//1 34//15
f 36//1 602//1 35//16
f 37//1 604//1 36//1
f 38//1 607//1 37//1
f 39//17 611//1 38//1
f 40//18 616//1 39//17
f 34//15 601//1 47//1
f 601//1 46//1 47//1
f 35//16 602//1 601//1
f 602//1 603//1 601//1
f 601//1 603//1 46//1
f 603//1 45//1 46//1
f 36//1 604//1 602//1
f 604//1 605//1 602//1
f 602//1 605//1 603//1
f 605//1 606//1 603//1
f 603//1 606//1 45//1
f 606//1 44//1 45//1
f 37//1 607//1 604//1
f 607//1 608//1 604//1
f 604//1 608//1 605//1
f 608//1 609//1 605//1
f 605//1 609//1 606//1
f 609//1 610//1 606//1
f 606//1 610//1 44//1
f 610//1 43//1 44//1
f 38//1 611//1 607//1
f 611//1 612//1 607//1
f 607//1 612//1 608//1
f 612//1 613//1 608//1
f 608//1 613//1 609//1
f 613//1 614//1 609//1
f 609//1 614//1 610//1
f 614//1 615//1 610//1
f 610//1 615//1 43//1
f 615//1 42//1 43//1
f 39//17 616//1 611//1
f 616//1 617//1 611//1
f 611//1 617//1 612//1
f 617//1 618//1 612//1
f 612//1 618//1 613//1
f 618//1 619//1 613//1
f 613//1 619//1 614//1
f 619//1 620//1 614//1
f 614//1 620//1 615//1
f 620//1 621//1 615//1
f 615//1 621//1 42//1
f 621//1 41//1 42//1
f 40//18 26//1 616//1
f 26//1 25//1 616//1
f 616//1 25//1 617//1
f 25//1 24//1 617//1
f 617//1 24//1 618//1
f 24//1 23//1 618//1
f 618//1 23//1 619//1
f 23//1 22//1 619//1
f 619//1 22//1 620//1
f 22//1 21//1 620//1
f 620//1 21//1 621//1
f 21//1 20//1 621//1
f 621//1 20//1 41//1
f 20//1 1//1 41//1
f 13//1 33//14 3//3
f 14//1 622//1 13//1
f 15//1 623//1 14//1
f 16//1 625//1 15//1
f 17//1 628//1 16//1
f 18//1 632//1 17//1
f 19//1 637//1 18//1
f 13//1 622//1 33//14
f 622//1 32//1 33//14
f 14//1 623//1 622//1
f 623//1 624//1 622//1
f 622//1 624//1 32//1
f 624//1 31//1 32//1
f 15//1 625//1 623//1
f 625//1 626//1 623//1
f 623//1 626//1 624//1
f 626//1 627//1 624//1
f 624//1 627//1 31//1
f 627//1 30//1 31//1
f 16//1 628//1 625//1
f 628//1 629//1 625//1
f 625//1 629//1 626//1
f 629//1 630//1 626//1
f 626//1 630//1 627//1
f 630//1 631//1 627//1
f 627//1 631//1 30//1
f 631//1 29//1 30//1
f 17//1 632//1 628//1
f 632//1 633//1 628//1
f 628//1 633//1 629//1
f 633//1 634//1 629//1
f 629//1 634//1 630//1
f 634//1 635//1 630//1
f 630//1 635//1 631//1
f 635//1 636//1 631//1
f 631//1 636//1 29//1
f 636//1 28//1 29//1
f 18//1 637//1 632//1
f 637//1 638//1 632//1
f 632//1 638//1 633//1
f 638//1 639//1 633//1
f 633//1 639//1 634//1
f 639//1 640//1 634//1
f 634//1 640//1 635//1
f 640//1 641//1 635//1
f 635//1 641//1 636//1
f 641//1 642//1 636//1
f 636//1 642//1 28//1
f 642//1 27//13 28//1
f 19//1 20//1 637//1
f 20//1 21//1 637//1
f 637//1 21//1 638//1
f 21//1 22//1 638//1
f 638//1 22//1 639//1
f 22//1 23//1 639//1
f 639//1 23//1 640//1
f 23//1 24//1 640//1
f 640//1 24//1 641//1
f 24//1 25//1 641//1
f 641//1 25//1 642//1
f 25//1 26//1 642//1
f 642//1 26//1 27//13
f 26//1 2//2 27//13
o tube_cluster_tubes
v 0.204789 0.278214 -0.252630
v 0.130775 0.241630 -0.317610
v 0.030608 0.215862 -0.332113
v -0.065408 0.207244 -0.296266
v -0.135874 0.216287 -0.222423
v -0.160972 0.242247 -0.125788
v -0.135917 0.278214 -0.030843
v -0.058787 0.314009 0.029671
v 0.039496 0.343131 0.055772
v 0.138807 0.351640 0.017446
v 0.203747 0.339397 -0.062700
v 0.232122 0.314406 -0.158472
v 0.060997 0.655326 -0.348388
v 0.010693 0.630313 -0.393013
v -0.057930 0.610753 -0.408843
v -0.127438 0.603977 -0.384556
v -0.177705 0.610780 -0.330791
v -0.190693 0.630383 -0.261700
v -0.170690 0.655326 -0.197569
v -0.120439 0.680382 -0.152777
v -0.051642 0.700788 -0.134440
v 0.015137 0.704789 -0.165534
v 0.065656 0.698996 -0.216339
v 0.080999 0.680257 -0.284290
v -0.000681 1.046866 -0.452970
v -0.059093 1.017811 -0.504817
v -0.138638 0.997452 -0.516012
v -0.212777 0.992003 -0.484604
v -0.266126 0.999401 -0.426992
v -0.290593 1.018338 -0.352490
v -0.268877 1.046866 -0.278384
v -0.208517 1.074865 -0.231068
v -0.131763 1.095891 -0.215994
v -0.055264 1.103377 -0.242636
v -0.003657 1.094544 -0.303554
v 0.017705 1.074932 -0.378124
v -0.042517 1.022898 -0.418522
v -0.081347 1.003659 -0.452756
v -0.134014 0.990280 -0.459855
v -0.183043 0.986619 -0.439262
v -0.218564 0.991424 -0.401279
v -0.233983 1.004129 -0.351942
v -0.220276 1.022898 -0.302807
v -0.180385 1.041474 -0.271317
v -0.129476 1.055257 -0.261824
v -0.078539 1.060513 -0.278724
v -0.044513 1.054516 -0.319423
v -0.030449 1.041491 -0.368865
v 0.032247 0.597502 -0.302995
v 0.000853 0.581404 -0.332352
v -0.043294 0.569055 -0.341814
v -0.086438 0.565591 -0.324444
v -0.119309 0.569227 -0.291798
v -0.128119 0.581566 -0.247896
v -0.114461 0.597502 -0.207494
v -0.082796 0.613343 -0.179105
v -0.039278 0.626549 -0.166587
v 0.003066 0.628877 -0.186949
v 0.035837 0.625466 -0.218834
v 0.044619 0.613275 -0.262259
v -0.027272 0.573936 -0.237683
v 0.157878 0.237944 -0.433554
v 0.147198 0.235201 -0.500396
v 0.098446 0.233466 -0.545842
v 0.038314 0.232465 -0.574456
v -0.026978 0.233337 -0.558407
v -0.070781 0.235445 -0.510988
v -0.101442 0.237944 -0.453137
v -0.089287 0.240663 -0.386787
v -0.043385 0.242536 -0.338238
v 0.018713 0.243311 -0.314895
v 0.085103 0.242660 -0.325551
v 0.132623 0.240571 -0.372251
v 0.120587 0.424145 -0.447417
v 0.113019 0.422231 -0.494069
v 0.082762 0.420779 -0.531291
v 0.037204 0.420230 -0.547953
v -0.008950 0.420895 -0.535435
v -0.045525 0.422239 -0.505849
v -0.064147 0.424145 -0.461367
v -0.051898 0.426040 -0.414842
v -0.021513 0.427448 -0.378660
v 0.023124 0.428020 -0.361504
v 0.070778 0.427527 -0.369794
v 0.104610 0.426022 -0.403445
v 0.130633 0.610262 -0.459725
v 0.125081 0.607983 -0.514985
v 0.090129 0.606188 -0.560827
v 0.034240 0.605942 -0.570976
v -0.020923 0.606323 -0.565980
v -0.066093 0.607930 -0.530704
v -0.082191 0.610262 -0.475797
v -0.071893 0.612533 -0.420358
v -0.034415 0.614153 -0.378529
v 0.018158 0.614840 -0.358019
v 0.073318 0.614162 -0.370187
v 0.116991 0.612544 -0.405826
v 0.093325 0.599097 -0.461708
v 0.089623 0.597646 -0.496913
v 0.067399 0.596500 -0.526159
v 0.031784 0.596339 -0.532746
v -0.003324 0.596591 -0.529316
v -0.032168 0.597611 -0.506952
v -0.042488 0.599097 -0.471964
v -0.035575 0.600538 -0.436767
v -0.011942 0.601575 -0.410025
v 0.021516 0.602020 -0.396771
v 0.056740 0.601588 -0.404527
v 0.084526 0.600552 -0.427358
v 0.087870 0.399129 -0.448226
v 0.082905 0.397910 -0.477946
v 0.063285 0.397008 -0.501134
v 0.034647 0.396623 -0.512556
v 0.005250 0.397060 -0.504255
v -0.017485 0.397929 -0.485057
v -0.029953 0.399129 -0.457124
v -0.022470 0.400344 -0.427323
v -0.002779 0.401233 -0.404434
v 0.025684 0.401583 -0.393858
v 0.055965 0.401279 -0.398889
v 0.077341 0.400319 -0.420378
v 0.028824 0.369265 -0.448787
v -0.779540 0.189562 0.078676
v -0.832938 0.163797 0.182984
v -0.831553 0.145079 0.299520
v -0.770450 0.138965 0.399122
v -0.672238 0.144689 0.463550
v -0.556262 0.164241 0.460945
v -0.461046 0.189562 0.401793
v -0.394553 0.215589 0.309159
v -0.392239 0.235259 0.190517
v -0.458551 0.240389 0.091686
v -0.556490 0.235201 0.024236
v -0.674984 0.215548 0.024909
v -0.765660 0.397182 0.157670
v -0.805046 0.378640 0.231767
v -0.804545 0.365067 0.315757
v -0.764416 0.359357 0.391594
v -0.689317 0.364949 0.433387
v -0.604116 0.378175 0.438473
v -0.526850 0.397182 0.399946
v -0.491677 0.415662 0.321960
v -0.488212 0.430002 0.237269
v -0.534937 0.433980 0.165398
v -0.607305 0.429081 0.122116
v -0.691365 0.415881 0.118027
v -0.831582 0.601446 0.176349
v -0.888037 0.578522 0.260080
v -0.879071 0.563456 0.361846
v -0.832200 0.556506 0.452147
v -0.742507 0.563516 0.500024
v -0.641105 0.578586 0.510203
v -0.546624 0.601446 0.465443
v -0.506571 0.623589 0.369872
v -0.502476 0.640761 0.268405
v -0.555688 0.646423 0.179592
v -0.643045 0.641292 0.122526
v -0.745954 0.623898 0.125119
v -0.776899 0.589329 0.225840
v -0.812389 0.575005 0.277938
v -0.807312 0.565484 0.341653
v -0.777734 0.561173 0.398175
v -0.721432 0.565650 0.427757
v -0.657968 0.574988 0.434708
v -0.598574 0.589329 0.406753
v -0.574239 0.603141 0.346481
v -0.571588 0.613872 0.283165
v -0.604594 0.617476 0.227512
v -0.659310 0.614228 0.191977
v -0.723691 0.603391 0.193324
v -0.719823 0.369642 0.195252
v -0.744197 0.357687 0.244061
v -0.743586 0.348996 0.298142
v -0.718298 0.345158 0.347402
v -0.669826 0.348669 0.374985
v -0.614785 0.357447 0.376829
v -0.565704 0.369642 0.351609
v -0.541486 0.381636 0.302404
v -0.539612 0.390866 0.247532
v -0.569955 0.393397 0.201182
v -0.616628 0.390268 0.173075
v -0.670997 0.381740 0.170376
v -0.639648 0.339889 0.270192
v 0.550576 0.235808 -0.220951
v 0.554699 0.231817 -0.305486
v 0.514758 0.229040 -0.378800
v 0.446894 0.227867 -0.427063
v 0.363677 0.229042 -0.429981
v 0.284643 0.231715 -0.399218
v 0.245742 0.235808 -0.324286
v 0.236970 0.239753 -0.242319
v 0.274287 0.242619 -0.167955
v 0.342558 0.243806 -0.119275
v 0.426294 0.242606 -0.116722
v 0.504393 0.239871 -0.149117
v 0.499311 0.537610 -0.251860
v 0.505098 0.534910 -0.308028
v 0.477085 0.533088 -0.356748
v 0.431869 0.532285 -0.389373
v 0.374974 0.532836 -0.396780
v 0.322236 0.534835 -0.371640
v 0.290782 0.537610 -0.322549
v 0.290652 0.540267 -0.265394
v 0.312284 0.542394 -0.212251
v 0.362223 0.542924 -0.183919
v 0.418216 0.542203 -0.180449
v 0.468257 0.540254 -0.205450
v 0.526263 0.839592 -0.252370
v 0.527509 0.836662 -0.315033
v 0.498372 0.834614 -0.369016
v 0.447391 0.833912 -0.401408
v 0.386636 0.834487 -0.409625
v 0.333544 0.836747 -0.378962
v 0.302303 0.839592 -0.328289
v 0.297965 0.842396 -0.269397
v 0.319939 0.844690 -0.212566
v 0.373062 0.845266 -0.182139
v 0.434006 0.844748 -0.172644
v 0.486173 0.842412 -0.205252
v 0.489344 0.821483 -0.264107
v 0.490610 0.819467 -0.307065
v 0.470500 0.818063 -0.344130
v 0.435381 0.817595 -0.366095
v 0.393833 0.817995 -0.371574
v 0.357399 0.819533 -0.350817
v 0.336265 0.821483 -0.315999
v 0.333357 0.823395 -0.275802
v 0.348009 0.824979 -0.236731
v 0.384485 0.825370 -0.215952
v 0.426280 0.825024 -0.209249
v 0.462151 0.823421 -0.231596
v 0.462027 0.509425 -0.263595
v 0.465284 0.507716 -0.299268
v 0.447513 0.506566 -0.330052
v 0.419112 0.506031 -0.351203
v 0.382833 0.506378 -0.356034
v 0.348851 0.507641 -0.340356
v 0.329157 0.509425 -0.308636
v 0.328885 0.511123 -0.272151
v 0.343044 0.512466 -0.238453
v 0.374530 0.512841 -0.219688
v 0.410310 0.512330 -0.218577
v 0.442224 0.511107 -0.234086
v 0.398747 0.479389 -0.285032
v -0.201914 0.246656 0.368418
v -0.172256 0.210643 0.502866
v -0.087323 0.182442 0.614199
v 0.048724 0.173822 0.659025
v 0.192608 0.181493 0.645121
v 0.301347 0.209745 0.552593
v 0.364053 0.246656 0.423926
v 0.332763 0.284329 0.283257
v 0.235292 0.310408 0.178442
v 0.100521 0.319804 0.130905
v -0.041711 0.310846 0.149675
v -0.158502 0.284590 0.234121
v -0.161284 0.666133 0.479621
v -0.143470 0.636821 0.588428
v -0.070901 0.615234 0.674395
v 0.036658 0.607618 0.712761
v 0.147337 0.616495 0.691191
v 0.229569 0.638114 0.620295
v 0.274837 0.666133 0.522395
v 0.261730 0.695943 0.412226
v 0.184523 0.716548 0.329393
v 0.077839 0.723682 0.292872
v -0.033239 0.716179 0.309382
v -0.118707 0.694799 0.379093
v -0.185742 1.078568 0.610159
v -0.179054 1.047401 0.724653
v -0.099987 1.025202 0.813489
v 0.012147 1.015420 0.860218
v 0.128203 1.026870 0.829779
v 0.222255 1.048018 0.761760
v 0.271506 1.078568 0.655005
v 0.235813 1.107933 0.544247
v 0.170953 1.132671 0.447530
v 0.056379 1.140081 0.409229
v -0.062691 1.132251 0.426150
v -0.145149 1.107816 0.507310
v -0.109006 1.053638 0.610381
v -0.103799 1.033206 0.685519
v -0.051903 1.018678 0.743674
v 0.021532 1.012200 0.774536
v 0.097644 1.019738 0.754470
v 0.159112 1.033638 0.709725
v 0.191757 1.053638 0.639878
v 0.168234 1.072898 0.567225
v 0.125725 1.089134 0.503751
v 0.050606 1.094142 0.478095
v -0.027520 1.088833 0.489822
v -0.081295 1.072767 0.543229
v -0.074186 0.523068 0.457631
v -0.063049 0.504594 0.526202
v -0.014721 0.492014 0.576889
v 0.051464 0.488949 0.594576
v 0.118215 0.492902 0.586683
v 0.167408 0.506167 0.543056
v 0.192129 0.523068 0.483750
v 0.184280 0.540681 0.418650
v 0.141358 0.553923 0.366073
v 0.075766 0.557442 0.346786
v 0.009589 0.552868 0.357005
v -0.042242 0.540290 0.397861
v 0.067919 0.494214 0.463312
v -0.565871 0.187491 -0.411546
v -0.631197 0.183360 -0.418594
v -0.689603 0.180307 -0.384773
v -0.717917 0.179528 -0.324577
v -0.722297 0.180319 -0.258268
v -0.685921 0.183452 -0.202298
v -0.629548 0.187491 -0.166551
v -0.563430 0.191468 -0.172240
v -0.503251 0.194712 -0.200879
v -0.469583 0.195838 -0.260031
v -0.471426 0.194642 -0.327749
v -0.510005 0.191414 -0.381189
v -0.584795 0.385645 -0.391913
v -0.633926 0.382689 -0.387741
v -0.679864 0.380184 -0.367643
v -0.701638 0.379575 -0.321953
v -0.705880 0.380127 -0.271162
v -0.676846 0.382584 -0.229165
v -0.633618 0.385645 -0.204071
v -0.582299 0.388867 -0.200057
v -0.539336 0.391047 -0.228968
v -0.514115 0.391892 -0.273213
v -0.512896 0.391145 -0.324611
v -0.540172 0.388770 -0.368150
v -0.600758 0.583513 -0.401576
v -0.655480 0.580206 -0.397861
v -0.699256 0.577992 -0.367853
v -0.731193 0.576725 -0.324242
v -0.726605 0.577874 -0.270026
v -0.699817 0.580255 -0.224185
v -0.653465 0.583513 -0.198789
v -0.600907 0.586735 -0.199470
v -0.554257 0.589201 -0.224767
v -0.529696 0.589959 -0.271871
v -0.526701 0.589287 -0.325390
v -0.552082 0.586942 -0.374418
v -0.608245 0.571647 -0.368110
v -0.645240 0.569416 -0.365299
v -0.675128 0.567895 -0.345408
v -0.696378 0.567064 -0.315652
v -0.693430 0.567831 -0.279003
v -0.675262 0.569444 -0.248023
v -0.643994 0.571647 -0.230569
v -0.608290 0.573837 -0.230973
v -0.576660 0.575507 -0.248238
v -0.559925 0.576026 -0.280186
v -0.557889 0.575570 -0.316543
v -0.575118 0.573977 -0.349861
v -0.589230 0.310522 -0.352102
v -0.619186 0.308686 -0.351669
v -0.647269 0.307165 -0.338741
v -0.660080 0.306829 -0.310503
v -0.663539 0.307114 -0.279352
v -0.645334 0.308644 -0.253691
v -0.618974 0.310522 -0.237665
v -0.587536 0.312473 -0.236611
v -0.560798 0.313850 -0.253411
v -0.545243 0.314371 -0.280655
v -0.545408 0.313858 -0.312070
v -0.562790 0.312380 -0.337631
v -0.602393 0.280572 -0.294551
v 0.379868 0.226587 0.362982
v 0.497418 0.186034 0.399349
v 0.625826 0.152593 0.378756
v 0.726328 0.140345 0.285288
v 0.763493 0.153261 0.153815
v 0.739096 0.183866 0.023013
v 0.648637 0.226587 -0.068933
v 0.525614 0.267642 -0.099293
v 0.401996 0.297370 -0.065773
v 0.310917 0.307055 0.026789
v 0.263837 0.298612 0.149350
v 0.292510 0.267667 0.275172
v 0.463118 0.425034 0.350131
v 0.555210 0.394525 0.371613
v 0.649360 0.370955 0.351246
v 0.714636 0.365284 0.277844
v 0.747457 0.372175 0.186821
v 0.734222 0.393421 0.090073
v 0.664743 0.425034 0.026117
v 0.576408 0.455877 -0.003264
v 0.480410 0.480234 0.015709
v 0.412770 0.486427 0.090002
v 0.376315 0.480141 0.183505
v 0.398219 0.456471 0.279792
v 0.511923 0.620819 0.407418
v 0.618825 0.588288 0.416334
v 0.715646 0.565463 0.387530
v 0.798237 0.553329 0.322213
v 0.836815 0.560675 0.219411
v 0.808302 0.587373 0.116924
v 0.744413 0.620819 0.033804
v 0.641597 0.654198 0.013607
v 0.537057 0.680977 0.032849
v 0.460717 0.688780 0.112183
v 0.427553 0.679730 0.215754
v 0.443925 0.655747 0.322665
v 0.550764 0.609122 0.336577
v 0.618980 0.588327 0.342468
v 0.680906 0.573715 0.324122
v 0.733327 0.566117 0.282090
v 0.758409 0.570652 0.216587
v 0.740372 0.587692 0.150920
v 0.699316 0.609122 0.097851
v 0.633529 0.630435 0.085183
v 0.566648 0.647618 0.097205
v 0.518088 0.652495 0.148152
v 0.496455 0.646855 0.214247
v 0.507106 0.631464 0.282631
v 0.485325 0.359448 0.273461
v 0.540496 0.340731 0.288771
v 0.598955 0.325818 0.277668
v 0.640422 0.321941 0.232567
v 0.658017 0.327142 0.175402
v 0.650035 0.340106 0.116211
v 0.607208 0.359448 0.077594
v 0.553395 0.378066 0.060648
v 0.496267 0.392238 0.073728
v 0.454472 0.396566 0.116855
v 0.432092 0.392864 0.173383
v 0.446208 0.378354 0.231299
v 0.541382 0.330126 0.170201
v -0.273758 0.185695 -0.483277
v -0.280061 0.180021 -0.548540
v -0.316067 0.175754 -0.603503
v -0.376706 0.174679 -0.627061
v -0.441752 0.175756 -0.627148
v -0.495842 0.179989 -0.589540
v -0.522991 0.185695 -0.530210
v -0.517086 0.191298 -0.465835
v -0.481870 0.195551 -0.411181
v -0.421912 0.196692 -0.386999
v -0.357834 0.195418 -0.389326
v -0.303918 0.191337 -0.425249
v -0.310211 0.462981 -0.514349
v -0.309304 0.458531 -0.564419
v -0.341780 0.455692 -0.602592
v -0.385527 0.454560 -0.623622
v -0.434964 0.455450 -0.622881
v -0.472732 0.458847 -0.591634
v -0.492788 0.462981 -0.548730
v -0.493838 0.467311 -0.500030
v -0.464839 0.470386 -0.459850
v -0.419925 0.471310 -0.440957
v -0.371456 0.470329 -0.442901
v -0.332540 0.467136 -0.471626
v -0.279406 0.739282 -0.543863
v -0.283745 0.734327 -0.600636
v -0.319297 0.731091 -0.643869
v -0.367636 0.729415 -0.671902
v -0.424209 0.730775 -0.667195
v -0.473287 0.734233 -0.637388
v -0.492811 0.739282 -0.584050
v -0.494334 0.744346 -0.527156
v -0.458715 0.747737 -0.482151
v -0.408403 0.749266 -0.455412
v -0.351698 0.747764 -0.461698
v -0.308641 0.743969 -0.496446
v -0.319687 0.722786 -0.548400
v -0.322694 0.719622 -0.584701
v -0.345266 0.717540 -0.612464
v -0.376248 0.716475 -0.630324
v -0.412389 0.717356 -0.627182
v -0.443825 0.719557 -0.608244
v -0.455841 0.722786 -0.574040
v -0.457440 0.726032 -0.537685
v -0.434524 0.728197 -0.508931
v -0.402314 0.729167 -0.491905
v -0.366083 0.728205 -0.495950
v -0.338591 0.725780 -0.518161
v -0.343453 0.439891 -0.519001
v -0.342648 0.437033 -0.551119
v -0.363523 0.435212 -0.575618
v -0.391657 0.434507 -0.588869
v -0.423404 0.435043 -0.588801
v -0.447266 0.437256 -0.568299
v -0.460574 0.439891 -0.541056
v -0.460835 0.442656 -0.509880
v -0.442301 0.444617 -0.484240
v -0.413684 0.445234 -0.471894
v -0.382702 0.444579 -0.473452
v -0.357645 0.442556 -0.491582
v -0.395590 0.409949 -0.526783
v -0.426362 0.266591 -0.022129
v -0.451235 0.255316 0.054633
v -0.426474 0.247371 0.132501
v -0.365768 0.245097 0.184960
v -0.289542 0.248395 0.201291
v -0.213379 0.255780 0.184692
v -0.156153 0.266591 0.129867
v -0.135173 0.277674 0.052466
v -0.161114 0.285254 -0.023132
v -0.215153 0.288890 -0.082794
v -0.294177 0.285058 -0.096406
v -0.374395 0.277966 -0.084445
v -0.426375 0.696963 0.039141
v -0.441867 0.688184 0.101083
v -0.425182 0.681629 0.163229
v -0.377539 0.679584 0.206486
v -0.315740 0.680905 0.230615
v -0.255343 0.688361 0.204578
v -0.207329 0.696963 0.162357
v -0.193804 0.705732 0.099382
v -0.212689 0.711964 0.038602
v -0.259461 0.713917 -0.003426
v -0.319686 0.712118 -0.022827
v -0.383087 0.705962 -0.008946
v -0.463390 1.126345 0.087559
v -0.477237 1.117099 0.154187
v -0.455867 1.110737 0.217413
v -0.410109 1.107860 0.266308
v -0.344491 1.110162 0.284689
v -0.279368 1.117090 0.265562
v -0.232416 1.126345 0.217485
v -0.213872 1.135730 0.152382
v -0.236271 1.142086 0.088621
v -0.282811 1.144874 0.040004
v -0.348678 1.143289 0.015708
v -0.417620 1.136139 0.034474
v -0.421576 1.100850 0.104766
v -0.431535 1.094651 0.149055
v -0.417195 1.090388 0.191436
v -0.386112 1.088579 0.223479
v -0.342538 1.090001 0.236546
v -0.299191 1.094689 0.223202
v -0.267836 1.100850 0.191246
v -0.256005 1.107069 0.147852
v -0.270467 1.111335 0.105380
v -0.301391 1.113213 0.072867
v -0.345333 1.112113 0.057003
v -0.391456 1.107401 0.068980
v -0.379196 0.629573 0.054827
v -0.387894 0.624270 0.092614
v -0.379011 0.620140 0.130853
v -0.349826 0.618846 0.157683
v -0.311684 0.619675 0.172466
v -0.275146 0.624366 0.155264
v -0.246287 0.629573 0.129590
v -0.237797 0.634888 0.091585
v -0.249206 0.638671 0.054723
v -0.277262 0.639945 0.028681
v -0.314101 0.638791 0.017247
v -0.352610 0.635039 0.025784
v -0.315059 0.598784 0.094813
v 0.758706 0.181993 -0.085521
v 0.791672 0.177997 -0.143179
v 0.793770 0.174868 -0.211004
v 0.760322 0.173561 -0.272184
v 0.696431 0.175163 -0.297576
v 0.628653 0.177841 -0.302662
v 0.573992 0.181993 -0.262292
v 0.539688 0.186029 -0.205021
v 0.542624 0.188907 -0.137987
v 0.575789 0.190111 -0.079360
v 0.635545 0.188968 -0.047691
v 0.703606 0.186106 -0.046447
v 0.749499 0.557299 -0.134118
v 0.770552 0.554468 -0.177162
v 0.774032 0.552140 -0.225786
v 0.743792 0.551734 -0.263787
v 0.703803 0.552298 -0.289472
v 0.655045 0.554354 -0.290236
v 0.614513 0.557299 -0.263300
v 0.592582 0.560141 -0.220839
v 0.591224 0.562359 -0.172637
v 0.617598 0.563052 -0.131923
v 0.659265 0.562396 -0.106679
v 0.707799 0.560171 -0.109904
v 0.774896 0.932935 -0.142213
v 0.806675 0.929597 -0.186320
v 0.798858 0.927518 -0.240195
v 0.772295 0.926626 -0.285524
v 0.725976 0.927488 -0.310621
v 0.673230 0.929768 -0.310203
v 0.625331 0.932935 -0.285348
v 0.602644 0.936101 -0.236393
v 0.603693 0.938427 -0.183454
v 0.632015 0.939207 -0.138942
v 0.677913 0.938385 -0.113361
v 0.730954 0.936133 -0.112882
v 0.749430 0.910345 -0.165799
v 0.769794 0.908199 -0.194209
v 0.765110 0.906844 -0.228936
v 0.747919 0.906270 -0.258207
v 0.717973 0.906833 -0.274302
v 0.683889 0.908295 -0.274285
v 0.652922 0.910345 -0.258157
v 0.638532 0.912383 -0.226423
v 0.638735 0.913908 -0.192195
v 0.657208 0.914405 -0.163420
v 0.686840 0.913892 -0.146529
v 0.721115 0.912399 -0.147035
v 0.721800 0.535755 -0.158669
v 0.734689 0.534033 -0.184764
v 0.736563 0.532631 -0.214265
v 0.718291 0.532382 -0.237317
v 0.693959 0.532744 -0.252508
v 0.664513 0.533972 -0.253291
v 0.639891 0.535755 -0.237055
v 0.626819 0.537472 -0.211237
v 0.625583 0.538835 -0.181999
v 0.641616 0.539258 -0.157197
v 0.667112 0.538831 -0.142326
v 0.696418 0.537490 -0.144226
v 0.680205 0.506145 -0.188468
vn 0.8014 0.1574 -0.5770
vn 0.4315 -0.0411 -0.9012
vn -0.0651 -0.1975 -0.9781
vn -0.5304 -0.2597 -0.8070
vn -0.8727 -0.2081 -0.4417
vn -0.9976 -0.0641 0.0249
vn -0.8543 0.1375 0.5012
vn -0.5088 0.3135 0.8017
vn -0.0274 0.4693 0.8826
vn 0.5070 0.5298 0.6799
vn 0.8155 0.4682 0.3402
vn 0.9333 0.3437 -0.1042
vn 0.8179 0.0702 -0.5711
vn 0.4714 -0.0963 -0.8767
vn -0.0161 -0.2332 -0.9723
vn -0.5217 -0.2932 -0.8012
vn -0.8792 -0.2521 -0.4043
vn -0.9869 -0.1369 0.0853
vn -0.8505 0.0207 0.5256
vn -0.5191 0.1846 0.8345
vn 0.0252 0.3371 0.9411
vn 0.5384 0.3907 0.7466
vn 0.8464 0.3596 0.3929
vn 0.9644 0.2362 -0.1192
vn 0.3954 0.7300 -0.5575
vn 0.1381 0.6158 -0.7757
vn -0.1964 0.5453 -0.8149
vn -0.4817 0.5461 -0.6854
vn -0.6689 0.5576 -0.4916
vn -0.7866 0.5871 -0.1913
vn -0.6957 0.7017 0.1540
vn -0.4507 0.8242 0.3428
vn -0.1368 0.8987 0.4167
vn 0.2124 0.9316 0.2949
vn 0.3984 0.9164 0.0375
vn 0.4753 0.8440 -0.2484
vn -0.8063 0.5410 0.2390
vn -0.4869 0.6901 0.5354
vn -0.0443 0.7922 0.6087
vn 0.3441 0.8125 0.4706
vn 0.5900 0.7863 0.1835
vn 0.6652 0.7151 -0.2148
vn 0.5266 0.5789 -0.6225
vn 0.2387 0.4314 -0.8700
vn -0.1282 0.3457 -0.9295
vn -0.5330 0.3105 -0.7871
vn -0.8065 0.3132 -0.5015
vn -0.9045 0.3983 -0.1523
vn -0.8146 0.5011 0.2919
vn -0.5220 0.6447 0.5585
vn -0.0786 0.7618 0.6430
vn 0.3181 0.8143 0.4855
vn 0.6077 0.7738 0.1787
vn 0.6954 0.6721 -0.2545
vn 0.5730 0.5411 -0.6155
vn 0.3128 0.4142 -0.8547
vn -0.1331 0.2674 -0.9543
vn -0.5578 0.2353 -0.7959
vn -0.8299 0.2468 -0.5004
vn -0.9284 0.3646 -0.0722
vn -0.2266 0.9159 -0.3312
vn 0.9746 0.1983 0.1038
vn 0.8680 0.1741 -0.4651
vn 0.5579 0.1353 -0.8188
vn 0.0984 0.1397 -0.9853
vn -0.4926 0.1344 -0.8598
vn -0.8105 0.1352 -0.5699
vn -0.9696 0.1965 -0.1460
vn -0.8720 0.2344 0.4296
vn -0.5416 0.2394 0.8058
vn -0.0972 0.2457 0.9645
vn 0.4406 0.2397 0.8651
vn 0.8138 0.2132 0.5406
vn 0.9935 0.0728 0.0871
vn 0.9105 0.0321 -0.4123
vn 0.5846 -0.0173 -0.8112
vn 0.0434 -0.0065 -0.9990
vn -0.4471 -0.0000 -0.8945
vn -0.8065 -0.0023 -0.5912
vn -0.9963 0.0353 -0.0783
vn -0.8866 0.0791 0.4557
vn -0.5751 0.1060 0.8112
vn -0.0928 0.1195 0.9885
vn 0.4606 0.1215 0.8793
vn 0.8377 0.0932 0.5381
vn 0.6702 0.7421 0.0117
vn 0.6590 0.6919 -0.2950
vn 0.3900 0.6513 -0.6509
vn 0.0179 0.7075 -0.7065
vn -0.2683 0.6558 -0.7057
vn -0.6075 0.6588 -0.4438
vn -0.7059 0.7042 -0.0766
vn -0.6371 0.7164 0.2845
vn -0.3997 0.7420 0.5382
vn -0.0557 0.7388 0.6716
vn 0.3041 0.7511 0.5859
vn 0.5966 0.7203 0.3539
vn -0.7632 0.6413 -0.0793
vn -0.6822 0.6894 0.2438
vn -0.3681 0.7323 0.5730
vn -0.0240 0.6836 0.7295
vn 0.2656 0.7217 0.6392
vn 0.5873 0.7203 0.3693
vn 0.7337 0.6794 0.0112
vn 0.6614 0.6619 -0.3528
vn 0.4344 0.6367 -0.6372
vn 0.0622 0.6421 -0.7641
vn -0.3291 0.6284 -0.7049
vn -0.6204 0.6599 -0.4238
vn -0.8604 0.4993 -0.1025
vn -0.7806 0.5273 0.3355
vn -0.4984 0.5572 0.6641
vn -0.0396 0.5563 0.8300
vn 0.3913 0.5597 0.7305
vn 0.6834 0.5473 0.4832
vn 0.8578 0.5113 0.0528
vn 0.7655 0.4886 -0.4187
vn 0.4954 0.4655 -0.7334
vn 0.0795 0.4545 -0.8872
vn -0.4008 0.4528 -0.7964
vn -0.7257 0.4801 -0.4929
vn 0.0104 0.9982 -0.0598
vn -0.7243 0.2870 -0.6269
vn -0.9663 0.1706 -0.1929
vn -0.9557 0.0869 0.2811
vn -0.7104 0.0543 0.7017
vn -0.2876 0.1080 0.9516
vn 0.2357 0.1660 0.9576
vn 0.6203 0.2178 0.7536
vn 0.8654 0.3661 0.3421
vn 0.8588 0.4737 -0.1950
vn 0.6164 0.4908 -0.6158
vn 0.2142 0.4772 -0.8523
vn -0.2947 0.3849 -0.8747
vn -0.7150 0.0661 -0.6960
vn -0.9626 -0.0702 -0.2615
vn -0.9615 -0.1516 0.2292
vn -0.6973 -0.1826 0.6931
vn -0.2610 -0.1476 0.9540
vn 0.2233 -0.0815 0.9713
vn 0.7054 0.0615 0.7062
vn 0.9413 0.2159 0.2594
vn 0.9285 0.2944 -0.2262
vn 0.6608 0.3091 -0.6840
vn 0.2629 0.2758 -0.9246
vn -0.2526 0.1867 -0.9494
vn -0.6367 0.6394 -0.4311
vn -0.8541 0.5069 -0.1164
vn -0.8245 0.4812 0.2978
vn -0.6446 0.4300 0.6321
vn -0.3118 0.4900 0.8140
vn 0.0392 0.5293 0.8475
vn 0.4523 0.6187 0.6424
vn 0.5879 0.7561 0.2875
vn 0.6071 0.7921 -0.0632
vn 0.4077 0.8216 -0.3985
vn 0.0854 0.7795 -0.6206
vn -0.3314 0.7209 -0.6087
vn 0.3680 0.7021 0.6096
vn 0.4952 0.8163 0.2974
vn 0.5291 0.8467 -0.0560
vn 0.3340 0.8827 -0.3307
vn 0.0742 0.8377 -0.5411
vn -0.2415 0.8022 -0.5460
vn -0.5971 0.7279 -0.3370
vn -0.8075 0.5866 -0.0623
vn -0.7805 0.5645 0.2685
vn -0.6073 0.5318 0.5902
vn -0.2858 0.5803 0.7626
vn 0.0910 0.6332 0.7686
vn 0.4753 0.5779 0.6634
vn 0.6608 0.6879 0.3002
vn 0.6553 0.7515 -0.0759
vn 0.4626 0.7659 -0.4466
vn 0.1000 0.7416 -0.6634
vn -0.2910 0.6765 -0.6765
vn -0.6813 0.5596 -0.4719
vn -0.8745 0.4699 -0.1203
vn -0.8743 0.3877 0.2920
vn -0.6472 0.3799 0.6609
vn -0.3162 0.4120 0.8546
vn 0.0870 0.4832 0.8712
vn -0.1565 0.9753 0.1558
vn 0.9379 0.1848 0.2935
vn 0.9616 0.1555 -0.2264
vn 0.7385 0.1369 -0.6602
vn 0.3192 0.1319 -0.9385
vn -0.1613 0.1271 -0.9787
vn -0.6541 0.1486 -0.7417
vn -0.9425 0.1502 -0.2986
vn -0.9705 0.1707 0.1701
vn -0.7435 0.1975 0.6389
vn -0.3121 0.2177 0.9248
vn 0.1864 0.2148 0.9587
vn 0.6344 0.2141 0.7428
vn 0.9413 0.0604 0.3321
vn 0.9759 0.0446 -0.2137
vn 0.7383 0.0339 -0.6736
vn 0.3616 0.0342 -0.9317
vn -0.1605 0.0437 -0.9861
vn -0.6591 0.0690 -0.7489
vn -0.9525 0.0934 -0.2898
vn -0.9772 0.1106 0.1811
vn -0.7494 0.1117 0.6526
vn -0.2900 0.1083 0.9509
vn 0.1967 0.0948 0.9759
vn 0.6580 0.0759 0.7492
vn 0.6393 0.7420 0.2018
vn 0.6350 0.7519 -0.1775
vn 0.4731 0.7518 -0.4594
vn 0.2296 0.7652 -0.6014
vn -0.1069 0.7445 -0.6590
vn -0.4039 0.7851 -0.4695
vn -0.5577 0.8018 -0.2146
vn -0.5815 0.8117 0.0552
vn -0.4749 0.7873 0.3931
vn -0.1806 0.8203 0.5427
vn 0.1463 0.7691 0.6222
vn 0.4085 0.8095 0.4217
vn -0.7210 0.6204 -0.3086
vn -0.7700 0.6191 0.1546
vn -0.5823 0.6204 0.5253
vn -0.2734 0.6083 0.7451
vn 0.1631 0.6221 0.7658
vn 0.5853 0.5808 0.5658
vn 0.7996 0.5577 0.2227
vn 0.8257 0.5454 -0.1440
vn 0.6125 0.5718 -0.5458
vn 0.2754 0.5389 -0.7961
vn -0.1463 0.5918 -0.7927
vn -0.5260 0.5589 -0.6411
vn -0.7853 0.5397 -0.3033
vn -0.8210 0.5481 0.1598
vn -0.6236 0.5614 0.5440
vn -0.3092 0.5562 0.7714
vn 0.1440 0.5468 0.8248
vn 0.5794 0.5284 0.6206
vn 0.8325 0.5095 0.2175
vn 0.8437 0.5042 -0.1843
vn 0.6546 0.4889 -0.5766
vn 0.2489 0.4959 -0.8320
vn -0.1612 0.5075 -0.8464
vn -0.5420 0.5226 -0.6581
vn -0.0046 0.9990 -0.0455
vn -0.9951 0.0962 -0.0230
vn -0.9051 -0.0184 0.4249
vn -0.5835 -0.0930 0.8068
vn -0.1005 -0.1142 0.9884
vn 0.3946 -0.0561 0.9171
vn 0.7842 0.0328 0.6196
vn 0.9726 0.1664 0.1624
vn 0.8815 0.2825 -0.3783
vn 0.5521 0.3501 -0.7567
vn 0.0983 0.3742 -0.9221
vn -0.3906 0.3488 -0.8519
vn -0.8117 0.2543 -0.5258
vn -0.9931 0.0548 -0.1038
vn -0.9149 -0.1006 0.3910
vn -0.5830 -0.2031 0.7867
vn -0.0664 -0.2288 0.9712
vn 0.4454 -0.1695 0.8792
vn 0.8068 -0.0685 0.5868
vn 0.9849 0.0712 0.1580
vn 0.9060 0.2131 -0.3658
vn 0.5474 0.2996 -0.7814
vn 0.0865 0.3253 -0.9416
vn -0.4170 0.2812 -0.8643
vn -0.8083 0.1883 -0.5579
vn -0.6722 0.7326 0.1070
vn -0.6707 0.5976 0.4393
vn -0.4206 0.5492 0.7221
vn -0.0635 0.4922 0.8682
vn 0.2658 0.5739 0.7746
vn 0.5075 0.6152 0.6033
vn 0.6732 0.6993 0.2405
vn 0.5404 0.8410 -0.0254
vn 0.3841 0.8675 -0.3162
vn 0.0339 0.9026 -0.4291
vn -0.3317 0.8591 -0.3899
vn -0.5686 0.8116 -0.1340
vn 0.7426 0.6053 0.2867
vn 0.6662 0.7408 -0.0861
vn 0.4297 0.8025 -0.4140
vn 0.0278 0.8497 -0.5265
vn -0.3575 0.7866 -0.5035
vn -0.6142 0.7322 -0.2943
vn -0.7576 0.6395 0.1311
vn -0.7337 0.4813 0.4796
vn -0.4814 0.4666 0.7420
vn -0.0808 0.4176 0.9050
vn 0.3305 0.4749 0.8156
vn 0.6349 0.5150 0.5759
vn 0.7809 0.5565 0.2836
vn 0.7073 0.6861 -0.1701
vn 0.4003 0.7720 -0.4938
vn 0.0320 0.7974 -0.6026
vn -0.3591 0.7494 -0.5563
vn -0.6787 0.6758 -0.2874
vn -0.8218 0.5674 0.0520
vn -0.7717 0.4495 0.4499
vn -0.4776 0.3628 0.8002
vn -0.0687 0.3560 0.9320
vn 0.3158 0.3863 0.8666
vn 0.6057 0.4671 0.6442
vn -0.0363 0.9639 0.2639
vn 0.2722 0.1398 -0.9520
vn -0.2069 0.1347 -0.9690
vn -0.7353 0.0934 -0.6713
vn -0.9649 0.0805 -0.2501
vn -0.9635 0.0953 0.2502
vn -0.6981 0.1280 0.7044
vn -0.2442 0.1756 0.9537
vn 0.2458 0.1918 0.9502
vn 0.6584 0.2238 0.7187
vn 0.9437 0.2304 0.2375
vn 0.9268 0.2065 -0.3137
vn 0.6512 0.1560 -0.7427
vn 0.2001 0.0439 -0.9788
vn -0.2349 0.0242 -0.9717
vn -0.7026 0.0105 -0.7115
vn -0.9625 -0.0207 -0.2707
vn -0.9650 -0.0091 0.2622
vn -0.6805 0.0225 0.7324
vn -0.2896 0.0519 0.9557
vn 0.2487 0.0848 0.9649
vn 0.7224 0.1271 0.6797
vn 0.9539 0.1483 0.2611
vn 0.9535 0.1311 -0.2713
vn 0.6782 0.0905 -0.7293
vn 0.0961 0.7359 -0.6702
vn -0.2560 0.7215 -0.6434
vn -0.5028 0.7317 -0.4603
vn -0.7174 0.6646 -0.2091
vn -0.6768 0.7092 0.1973
vn -0.5201 0.7088 0.4766
vn -0.2124 0.7396 0.6387
vn 0.1059 0.7741 0.6242
vn 0.4269 0.7830 0.4524
vn 0.5619 0.8113 0.1614
vn 0.5890 0.7933 -0.1544
vn 0.4316 0.7643 -0.4791
vn -0.1999 0.6504 0.7328
vn 0.2116 0.6650 0.7162
vn 0.5064 0.6654 0.5485
vn 0.6679 0.7196 0.1902
vn 0.6910 0.6808 -0.2430
vn 0.4894 0.6725 -0.5552
vn 0.1507 0.6423 -0.7515
vn -0.2304 0.6072 -0.7604
vn -0.5857 0.5958 -0.5495
vn -0.7957 0.5640 -0.2211
vn -0.7952 0.5865 0.1540
vn -0.5849 0.6211 0.5217
vn -0.2414 0.5053 0.8285
vn 0.1570 0.5376 0.8284
vn 0.5801 0.5500 0.6008
vn 0.7850 0.5780 0.2228
vn 0.7969 0.5600 -0.2266
vn 0.5485 0.5439 -0.6351
vn 0.2104 0.5102 -0.8339
vn -0.2567 0.4751 -0.8417
vn -0.6554 0.4537 -0.6038
vn -0.8677 0.4422 -0.2273
vn -0.8585 0.4474 0.2505
vn -0.6147 0.4757 0.6292
vn -0.0578 0.9982 -0.0147
vn -0.4189 0.2446 0.8745
vn -0.0131 0.1445 0.9894
vn 0.4556 0.0628 0.8880
vn 0.8577 0.0460 0.5121
vn 0.9948 0.0739 0.0701
vn 0.9012 0.1584 -0.4034
vn 0.5582 0.3140 -0.7680
vn 0.1243 0.4355 -0.8915
vn -0.3537 0.5138 -0.7816
vn -0.7039 0.5492 -0.4504
vn -0.8517 0.5237 0.0210
vn -0.7447 0.3969 0.5366
vn -0.4838 0.0750 0.8720
vn -0.0209 -0.0586 0.9981
vn 0.4756 -0.1242 0.8709
vn 0.8407 -0.1864 0.5085
vn 0.9812 -0.1807 0.0675
vn 0.8870 -0.0567 -0.4583
vn 0.5157 0.0979 -0.8512
vn 0.1205 0.2355 -0.9644
vn -0.4089 0.3618 -0.8378
vn -0.7763 0.4166 -0.4730
vn -0.9200 0.3917 -0.0156
vn -0.8197 0.2571 0.5119
vn -0.1956 0.6001 0.7756
vn 0.2263 0.5397 0.8109
vn 0.5005 0.4648 0.7304
vn 0.7596 0.3715 0.5338
vn 0.9168 0.3851 0.1057
vn 0.8246 0.5201 -0.2225
vn 0.5680 0.6078 -0.5550
vn 0.2415 0.7598 -0.6036
vn -0.1263 0.8344 -0.5365
vn -0.4057 0.8831 -0.2359
vn -0.4979 0.8632 0.0842
vn -0.4518 0.7697 0.4511
vn 0.5204 0.7275 -0.4471
vn 0.1550 0.7928 -0.5895
vn -0.1048 0.8598 -0.4997
vn -0.3145 0.9149 -0.2532
vn -0.4264 0.8963 0.1218
vn -0.4065 0.7904 0.4583
vn -0.1301 0.7153 0.6866
vn 0.1545 0.5665 0.8094
vn 0.4812 0.5212 0.7048
vn 0.7610 0.4565 0.4609
vn 0.8661 0.4764 0.1510
vn 0.8051 0.5631 -0.1863
vn 0.5862 0.5631 -0.5825
vn 0.2229 0.6876 -0.6910
vn -0.1965 0.7711 -0.6056
vn -0.4932 0.8219 -0.2850
vn -0.5907 0.8039 0.0700
vn -0.5171 0.6967 0.4972
vn -0.2183 0.5726 0.7903
vn 0.1005 0.4475 0.8886
vn 0.5159 0.3388 0.7868
vn 0.8034 0.3083 0.5094
vn 0.9394 0.3203 0.1223
vn 0.8464 0.4360 -0.3057
vn 0.2680 0.9483 0.1701
vn 0.9736 0.1475 0.1744
vn 0.9398 0.0892 -0.3298
vn 0.6253 0.0495 -0.7788
vn 0.1921 0.0243 -0.9811
vn -0.2940 0.0204 -0.9556
vn -0.7643 0.0517 -0.6427
vn -0.9795 0.0861 -0.1824
vn -0.9398 0.1230 0.3188
vn -0.6308 0.1718 0.7567
vn -0.1656 0.1916 0.9674
vn 0.3158 0.2004 0.9274
vn 0.7428 0.1851 0.6434
vn 0.9687 0.0347 0.2460
vn 0.9427 -0.0233 -0.3329
vn 0.6088 -0.0617 -0.7909
vn 0.2089 -0.0780 -0.9748
vn -0.3474 -0.0589 -0.9359
vn -0.7965 -0.0158 -0.6044
vn -0.9732 0.0308 -0.2280
vn -0.9518 0.0804 0.2960
vn -0.6251 0.1227 0.7708
vn -0.1829 0.1305 0.9744
vn 0.3296 0.1158 0.9370
vn 0.7577 0.0855 0.6470
vn 0.6720 0.7341 0.0975
vn 0.6441 0.6951 -0.3194
vn 0.4307 0.7106 -0.5564
vn 0.1632 0.6667 -0.7272
vn -0.1824 0.7007 -0.6897
vn -0.5112 0.7055 -0.4908
vn -0.5879 0.7860 -0.1912
vn -0.6153 0.7761 0.1380
vn -0.3804 0.8312 0.4054
vn -0.1086 0.8136 0.5713
vn 0.2702 0.8038 0.5300
vn 0.4876 0.8056 0.3365
vn -0.7396 0.6281 -0.2416
vn -0.7045 0.6711 0.2310
vn -0.5049 0.6680 0.5467
vn -0.1580 0.7037 0.6928
vn 0.2525 0.6732 0.6950
vn 0.6148 0.6612 0.4299
vn 0.8112 0.5749 0.1069
vn 0.7584 0.5806 -0.2962
vn 0.5284 0.5137 -0.6759
vn 0.1578 0.5325 -0.8316
vn -0.3008 0.5457 -0.7821
vn -0.5979 0.5493 -0.5838
vn -0.8310 0.4906 -0.2623
vn -0.8073 0.5369 0.2448
vn -0.5123 0.5810 0.6324
vn -0.1685 0.5930 0.7874
vn 0.3130 0.5762 0.7550
vn 0.6887 0.5539 0.4678
vn 0.8442 0.5150 0.1483
vn 0.8316 0.4633 -0.3063
vn 0.5546 0.4286 -0.7132
vn 0.1693 0.4188 -0.8921
vn -0.2765 0.4212 -0.8638
vn -0.6503 0.4495 -0.6124
vn -0.0326 0.9948 -0.0961
vn -0.8807 0.0714 -0.4683
vn -0.9998 0.0182 0.0014
vn -0.8348 -0.0364 0.5493
vn -0.4464 -0.0546 0.8932
vn -0.0036 -0.0564 0.9984
vn 0.4764 -0.0080 0.8792
vn 0.8508 0.0648 0.5214
vn 0.9909 0.1337 -0.0165
vn 0.8550 0.1760 -0.4878
vn 0.4741 0.1924 -0.8592
vn -0.0048 0.1741 -0.9847
vn -0.5005 0.1378 -0.8547
vn -0.8847 0.0245 -0.4656
vn -0.9995 -0.0310 0.0035
vn -0.8527 -0.0786 0.5164
vn -0.5221 -0.1102 0.8458
vn 0.0203 -0.0903 0.9957
vn 0.5372 -0.0353 0.8427
vn 0.8614 0.0244 0.5073
vn 0.9946 0.0979 -0.0349
vn 0.8401 0.1437 -0.5231
vn 0.4921 0.1617 -0.8554
vn 0.0356 0.1413 -0.9893
vn -0.5071 0.0911 -0.8571
vn -0.5899 0.7902 -0.1661
vn -0.6498 0.7493 0.1279
vn -0.5532 0.7363 0.3897
vn -0.3696 0.7050 0.6053
vn -0.0388 0.7159 0.6971
vn 0.2535 0.7530 0.6072
vn 0.4578 0.7987 0.3906
vn 0.5546 0.8281 0.0814
vn 0.4297 0.8819 -0.1938
vn 0.2589 0.8871 -0.3821
vn -0.0282 0.8553 -0.5174
vn -0.3823 0.8228 -0.4204
vn 0.7120 0.5467 0.4407
vn 0.7961 0.6044 0.0291
vn 0.6833 0.6326 -0.3645
vn 0.3974 0.6592 -0.6384
vn -0.0520 0.6517 -0.7567
vn -0.4803 0.5972 -0.6424
vn -0.7667 0.5385 -0.3496
vn -0.8700 0.4845 0.0916
vn -0.7600 0.4184 0.4974
vn -0.4971 0.4101 0.7647
vn -0.0767 0.4495 0.8900
vn 0.4052 0.5017 0.7643
vn 0.7102 0.5316 0.4615
vn 0.8116 0.5799 0.0704
vn 0.7045 0.6120 -0.3593
vn 0.4096 0.6394 -0.6506
vn -0.0737 0.6076 -0.7908
vn -0.5043 0.5875 -0.6329
vn -0.7698 0.5263 -0.3613
vn -0.8754 0.4744 0.0934
vn -0.7453 0.4350 0.5052
vn -0.4532 0.4266 0.7827
vn -0.0659 0.4369 0.8971
vn 0.3884 0.4730 0.7909
vn -0.0525 0.9938 0.0975
vn 0.7369 0.1100 0.6670
vn 0.9609 0.0741 0.2669
vn 0.9723 0.0444 -0.2297
vn 0.6605 0.0347 -0.7500
vn 0.2313 0.0312 -0.9724
vn -0.2730 0.0477 -0.9608
vn -0.7372 0.0816 -0.6707
vn -0.9610 0.1209 -0.2488
vn -0.9497 0.1527 0.2733
vn -0.6864 0.1729 0.7064
vn -0.2371 0.1713 0.9563
vn 0.2980 0.1564 0.9417
vn 0.7336 0.0363 0.6786
vn 0.9666 0.0068 0.2562
vn 0.9564 -0.0146 -0.2917
vn 0.6633 -0.0294 -0.7477
vn 0.2866 -0.0269 -0.9577
vn -0.2777 0.0008 -0.9607
vn -0.7435 0.0326 -0.6680
vn -0.9645 0.0664 -0.2555
vn -0.9593 0.0960 0.2657
vn -0.6955 0.1067 0.7106
vn -0.2323 0.0995 0.9675
vn 0.2932 0.0692 0.9535
vn 0.4328 0.8245 0.3646
vn 0.6542 0.7467 0.1206
vn 0.5702 0.7932 -0.2138
vn 0.4435 0.7692 -0.4600
vn 0.1825 0.7777 -0.6015
vn -0.0990 0.7945 -0.5991
vn -0.4120 0.7869 -0.4595
vn -0.5340 0.8310 -0.1559
vn -0.5340 0.8339 0.1393
vn -0.3649 0.8447 0.3916
vn -0.1066 0.8395 0.5328
vn 0.2075 0.8125 0.5448
vn -0.5715 0.5179 -0.6365
vn -0.7745 0.5911 -0.2253
vn -0.7866 0.5636 0.2522
vn -0.5661 0.5813 0.5844
vn -0.1881 0.5723 0.7982
vn 0.2218 0.5541 0.8024
vn 0.6274 0.5514 0.5498
vn 0.8520 0.5005 0.1534
vn 0.8285 0.4929 -0.2657
vn 0.6021 0.4761 -0.6409
vn 0.2306 0.4884 -0.8416
vn -0.2300 0.5164 -0.8249
vn -0.6213 0.4782 -0.6207
vn -0.8194 0.5194 -0.2426
vn -0.8066 0.5403 0.2399
vn -0.5453 0.5665 0.6178
vn -0.2205 0.5528 0.8036
vn 0.2588 0.5300 0.8075
vn 0.6645 0.5002 0.5552
vn 0.8592 0.4705 0.2009
vn 0.8671 0.4337 -0.2451
vn 0.6300 0.4221 -0.6518
vn 0.2251 0.4212 -0.8786
vn -0.2323 0.4473 -0.8637
vn 0.0352 0.9938 -0.1059
s 1
usemtl pipe_tube
f 644//486 655//497 643//485
f 645//487 656//498 644//486
f 646//488 657//499 645//487
f 646//488 659//501 658//500
f 647//489 660//502 659//501
f 648//490 661//503 660//502
f 649//491 662//504 661//503
f 650//492 663//505 662//504
f 651//493 664//506 663//505
f 653//495 664//506 652//494
f 654//496 665//507 653//495
f 643//485 666//508 654//496
f 655//497 668//510 667//509
f 656//498 669//511 668//510
f 658//500 669//511 657//499
f 659//501 670//512 658//500
f 660//502 671//513 659//501
f 661//503 672//514 660//502
f 662//504 673//515 661//503
f 663//505 674//516 662//504
f 663//505 676//518 675//517
f 664//506 677//519 676//518
f 665//507 678//520 677//519
f 666//508 667//509 678//520
f 668//510 679//521 667//509
f 669//511 680//522 668//510
f 670//512 681//523 669//511
f 670//512 683//525 682//524
f 671//513 684//526 683//525
f 672//514 685//527 684//526
f 673//515 686//528 685//527
f 674//516 687//529 686//528
f 675//517 688//530 687//529
f 677//519 688//530 676//518
f 678//520 689//531 677//519
f 678//520 679//521 690//532
f 680//522 691//533 679//521
f 681//523 692//534 680//522
f 681//523 694//536 693//535
f 682//524 695//537 694//536
f 683//525 696//538 695//537
f 684//526 697//539 696//538
f 685//527 698//540 697//539
f 686//528 699//541 698//540
f 688//530 699//541 687//529
f 689//531 700//542 688//530
f 690//532 701//543 689//531
f 679//521 702//544 690//532
f 691//533 692//534 703//545
f 692//534 693//535 703//545
f 693//535 694//536 703//545
f 694//536 695//537 703//545
f 695//537 696//538 703//545
f 696//538 697//539 703//545
f 697//539 698//540 703//545
f 698//540 699//541 703//545
f 699//541 700//542 703//545
f 700//542 701//543 703//545
f 701//543 702//544 703//545
f 702//544 691//533 703//545
f 705//547 716//558 704//546
f 706//548 717//559 705//547
f 706//548 719//561 718//560
f 708//550 719//561 707//549
f 708//550 721//563 720//562
f 709//551 722//564 721//563
f 710//552 723//565 722//564
f 711//553 724//566 723//565
f 712//554 725//567 724//566
f 714//556 725//567 713//555
f 715//557 726//568 714//556
f 704//546 727//569 715//557
f 717//559 728//570 716//558
f 718//560 729//571 717//559
f 719//561 730//572 718//560
f 720//562 731//573 719//561
f 721//563 732//574 720//562
f 721//563 734//576 733//575
f 722//564 735//577 734//576
f 723//565 736//578 735//577
f 724//566 737//579 736//578
f 725//567 738//580 737//579
f 727//569 738//580 726//568
f 716//558 739//581 727//569
f 728//570 741//583 740//582
f 729//571 742//584 741//583
f 731//573 742//584 730//572
f 731//573 744//586 743//585
f 732//574 745//587 744//586
f 734//576 745//587 733//575
f 735//577 746//588 734//576
f 736//578 747//589 735//577
f 736//578 749//591 748//590
f 738//580 749//591 737//579
f 738//580 751//593 750//592
f 728//570 751//593 739//581
f 740//582 753//595 752//594
f 741//583 754//596 753//595
f 742//584 755//597 754//596
f 743//585 756//598 755//597
f 745//587 756//598 744//586
f 746//588 757//599 745//587
f 747//589 758//600 746//588
f 748//590 759//601 747//589
f 749//591 760//602 748//590
f 750//592 761//603 749//591
f 750//592 763//605 762//604
f 751//593 752//594 763//605
f 752//594 753//595 764//606
f 753//595 754//596 764//606
f 754//596 755//597 764//606
f 755//597 756//598 764//606
f 756//598 757//599 764//606
f 757//599 758//600 764//606
f 758//600 759//601 764//606
f 759//601 760//602 764//606
f 760//602 761//603 764//606
f 761//603 762//604 764//606
f 762//604 763//605 764//606
f 763//605 752//594 764//606
f 766//608 777//619 765//607
f 766//608 779//621 778//620
f 767//609 780//622 779//621
f 768//610 781//623 780//622
f 770//612 781//623 769//611
f 771//613 782//624 770//612
f 772//614 783//625 771//613
f 773//615 784//626 772//614
f 774//616 785//627 773//615
f 774//616 787//629 786//628
f 775//617 788//630 787//629
f 776//618 777//619 788//630
f 778//620 789//631 777//619
f 779//621 790//632 778//620
f 780//622 791//633 779//621
f 780//622 793//635 792//634
f 781//623 794//636 793//635
f 782//624 795//637 794//636
f 783//625 796//638 795//637
f 784//626 797//639 796//638
f 786//628 797//639 785//627
f 787//629 798//640 786//628
f 788//630 799//641 787//629
f 777//619 800//642 788//630
f 789//631 802//644 801//643
f 791//633 802//644 790//632
f 791//633 804//646 803//645
f 793//635 804//646 792//634
f 793//635 806//648 805//647
f 794//636 807//649 806//648
f 796//638 807//649 795//637
f 796//638 809//651 808//650
f 798//640 809//651 797//639
f 798//640 811//653 810//652
f 800//642 811//653 799//641
f 789//631 812//654 800//642
f 801//643 814//656 813//655
f 802//644 815//657 814//656
f 804//646 815//657 803//645
f 805//647 816//658 804//646
f 806//648 817//659 805//647
f 807//649 818//660 806//648
f 808//650 819//661 807//649
f 809//651 820//662 808//650
f 809//651 822//664 821//663
f 810//652 823//665 822//664
f 811//653 824//666 823//665
f 812//654 813//655 824//666
f 813//655 814//656 825//667
f 814//656 815//657 825//667
f 815//657 816//658 825//667
f 816//658 817//659 825//667
f 817//659 818//660 825//667
f 818//660 819//661 825//667
f 819//661 820//662 825//667
f 820//662 821//663 825//667
f 821//663 822//664 825//667
f 822//664 823//665 825//667
f 823//665 824//666 825//667
f 824//666 813//655 825//667
f 826//668 839//681 838//680
f 828//670 839//681 827//669
f 828//670 841//683 840//682
f 830//672 841//683 829//671
f 830//672 843//685 842//684
f 832//674 843//685 831//673
f 833//675 844//686 832//674
f 833//675 846//688 845//687
f 834//676 847//689 846//688
f 835//677 848//690 847//689
f 836//678 849//691 848//690
f 837//679 838//680 849//691
f 838//680 851//693 850//692
f 839//681 852//694 851//693
f 840//682 853//695 852//694
f 841//683 854//696 853//695
f 842//684 855//697 854//696
f 844//686 855//697 843//685
f 845//687 856//698 844//686
f 846//688 857//699 845//687
f 847//689 858//700 846//688
f 848//690 859//701 847//689
f 849//691 860//702 848//690
f 849//691 850//692 861//703
f 851//693 862//704 850//692
f 852//694 863//705 851//693
f 853//695 864//706 852//694
f 853//695 866//708 865//707
f 855//697 866//708 854//696
f 856//698 867//709 855//697
f 856//698 869//711 868//710
f 857//699 870//712 869//711
f 859//701 870//712 858//700
f 859//701 872//714 871//713
f 861//703 872//714 860//702
f 861//703 862//704 873//715
f 863//705 874//716 862//704
f 864//706 875//717 863//705
f 865//707 876//718 864//706
f 866//708 877//719 865//707
f 867//709 878//720 866//708
f 867//709 880//722 879//721
f 868//710 881//723 880//722
f 869//711 882//724 881//723
f 870//712 883//725 882//724
f 871//713 884//726 883//725
f 872//714 885//727 884//726
f 862//704 885//727 873//715
f 874//716 875//717 886//728
f 875//717 876//718 886//728
f 876//718 877//719 886//728
f 877//719 878//720 886//728
f 878//720 879//721 886//728
f 879//721 880//722 886//728
f 880//722 881//723 886//728
f 881//723 882//724 886//728
f 882//724 883//725 886//728
f 883//725 884//726 886//728
f 884//726 885//727 886//728
f 885//727 874//716 886//728
f 887//729 900//742 899//741
f 888//730 901//743 900//742
f 889//731 902//744 901//743
f 890//732 903//745 902//744
f 892//734 903//745 891//733
f 893//735 904//746 892//734
f 894//736 905//747 893//735
f 895//737 906//748 894//736
f 896//738 907//749 895//737
f 897//739 908//750 896//738
f 897//739 910//752 909//751
f 898//740 899//741 910//752
f 900//742 911//753 899//741
f 901//743 912//754 900//742
f 901//743 914//756 913//755
f 902//744 915//757 914//756
f 903//745 916//758 915//757
f 904//746 917//759 916//758
f 905//747 918//760 917//759
f 906//748 919//761 918//760
f 908//750 919//761 907//749
f 909//751 920//762 908//750
f 910//752 921//763 909//751
f 899//741 922//764 910//752
f 911//753 924//766 923//765
f 913//755 924//766 912//754
f 913//755 926//768 925//767
f 915//757 926//768 914//756
f 915//757 928//770 927//769
f 916//758 929//771 928//770
f 918//760 929//771 917//759
f 918//760 931//773 930//772
f 920//762 931//773 919//761
f 920//762 933//775 932//774
f 922//764 933//775 921//763
f 922//764 923//765 934//776
f 923//765 936//778 935//777
f 925//767 936//778 924//766
f 926//768 937//779 925//767
f 927//769 938//780 926//768
f 928//770 939//781 927//769
f 929//771 940//782 928//770
f 930//772 941//783 929//771
f 930//772 943//785 942//784
f 931//773 944//786 943//785
f 932//774 945//787 944//786
f 933//775 946//788 945//787
f 934//776 935//777 946//788
f 935//777 936//778 947//789
f 936//778 937//779 947//789
f 937//779 938//780 947//789
f 938//780 939//781 947//789
f 939//781 940//782 947//789
f 940//782 941//783 947//789
f 941//783 942//784 947//789
f 942//784 943//785 947//789
f 943//785 944//786 947//789
f 944//786 945//787 947//789
f 945//787 946//788 947//789
f 946//788 935//777 947//789
f 948//790 961//803 960//802
f 949//791 962//804 961//803
f 951//793 962//804 950//792
f 951//793 964//806 963//805
f 953//795 964//806 952//794
f 953//795 966//808 965//807
f 955//797 966//808 954//796
f 955//797 968//810 967//809
f 957//799 968//810 956//798
f 958//800 969//811 957//799
f 959//801 970//812 958//800
f 948//790 971//813 959//801
f 961//803 972//814 960//802
f 962//804 973//815 961//803
f 963//805 974//816 962//804
f 964//806 975//817 963//805
f 965//807 976//818 964//806
f 965//807 978//820 977//819
f 966//808 979//821 978//820
f 967//809 980//822 979//821
f 968//810 981//823 980//822
f 969//811 982//824 981//823
f 971//813 982//824 970//812
f 960//802 983//825 971//813
f 973//815 984//826 972//814
f 974//816 985//827 973//815
f 974//816 987//829 986//828
f 976//818 987//829 975//817
f 976//818 989//831 988//830
f 978//820 989//831 977//819
f 979//821 990//832 978//820
f 979//821 992//834 991//833
f 981//823 992//834 980//822
f 981//823 994//836 993//835
f 982//824 995//837 994//836
f 972//814 995//837 983//825
f 984//826 997//839 996//838
f 985//827 998//840 997//839
f 986//828 999//841 998//840
f 987//829 1000//842 999//841
f 989//831 1000//842 988//830
f 990//832 1001//843 989//831
f 991//833 1002//844 990//832
f 992//834 1003//845 991//833
f 993//835 1004//846 992//834
f 994//836 1005//847 993//835
f 994//836 1007//849 1006//848
f 995//837 996//838 1007//849
f 996//838 997//839 1008//850
f 997//839 998//840 1008//850
f 998//840 999//841 1008//850
f 999//841 1000//842 1008//850
f 1000//842 1001//843 1008//850
f 1001//843 1002//844 1008//850
f 1002//844 1003//845 1008//850
f 1003//845 1004//846 1008//850
f 1004//846 1005//847 1008//850
f 1005//847 1006//848 1008//850
f 1006//848 1007//849 1008//850
f 1007//849 996//838 1008//850
f 1009//851 1022//864 1021//863
f 1010//852 1023//865 1022//864
f 1012//854 1023//865 1011//853
f 1013//855 1024//866 1012//854
f 1014//856 1025//867 1013//855
f 1015//857 1026//868 1014//856
f 1016//858 1027//869 1015//857
f 1017//859 1028//870 1016//858
f 1018//860 1029//871 1017//859
f 1018//860 1031//873 1030//872
f 1019//861 1032//874 1031//873
f 1020//862 1021//863 1032//874
f 1022//864 1033//875 1021//863
f 1023//865 1034//876 1022//864
f 1024//866 1035//877 1023//865
f 1025//867 1036//878 1024//866
f 1025//867 1038//880 1037//879
f 1026//868 1039//881 1038//880
f 1027//869 1040//882 1039//881
f 1028//870 1041//883 1040//882
f 1029//871 1042//884 1041//883
f 1030//872 1043//885 1042//884
f 1031//873 1044//886 1043//885
f 1021//863 1044//886 1032//874
f 1034//876 1045//887 1033//875
f 1035//877 1046//888 1034//876
f 1035//877 1048//890 1047//889
f 1036//878 1049//891 1048//890
f 1038//880 1049//891 1037//879
f 1038//880 1051//893 1050//892
f 1040//882 1051//893 1039//881
f 1040//882 1053//895 1052//894
f 1042//884 1053//895 1041//883
f 1042//884 1055//897 1054//896
f 1043//885 1056//898 1055//897
f 1044//886 1045//887 1056//898
f 1045//887 1058//900 1057//899
f 1046//888 1059//901 1058//900
f 1047//889 1060//902 1059//901
f 1048//890 1061//903 1060//902
f 1049//891 1062//904 1061//903
f 1051//893 1062//904 1050//892
f 1052//894 1063//905 1051//893
f 1053//895 1064//906 1052//894
f 1054//896 1065//907 1053//895
f 1055//897 1066//908 1054//896
f 1056//898 1067//909 1055//897
f 1056//898 1057//899 1068//910
f 1057//899 1058//900 1069//911
f 1058//900 1059//901 1069//911
f 1059//901 1060//902 1069//911
f 1060//902 1061//903 1069//911
f 1061//903 1062//904 1069//911
f 1062//904 1063//905 1069//911
f 1063//905 1064//906 1069//911
f 1064//906 1065//907 1069//911
f 1065//907 1066//908 1069//911
f 1066//908 1067//909 1069//911
f 1067//909 1068//910 1069//911
f 1068//910 1057//899 1069//911
f 1071//913 1082//924 1070//912
f 1072//914 1083//925 1071//913
f 1073//915 1084//926 1072//914
f 1074//916 1085//927 1073//915
f 1075//917 1086//928 1074//916
f 1076//918 1087//929 1075//917
f 1076//918 1089//931 1088//930
f 1077//919 1090//932 1089//931
f 1078//920 1091//933 1090//932
f 1079//921 1092//934 1091//933
f 1080//922 1093//935 1092//934
f 1081//923 1082//924 1093//935
f 1083//925 1094//936 1082//924
f 1083//925 1096//938 1095//937
f 1084//926 1097//939 1096//938
f 1085//927 1098//940 1097//939
f 1086//928 1099//941 1098//940
f 1087//929 1100//942 1099//941
f 1088//930 1101//943 1100//942
f 1089//931 1102//944 1101//943
f 1091//933 1102//944 1090//932
f 1092//934 1103//945 1091//933
f 1093//935 1104//946 1092//934
f 1082//924 1105//947 1093//935
f 1094//936 1107//949 1106//948
f 1096//938 1107//949 1095//937
f 1096//938 1109//951 1108//950
f 1098//940 1109//951 1097//939
f 1098//940 1111//953 1110//952
f 1100//942 1111//953 1099//941
f 1100//942 1113//955 1112//954
f 1102//944 1113//955 1101//943
f 1102//944 1115//957 1114//956
f 1104//946 1115//957 1103//945
f 1105//947 1116//958 1104//946
f 1105//947 1106//948 1117//959
f 1106//948 1119//961 1118//960
f 1108//950 1119//961 1107//949
f 1109//951 1120//962 1108//950
f 1110//952 1121//963 1109//951
f 1111//953 1122//964 1110//952
f 1112//954 1123//965 1111//953
f 1113//955 1124//966 1112//954
f 1114//956 1125//967 1113//955
f 1114//956 1127//969 1126//968
f 1115//957 1128//970 1127//969
f 1116//958 1129//971 1128//970
f 1117//959 1118//960 1129//971
f 1118//960 1119//961 1130//972
f 1119//961 1120//962 1130//972
f 1120//962 1121//963 1130//972
f 1121//963 1122//964 1130//972
f 1122//964 1123//965 1130//972
f 1123//965 1124//966 1130//972
f 1124//966 1125//967 1130//972
f 1125//967 1126//968 1130//972
f 1126//968 1127//969 1130//972
f 1127//969 1128//970 1130//972
f 1128//970 1129//971 1130//972
f 1129//971 1118//960 1130//972
f 1131//973 1144//986 1143//985
f 1132//974 1145//987 1144//986
f 1134//976 1145//987 1133//975
f 1135//977 1146//988 1134//976
f 1136//978 1147//989 1135//977
f 1137//979 1148//990 1136//978
f 1138//980 1149//991 1137//979
f 1139//981 1150//992 1138//980
f 1140//982 1151//993 1139//981
f 1140//982 1153//995 1152//994
f 1141//983 1154//996 1153//995
f 1142//984 1143//985 1154//996
f 1143//985 1156//998 1155//997
f 1144//986 1157//999 1156//998
f 1146//988 1157//999 1145//987
f 1147//989 1158//1000 1146//988
f 1148//990 1159//1001 1147//989
f 1149//991 1160//1002 1148//990
f 1150//992 1161//1003 1149//991
f 1150//992 1163//1005 1162//1004
f 1151//993 1164//1006 1163//1005
f 1153//995 1164//1006 1152//994
f 1153//995 1166//1008 1165//1007
f 1154//996 1155//997 1166//1008
f 1155//997 1168//1010 1167//1009
f 1157//999 1168//1010 1156//998
f 1157//999 1170//1012 1169//1011
f 1158//1000 1171//1013 1170//1012
f 1160//1002 1171//1013 1159//1001
f 1161//1003 1172//1014 1160//1002
f 1162//1004 1173//1015 1161//1003
f 1163//1005 1174//1016 1162//1004
f 1163//1005 1176//1018 1175//1017
f 1164//1006 1177//1019 1176//1018
f 1165//1007 1178//1020 1177//1019
f 1155//997 1178//1020 1166//1008
f 1168//1010 1179//1021 1167//1009
f 1169//1011 1180//1022 1168//1010
f 1169//1011 1182//1024 1181//1023
f 1170//1012 1183//1025 1182//1024
f 1171//1013 1184//1026 1183//1025
f 1172//1014 1185//1027 1184//1026
f 1173//1015 1186//1028 1185//1027
f 1174//1016 1187//1029 1186//1028
f 1175//1017 1188//1030 1187//1029
f 1176//1018 1189//1031 1188//1030
f 1178//1020 1189//1031 1177//1019
f 1167//1009 1190//1032 1178//1020
f 1179//1021 1180//1022 1191//1033
f 1180//1022 1181//1023 1191//1033
f 1181//1023 1182//1024 1191//1033
f 1182//1024 1183//1025 1191//1033
f 1183//1025 1184//1026 1191//1033
f 1184//1026 1185//1027 1191//1033
f 1185//1027 1186//1028 1191//1033
f 1186//1028 1187//1029 1191//1033
f 1187//1029 1188//1030 1191//1033
f 1188//1030 1189//1031 1191//1033
f 1189//1031 1190//1032 1191//1033
f 1190//1032 1179//1021 1191//1033
f 1193//1035 1204//1046 1192//1034
f 1194//1036 1205//1047 1193//1035
f 1195//1037 1206//1048 1194//1036
f 1196//1038 1207//1049 1195//1037
f 1196//1038 1209//1051 1208//1050
f 1197//1039 1210//1052 1209//1051
f 1198//1040 1211//1053 1210//1052
f 1199//1041 1212//1054 1211//1053
f 1200//1042 1213//1055 1212//1054
f 1201//1043 1214//1056 1213//1055
f 1202//1044 1215//1057 1214//1056
f 1192//1034 1215//1057 1203//1045
f 1205//1047 1216//1058 1204//1046
f 1205//1047 1218//1060 1217//1059
f 1206//1048 1219//1061 1218//1060
f 1207//1049 1220//1062 1219//1061
f 1208//1050 1221//1063 1220//1062
f 1209//1051 1222//1064 1221//1063
f 1211//1053 1222//1064 1210//1052
f 1212//1054 1223//1065 1211//1053
f 1213//1055 1224//1066 1212//1054
f 1214//1056 1225//1067 1213//1055
f 1215//1057 1226//1068 1214//1056
f 1204//1046 1227//1069 1215//1057
f 1216//1058 1229//1071 1228//1070
f 1218//1060 1229//1071 1217//1059
f 1218//1060 1231//1073 1230//1072
f 1219//1061 1232//1074 1231//1073
f 1220//1062 1233//1075 1232//1074
f 1221//1063 1234//1076 1233//1075
f 1223//1065 1234//1076 1222//1064
f 1223//1065 1236//1078 1235//1077
f 1225//1067 1236//1078 1224//1066
f 1226//1068 1237//1079 1225//1067
f 1227//1069 1238//1080 1226//1068
f 1216//1058 1239//1081 1227//1069
f 1228//1070 1241//1083 1240//1082
f 1230//1072 1241//1083 1229//1071
f 1231//1073 1242//1084 1230//1072
f 1232//1074 1243//1085 1231//1073
f 1233//1075 1244//1086 1232//1074
f 1234//1076 1245//1087 1233//1075
f 1234//1076 1247//1089 1246//1088
f 1235//1077 1248//1090 1247//1089
f 1236//1078 1249//1091 1248//1090
f 1237//1079 1250//1092 1249//1091
f 1238//1080 1251//1093 1250//1092
f 1239//1081 1240//1082 1251//1093
f 1240//1082 1241//1083 1252//1094
f 1241//1083 1242//1084 1252//1094
f 1242//1084 1243//1085 1252//1094
f 1243//1085 1244//1086 1252//1094
f 1244//1086 1245//1087 1252//1094
f 1245//1087 1246//1088 1252//1094
f 1246//1088 1247//1089 1252//1094
f 1247//1089 1248//1090 1252//1094
f 1248//1090 1249//1091 1252//1094
f 1249//1091 1250//1092 1252//1094
f 1250//1092 1251//1093 1252//1094
f 1251//1093 1240//1082 1252//1094
f 644//486 656//498 655//497
f 645//487 657//499 656//498
f 646//488 658//500 657//499
f 646//488 647//489 659//501
f 647//489 648//490 660//502
f 648//490 649//491 661//503
f 649//491 650//492 662//504
f 650//492 651//493 663//505
f 651//493 652//494 664//506
f 653//495 665//507 664//506
f 654//496 666//508 665//507
f 643//485 655//497 666//508
f 655//497 656//498 668//510
f 656//498 657//499 669//511
f 658//500 670//512 669//511
f 659//501 671//513 670//512
f 660//502 672//514 671//513
f 661//503 673//515 672//514
f 662//504 674//516 673//515
f 663//505 675//517 674//516
f 663//505 664//506 676//518
f 664//506 665//507 677//519
f 665//507 666//508 678//520
f 666//508 655//497 667//509
f 668//510 680//522 679//521
f 669//511 681//523 680//522
f 670//512 682//524 681//523
f 670//512 671//513 683//525
f 671//513 672//514 684//526
f 672//514 673//515 685//527
f 673//515 674//516 686//528
f 674//516 675//517 687//529
f 675//517 676//518 688//530
f 677//519 689//531 688//530
f 678//520 690//532 689//531
f 678//520 667//509 679//521
f 680//522 692//534 691//533
f 681//523 693//535 692//534
f 681//523 682//524 694//536
f 682//524 683//525 695//537
f 683//525 684//526 696//538
f 684//526 685//527 697//539
f 685//527 686//528 698//540
f 686//528 687//529 699//541
f 688//530 700//542 699//541
f 689//531 701//543 700//542
f 690//532 702//544 701//543
f 679//521 691//533 702//544
f 705//547 717//559 716//558
f 706//548 718//560 717//559
f 706//548 707//549 719//561
f 708//550 720//562 719//561
f 708//550 709//551 721//563
f 709//551 710//552 722//564
f 710//552 711//553 723//565
f 711//553 712//554 724//566
f 712//554 713//555 725//567
f 714//556 726//568 725//567
f 715//557 727//569 726//568
f 704//546 716//558 727//569
f 717//559 729//571 728//570
f 718//560 730//572 729//571
f 719//561 731//573 730//572
f 720//562 732//574 731//573
f 721//563 733//575 732//574
f 721//563 722//564 734//576
f 722//564 723//565 735//577
f 723//565 724//566 736//578
f 724//566 725//567 737//579
f 725//567 726//568 738//580
f 727//569 739//581 738//580
f 716//558 728//570 739//581
f 728//570 729//571 741//583
f 729//571 730//572 742//584
f 731//573 743//585 742//584
f 731//573 732//574 744//586
f 732//574 733//575 745//587
f 734//576 746//588 745//587
f 735//577 747//589 746//588
f 736//578 748//590 747//589
f 736//578 737//579 749//591
f 738//580 750//592 749//591
f 738//580 739//581 751//593
f 728//570 740//582 751//593
f 740//582 741//583 753//595
f 741//583 742//584 754//596
f 742//584 743//585 755//597
f 743//585 744//586 756//598
f 745//587 757//599 756//598
f 746//588 758//600 757//599
f 747//589 759//601 758//600
f 748//590 760//602 759//601
f 749//591 761//603 760//602
f 750//592 762//604 761//603
f 750//592 751//593 763//605
f 751//593 740//582 752//594
f 766//608 778//620 777//619
f 766//608 767//609 779//621
f 767//609 768//610 780//622
f 768//610 769//611 781//623
f 770//612 782//624 781//623
f 771//613 783//625 782//624
f 772//614 784//626 783//625
f 773//615 785//627 784//626
f 774//616 786//628 785//627
f 774//616 775//617 787//629
f 775//617 776//618 788//630
f 776//618 765//607 777//619
f 778//620 790//632 789//631
f 779//621 791//633 790//632
f 780//622 792//634 791//633
f 780//622 781//623 793//635
f 781//623 782//624 794//636
f 782//624 783//625 795//637
f 783//625 784//626 796//638
f 784//626 785//627 797//639
f 786//628 798//640 797//639
f 787//629 799//641 798//640
f 788//630 800//642 799//641
f 777//619 789//631 800//642
f 789//631 790//632 802//644
f 791//633 803//645 802//644
f 791//633 792//634 804//646
f 793//635 805//647 804//646
f 793//635 794//636 806//648
f 794//636 795//637 807//649
f 796//638 808//650 807//649
f 796//638 797//639 809//651
f 798//640 810//652 809//651
f 798//640 799//641 811//653
f 800//642 812//654 811//653
f 789//631 801//643 812//654
f 801//643 802//644 814//656
f 802//644 803//645 815//657
f 804//646 816//658 815//657
f 805//647 817//659 816//658
f 806//648 818//660 817//659
f 807//649 819//661 818//660
f 808//650 820//662 819//661
f 809//651 821//663 820//662
f 809//651 810//652 822//664
f 810//652 811//653 823//665
f 811//653 812//654 824//666
f 812//654 801//643 813//655
f 826//668 827//669 839//681
f 828//670 840//682 839//681
f 828//670 829//671 841//683
f 830//672 842//684 841//683
f 830//672 831//673 843//685
f 832//674 844//686 843//685
f 833//675 845//687 844//686
f 833//675 834//676 846//688
f 834//676 835//677 847//689
f 835//677 836//678 848//690
f 836//678 837//679 849//691
f 837//679 826//668 838//680
f 838//680 839//681 851//693
f 839//681 840//682 852//694
f 840//682 841//683 853//695
f 841//683 842//684 854//696
f 842//684 843//685 855//697
f 844//686 856//698 855//697
f 845//687 857//699 856//698
f 846//688 858//700 857//699
f 847//689 859//701 858//700
f 848//690 860//702 859//701
f 849//691 861//703 860//702
f 849//691 838//680 850//692
f 851//693 863//705 862//704
f 852//694 864//706 863//705
f 853//695 865//707 864//706
f 853//695 854//696 866//708
f 855//697 867//709 866//708
f 856//698 868//710 867//709
f 856//698 857//699 869//711
f 857//699 858//700 870//712
f 859//701 871//713 870//712
f 859//701 860//702 872//714
f 861//703 873//715 872//714
f 861//703 850//692 862//704
f 863//705 875//717 874//716
f 864//706 876//718 875//717
f 865//707 877//719 876//718
f 866//708 878//720 877//719
f 867//709 879//721 878//720
f 867//709 868//710 880//722
f 868//710 869//711 881//723
f 869//711 870//712 882//724
f 870//712 871//713 883//725
f 871//713 872//714 884//726
f 872//714 873//715 885//727
f 862//704 874//716 885//727
f 887//729 888//730 900//742
f 888//730 889//731 901//743
f 889//731 890//732 902//744
f 890//732 891//733 903//745
f 892//734 904//746 903//745
f 893//735 905//747 904//746
f 894//736 906//748 905//747
f 895//737 907//749 906//748
f 896//738 908//750 907//749
f 897//739 909//751 908//750
f 897//739 898//740 910//752
f 898//740 887//729 899//741
f 900//742 912//754 911//753
f 901//743 913//755 912//754
f 901//743 902//744 914//756
f 902//744 903//745 915//757
f 903//745 904//746 916//758
f 904//746 905//747 917//759
f 905//747 906//748 918//760
f 906//748 907//749 919//761
f 908//750 920//762 919//761
f 909//751 921//763 920//762
f 910//752 922//764 921//763
f 899//741 911//753 922//764
f 911//753 912//754 924//766
f 913//755 925//767 924//766
f 913//755 914//756 926//768
f 915//757 927//769 926//768
f 915//757 916//758 928//770
f 916//758 917//759 929//771
f 918//760 930//772 929//771
f 918//760 919//761 931//773
f 920//762 932//774 931//773
f 920//762 921//763 933//775
f 922//764 934//776 933//775
f 922//764 911//753 923//765
f 923//765 924//766 936//778
f 925//767 937//779 936//778
f 926//768 938//780 937//779
f 927//769 939//781 938//780
f 928//770 940//782 939//781
f 929//771 941//783 940//782
f 930//772 942//784 941//783
f 930//772 931//773 943//785
f 931//773 932//774 944//786
f 932//774 933//775 945//787
f 933//775 934//776 946//788
f 934//776 923//765 935//777
f 948//790 949//791 961//803
f 949//791 950//792 962//804
f 951//793 963//805 962//804
f 951//793 952//794 964//806
f 953//795 965//807 964//806
f 953//795 954//796 966//808
f 955//797 967//809 966//808
f 955//797 956//798 968//810
f 957//799 969//811 968//810
f 958//800 970//812 969//811
f 959//801 971//813 970//812
f 948//790 960//802 971//813
f 961//803 973//815 972//814
f 962//804 974//816 973//815
f 963//805 975//817 974//816
f 964//806 976//818 975//817
f 965//807 977//819 976//818
f 965//807 966//808 978//820
f 966//808 967//809 979//821
f 967//809 968//810 980//822
f 968//810 969//811 981//823
f 969//811 970//812 982//824
f 971//813 983//825 982//824
f 960//802 972//814 983//825
f 973//815 985//827 984//826
f 974//816 986//828 985//827
f 974//816 975//817 987//829
f 976//818 988//830 987//829
f 976//818 977//819 989//831
f 978//820 990//832 989//831
f 979//821 991//833 990//832
f 979//821 980//822 992//834
f 981//823 993//835 992//834
f 981//823 982//824 994//836
f 982//824 983//825 995//837
f 972//814 984//826 995//837
f 984//826 985//827 997//839
f 985//827 986//828 998//840
f 986//828 987//829 999//841
f 987//829 988//830 1000//842
f 989//831 1001//843 1000//842
f 990//832 1002//844 1001//843
f 991//833 1003//845 1002//844
f 992//834 1004//846 1003//845
f 993//835 1005//847 1004//846
f 994//836 1006//848 1005//847
f 994//836 995//837 1007//849
f 995//837 984//826 996//838
f 1009//851 1010//852 1022//864
f 1010//852 1011//853 1023//865
f 1012//854 1024//866 1023//865
f 1013//855 1025//867 1024//866
f 1014//856 1026//868 1025//867
f 1015//857 1027//869 1026//868
f 1016//858 1028//870 1027//869
f 1017//859 1029//871 1028//870
f 1018//860 1030//872 1029//871
f 1018//860 1019//861 1031//873
f 1019//861 1020//862 1032//874
f 1020//862 1009//851 1021//863
f 1022//864 1034//876 1033//875
f 1023//865 1035//877 1034//876
f 1024//866 1036//878 1035//877
f 1025//867 1037//879 1036//878
f 1025//867 1026//868 1038//880
f 1026//868 1027//869 1039//881
f 1027//869 1028//870 1040//882
f 1028//870 1029//871 1041//883
f 1029//871 1030//872 1042//884
f 1030//872 1031//873 1043//885
f 1031//873 1032//874 1044//886
f 1021//863 1033//875 1044//886
f 1034//876 1046//888 1045//887
f 1035//877 1047//889 1046//888
f 1035//877 1036//878 1048//890
f 1036//878 1037//879 1049//891
f 1038//880 1050//892 1049//891
f 1038//880 1039//881 1051//893
f 1040//882 1052//894 1051//893
f 1040//882 1041//883 1053//895
f 1042//884 1054//896 1053//895
f 1042//884 1043//885 1055//897
f 1043//885 1044//886 1056//898
f 1044//886 1033//875 1045//887
f 1045//887 1046//888 1058//900
f 1046//888 1047//889 1059//901
f 1047//889 1048//890 1060//902
f 1048//890 1049//891 1061//903
f 1049//891 1050//892 1062//904
f 1051//893 1063//905 1062//904
f 1052//894 1064//906 1063//905
f 1053//895 1065//907 1064//906
f 1054//896 1066//908 1065//907
f 1055//897 1067//909 1066//908
f 1056//898 1068//910 1067//909
f 1056//898 1045//887 1057//899
f 1071//913 1083//925 1082//924
f 1072//914 1084//926 1083//925
f 1073//915 1085//927 1084//926
f 1074//916 1086//928 1085//927
f 1075//917 1087//929 1086//928
f 1076//918 1088//930 1087//929
f 1076//918 1077//919 1089//931
f 1077//919 1078//920 1090//932
f 1078//920 1079//921 1091//933
f 1079//921 1080//922 1092//934
f 1080//922 1081//923 1093//935
f 1081//923 1070//912 1082//924
f 1083//925 1095//937 1094//936
f 1083//925 1084//926 1096//938
f 1084//926 1085//927 1097//939
f 1085//927 1086//928 1098//940
f 1086//928 1087//929 1099//941
f 1087//929 1088//930 1100//942
f 1088//930 1089//931 1101//943
f 1089//931 1090//932 1102//944
f 1091//933 1103//945 1102//944
f 1092//934 1104//946 1103//945
f 1093//935 1105//947 1104//946
f 1082//924 1094//936 1105//947
f 1094//936 1095//937 1107//949
f 1096//938 1108//950 1107//949
f 1096//938 1097//939 1109//951
f 1098//940 1110//952 1109//951
f 1098//940 1099//941 1111//953
f 1100//942 1112//954 1111//953
f 1100//942 1101//943 1113//955
f 1102//944 1114//956 1113//955
f 1102//944 1103//945 1115//957
f 1104//946 1116//958 1115//957
f 1105//947 1117//959 1116//958
f 1105//947 1094//936 1106//948
f 1106//948 1107//949 1119//961
f 1108//950 1120//962 1119//961
f 1109//951 1121//963 1120//962
f 1110//952 1122//964 1121//963
f 1111//953 1123//965 1122//964
f 1112//954 1124//966 1123//965
f 1113//955 1125//967 1124//966
f 1114//956 1126//968 1125//967
f 1114//956 1115//957 1127//969
f 1115//957 1116//958 1128//970
f 1116//958 1117//959 1129//971
f 1117//959 1106//948 1118//960
f 1131//973 1132//974 1144//986
f 1132//974 1133//975 1145//987
f 1134//976 1146//988 1145//987
f 1135//977 1147//989 1146//988
f 1136//978 1148//990 1147//989
f 1137//979 1149//991 1148//990
f 1138//980 1150//992 1149//991
f 1139//981 1151//993 1150//992
f 1140//982 1152//994 1151//993
f 1140//982 1141//983 1153//995
f 1141//983 1142//984 1154//996
f 1142//984 1131//973 1143//985
f 1143//985 1144//986 1156//998
f 1144//986 1145//987 1157//999
f 1146//988 1158//1000 1157//999
f 1147//989 1159//1001 1158//1000
f 1148//990 1160//1002 1159//1001
f 1149//991 1161//1003 1160//1002
f 1150//992 1162//1004 1161//1003
f 1150//992 1151//993 1163//1005
f 1151//993 1152//994 1164//1006
f 1153//995 1165//1007 1164//1006
f 1153//995 1154//996 1166//1008
f 1154//996 1143//985 1155//997
f 1155//997 1156//998 1168//1010
f 1157//999 1169//1011 1168//1010
f 1157//999 1158//1000 1170//1012
f 1158//1000 1159//1001 1171//1013
f 1160//1002 1172//1014 1171//1013
f 1161//1003 1173//1015 1172//1014
f 1162//1004 1174//1016 1173//1015
f 1163//1005 1175//1017 1174//1016
f 1163//1005 1164//1006 1176//1018
f 1164//1006 1165//1007 1177//1019
f 1165//1007 1166//1008 1178//1020
f 1155//997 1167//1009 1178//1020
f 1168//1010 1180//1022 1179//1021
f 1169//1011 1181//1023 1180//1022
f 1169//1011 1170//1012 1182//1024
f 1170//1012 1171//1013 1183//1025
f 1171//1013 1172//1014 1184//1026
f 1172//1014 1173//1015 1185//1027
f 1173//1015 1174//1016 1186//1028
f 1174//1016 1175//1017 1187//1029
f 1175//1017 1176//1018 1188//1030
f 1176//1018 1177//1019 1189//1031
f 1178//1020 1190//1032 1189//1031
f 1167//1009 1179//1021 1190//1032
f 1193//1035 1205//1047 1204//1046
f 1194//1036 1206//1048 1205//1047
f 1195//1037 1207//1049 1206//1048
f 1196//1038 1208//1050 1207//1049
f 1196//1038 1197//1039 1209//1051
f 1197//1039 1198//1040 1210//1052
f 1198//1040 1199//1041 1211//1053
f 1199//1041 1200//1042 1212//1054
f 1200//1042 1201//1043 1213//1055
f 1201//1043 1202//1044 1214//1056
f 1202//1044 1203//1045 1215//1057
f 1192//1034 1204//1046 1215//1057
f 1205//1047 1217//1059 1216//1058
f 1205//1047 1206//1048 1218//1060
f 1206//1048 1207//1049 1219//1061
f 1207//1049 1208//1050 1220//1062
f 1208//1050 1209//1051 1221//1063
f 1209//1051 1210//1052 1222//1064
f 1211//1053 1223//1065 1222//1064
f 1212//1054 1224//1066 1223//1065
f 1213//1055 1225//1067 1224//1066
f 1214//1056 1226//1068 1225//1067
f 1215//1057 1227//1069 1226//1068
f 1204//1046 1216//1058 1227//1069
f 1216//1058 1217//1059 1229//1071
f 1218//1060 1230//1072 1229//1071
f 1218//1060 1219//1061 1231//1073
f 1219//1061 1220//1062 1232//1074
f 1220//1062 1221//1063 1233//1075
f 1221//1063 1222//1064 1234//1076
f 1223//1065 1235//1077 1234//1076
f 1223//1065 1224//1066 1236//1078
f 1225//1067 1237//1079 1236//1078
f 1226//1068 1238//1080 1237//1079
f 1227//1069 1239//1081 1238//1080
f 1216//1058 1228//1070 1239//1081
f 1228//1070 1229//1071 1241//1083
f 1230//1072 1242//1084 1241//1083
f 1231//1073 1243//1085 1242//1084
f 1232//1074 1244//1086 1243//1085
f 1233//1075 1245//1087 1244//1086
f 1234//1076 1246//1088 1245//1087
f 1234//1076 1235//1077 1247//1089
f 1235//1077 1236//1078 1248//1090
f 1236//1078 1237//1079 1249//1091
f 1237//1079 1238//1080 1250//1092
f 1238//1080 1239//1081 1251//1093
f 1239//1081 1228//1070 1240//1082
